Scope,Group,MediumID,PieceIndex,LeftContact,RightContact,DirectElectrodeCharged,ActivatedByGeometry,InheritedFromSameMedium,PieceCharged,ChargeSource
UNIQUE_ONLY_LOWER_BOUND,1,A1,1,1,0,1,0,0,1,DIRECT_ELECTRODE
UNIQUE_ONLY_LOWER_BOUND,1,A1,2,0,1,1,0,0,1,DIRECT_ELECTRODE
UNIQUE_ONLY_LOWER_BOUND,1,A2,1,1,0,1,0,0,1,DIRECT_ELECTRODE
UNIQUE_ONLY_LOWER_BOUND,1,A2,2,0,1,1,0,0,1,DIRECT_ELECTRODE
UNIQUE_ONLY_LOWER_BOUND,1,A3,1,1,0,1,0,0,1,DIRECT_ELECTRODE
UNIQUE_ONLY_LOWER_BOUND,1,A3,2,0,1,1,0,0,1,DIRECT_ELECTRODE
UNIQUE_ONLY_LOWER_BOUND,1,A4,1,0,0,0,1,0,1,GEOMETRY_EDGE
UNIQUE_ONLY_LOWER_BOUND,1,A5,1,0,0,0,0,0,0,UNCHARGED
UNIQUE_ONLY_LOWER_BOUND,1,A8,1,0,1,1,0,0,1,DIRECT_ELECTRODE
UNIQUE_ONLY_LOWER_BOUND,1,A8,2,1,0,1,0,0,1,DIRECT_ELECTRODE
UNIQUE_ONLY_LOWER_BOUND,1,A9,1,0,1,1,0,0,1,DIRECT_ELECTRODE
UNIQUE_ONLY_LOWER_BOUND,1,A9,2,1,0,1,0,0,1,DIRECT_ELECTRODE
UNIQUE_ONLY_LOWER_BOUND,1,A10,1,0,1,1,0,0,1,DIRECT_ELECTRODE
UNIQUE_ONLY_LOWER_BOUND,1,A10,2,1,0,1,0,0,1,DIRECT_ELECTRODE
UNIQUE_ONLY_LOWER_BOUND,1,A12,1,0,1,1,0,0,1,DIRECT_ELECTRODE
UNIQUE_ONLY_LOWER_BOUND,1,A12,2,1,0,1,0,0,1,DIRECT_ELECTRODE
UNIQUE_ONLY_LOWER_BOUND,2,A1,1,1,0,1,0,0,1,DIRECT_ELECTRODE
UNIQUE_ONLY_LOWER_BOUND,2,A1,2,0,1,1,0,0,1,DIRECT_ELECTRODE
UNIQUE_ONLY_LOWER_BOUND,2,A2,1,1,0,1,0,0,1,DIRECT_ELECTRODE
UNIQUE_ONLY_LOWER_BOUND,2,A2,2,0,1,1,0,0,1,DIRECT_ELECTRODE
UNIQUE_ONLY_LOWER_BOUND,2,A3,1,1,0,1,0,0,1,DIRECT_ELECTRODE
UNIQUE_ONLY_LOWER_BOUND,2,A3,2,0,1,1,0,0,1,DIRECT_ELECTRODE
UNIQUE_ONLY_LOWER_BOUND,2,A4,1,1,0,1,0,0,1,DIRECT_ELECTRODE
UNIQUE_ONLY_LOWER_BOUND,2,A4,2,0,1,1,0,0,1,DIRECT_ELECTRODE
UNIQUE_ONLY_LOWER_BOUND,2,A5,1,1,0,1,0,0,1,DIRECT_ELECTRODE
UNIQUE_ONLY_LOWER_BOUND,2,A5,2,0,1,1,0,0,1,DIRECT_ELECTRODE
UNIQUE_ONLY_LOWER_BOUND,2,A6,1,1,0,1,0,0,1,DIRECT_ELECTRODE
UNIQUE_ONLY_LOWER_BOUND,2,A6,2,0,1,1,0,0,1,DIRECT_ELECTRODE
UNIQUE_ONLY_LOWER_BOUND,2,A7,1,1,0,1,0,0,1,DIRECT_ELECTRODE
UNIQUE_ONLY_LOWER_BOUND,2,A7,2,0,1,1,0,0,1,DIRECT_ELECTRODE
UNIQUE_ONLY_LOWER_BOUND,2,A8,1,1,0,1,0,0,1,DIRECT_ELECTRODE
UNIQUE_ONLY_LOWER_BOUND,2,A8,2,0,1,1,0,0,1,DIRECT_ELECTRODE
UNIQUE_ONLY_LOWER_BOUND,2,A9,1,1,0,1,0,0,1,DIRECT_ELECTRODE
UNIQUE_ONLY_LOWER_BOUND,2,A9,2,0,1,1,0,0,1,DIRECT_ELECTRODE
UNIQUE_ONLY_LOWER_BOUND,2,A10,1,1,0,1,0,0,1,DIRECT_ELECTRODE
UNIQUE_ONLY_LOWER_BOUND,2,A10,2,0,1,1,0,0,1,DIRECT_ELECTRODE
UNIQUE_ONLY_LOWER_BOUND,2,A11,1,1,0,1,0,0,1,DIRECT_ELECTRODE
UNIQUE_ONLY_LOWER_BOUND,2,A11,2,0,1,1,0,0,1,DIRECT_ELECTRODE
UNIQUE_ONLY_LOWER_BOUND,2,A12,1,0,0,0,1,0,1,GEOMETRY_EDGE
UNIQUE_ONLY_LOWER_BOUND,2,A14,1,0,0,0,1,0,1,GEOMETRY_EDGE
UNIQUE_ONLY_LOWER_BOUND,2,A16,1,0,0,0,1,0,1,GEOMETRY_EDGE
UNIQUE_ONLY_LOWER_BOUND,2,A18,1,0,0,0,0,0,0,UNCHARGED
UNIQUE_ONLY_LOWER_BOUND,2,A21,1,0,0,0,0,0,0,UNCHARGED
UNIQUE_ONLY_LOWER_BOUND,2,A24,1,0,0,0,1,0,1,GEOMETRY_EDGE
UNIQUE_ONLY_LOWER_BOUND,2,A25,1,0,0,0,0,0,0,UNCHARGED
UNIQUE_ONLY_LOWER_BOUND,2,A26,1,0,0,0,1,0,1,GEOMETRY_EDGE
UNIQUE_ONLY_LOWER_BOUND,2,A29,1,0,0,0,0,0,0,UNCHARGED
UNIQUE_ONLY_LOWER_BOUND,2,A31,1,0,0,0,0,0,0,UNCHARGED
UNIQUE_ONLY_LOWER_BOUND,2,A33,1,0,0,0,1,0,1,GEOMETRY_EDGE
UNIQUE_ONLY_LOWER_BOUND,2,A34,1,0,1,1,0,0,1,DIRECT_ELECTRODE
UNIQUE_ONLY_LOWER_BOUND,2,A34,2,1,0,1,0,0,1,DIRECT_ELECTRODE
UNIQUE_ONLY_LOWER_BOUND,2,A38,1,0,1,1,0,0,1,DIRECT_ELECTRODE
UNIQUE_ONLY_LOWER_BOUND,2,A38,2,1,0,1,0,0,1,DIRECT_ELECTRODE
UNIQUE_ONLY_LOWER_BOUND,2,A39,1,0,1,1,0,0,1,DIRECT_ELECTRODE
UNIQUE_ONLY_LOWER_BOUND,2,A39,2,1,0,1,0,0,1,DIRECT_ELECTRODE
UNIQUE_ONLY_LOWER_BOUND,2,A42,1,0,1,1,0,0,1,DIRECT_ELECTRODE
UNIQUE_ONLY_LOWER_BOUND,2,A42,2,1,0,1,0,0,1,DIRECT_ELECTRODE
UNIQUE_ONLY_LOWER_BOUND,2,A43,1,0,1,1,0,0,1,DIRECT_ELECTRODE
UNIQUE_ONLY_LOWER_BOUND,2,A43,2,1,0,1,0,0,1,DIRECT_ELECTRODE
UNIQUE_ONLY_LOWER_BOUND,2,A44,1,0,1,1,0,0,1,DIRECT_ELECTRODE
UNIQUE_ONLY_LOWER_BOUND,2,A44,2,1,0,1,0,0,1,DIRECT_ELECTRODE
UNIQUE_ONLY_LOWER_BOUND,2,A45,1,0,1,1,0,0,1,DIRECT_ELECTRODE
UNIQUE_ONLY_LOWER_BOUND,2,A45,2,1,0,1,0,0,1,DIRECT_ELECTRODE
UNIQUE_ONLY_LOWER_BOUND,2,A46,1,0,1,1,0,0,1,DIRECT_ELECTRODE
UNIQUE_ONLY_LOWER_BOUND,2,A46,2,1,0,1,0,0,1,DIRECT_ELECTRODE
UNIQUE_ONLY_LOWER_BOUND,2,A47,1,0,1,1,0,0,1,DIRECT_ELECTRODE
UNIQUE_ONLY_LOWER_BOUND,2,A47,2,1,0,1,0,0,1,DIRECT_ELECTRODE
UNIQUE_ONLY_LOWER_BOUND,2,A48,1,0,1,1,0,0,1,DIRECT_ELECTRODE
UNIQUE_ONLY_LOWER_BOUND,2,A48,2,1,0,1,0,0,1,DIRECT_ELECTRODE
UNIQUE_ONLY_LOWER_BOUND,2,A49,1,0,1,1,0,0,1,DIRECT_ELECTRODE
UNIQUE_ONLY_LOWER_BOUND,2,A49,2,1,0,1,0,0,1,DIRECT_ELECTRODE
UNIQUE_ONLY_LOWER_BOUND,3,A1,1,1,0,1,0,0,1,DIRECT_ELECTRODE
UNIQUE_ONLY_LOWER_BOUND,3,A1,2,0,1,1,0,0,1,DIRECT_ELECTRODE
UNIQUE_ONLY_LOWER_BOUND,3,A2,1,1,0,1,0,0,1,DIRECT_ELECTRODE
UNIQUE_ONLY_LOWER_BOUND,3,A2,2,0,1,1,0,0,1,DIRECT_ELECTRODE
UNIQUE_ONLY_LOWER_BOUND,3,A4,1,1,0,1,0,0,1,DIRECT_ELECTRODE
UNIQUE_ONLY_LOWER_BOUND,3,A4,2,0,1,1,0,0,1,DIRECT_ELECTRODE
UNIQUE_ONLY_LOWER_BOUND,3,A4,3,0,0,0,0,1,1,SAME_MEDIUM_INHERITANCE
UNIQUE_ONLY_LOWER_BOUND,3,A5,1,1,0,1,0,0,1,DIRECT_ELECTRODE
UNIQUE_ONLY_LOWER_BOUND,3,A5,2,0,1,1,0,0,1,DIRECT_ELECTRODE
UNIQUE_ONLY_LOWER_BOUND,3,A6,1,1,0,1,0,0,1,DIRECT_ELECTRODE
UNIQUE_ONLY_LOWER_BOUND,3,A6,2,0,1,1,0,0,1,DIRECT_ELECTRODE
UNIQUE_ONLY_LOWER_BOUND,3,A7,1,1,0,1,0,0,1,DIRECT_ELECTRODE
UNIQUE_ONLY_LOWER_BOUND,3,A7,2,0,1,1,0,0,1,DIRECT_ELECTRODE
UNIQUE_ONLY_LOWER_BOUND,3,A8,1,1,0,1,0,0,1,DIRECT_ELECTRODE
UNIQUE_ONLY_LOWER_BOUND,3,A8,2,0,1,1,0,0,1,DIRECT_ELECTRODE
UNIQUE_ONLY_LOWER_BOUND,3,A9,1,1,0,1,0,0,1,DIRECT_ELECTRODE
UNIQUE_ONLY_LOWER_BOUND,3,A9,2,0,1,1,0,0,1,DIRECT_ELECTRODE
UNIQUE_ONLY_LOWER_BOUND,3,A9,3,0,0,0,0,1,1,SAME_MEDIUM_INHERITANCE
UNIQUE_ONLY_LOWER_BOUND,3,A10,1,1,0,1,0,0,1,DIRECT_ELECTRODE
UNIQUE_ONLY_LOWER_BOUND,3,A10,2,0,1,1,0,0,1,DIRECT_ELECTRODE
UNIQUE_ONLY_LOWER_BOUND,3,A12,1,1,0,1,0,0,1,DIRECT_ELECTRODE
UNIQUE_ONLY_LOWER_BOUND,3,A12,2,0,1,1,0,0,1,DIRECT_ELECTRODE
UNIQUE_ONLY_LOWER_BOUND,3,A12,3,0,0,0,0,1,1,SAME_MEDIUM_INHERITANCE
UNIQUE_ONLY_LOWER_BOUND,3,A13,1,1,0,1,0,0,1,DIRECT_ELECTRODE
UNIQUE_ONLY_LOWER_BOUND,3,A13,2,0,1,1,0,0,1,DIRECT_ELECTRODE
UNIQUE_ONLY_LOWER_BOUND,3,A14,1,1,0,1,0,0,1,DIRECT_ELECTRODE
UNIQUE_ONLY_LOWER_BOUND,3,A14,2,0,1,1,0,0,1,DIRECT_ELECTRODE
UNIQUE_ONLY_LOWER_BOUND,3,A15,1,1,0,1,0,0,1,DIRECT_ELECTRODE
UNIQUE_ONLY_LOWER_BOUND,3,A15,2,0,1,1,0,0,1,DIRECT_ELECTRODE
UNIQUE_ONLY_LOWER_BOUND,3,A16,1,1,0,1,0,0,1,DIRECT_ELECTRODE
UNIQUE_ONLY_LOWER_BOUND,3,A16,2,0,1,1,0,0,1,DIRECT_ELECTRODE
UNIQUE_ONLY_LOWER_BOUND,3,A17,1,1,0,1,0,0,1,DIRECT_ELECTRODE
UNIQUE_ONLY_LOWER_BOUND,3,A17,2,0,1,1,0,0,1,DIRECT_ELECTRODE
UNIQUE_ONLY_LOWER_BOUND,3,A18,1,1,0,1,0,0,1,DIRECT_ELECTRODE
UNIQUE_ONLY_LOWER_BOUND,3,A18,2,0,1,1,0,0,1,DIRECT_ELECTRODE
UNIQUE_ONLY_LOWER_BOUND,3,A19,1,1,0,1,0,0,1,DIRECT_ELECTRODE
UNIQUE_ONLY_LOWER_BOUND,3,A19,2,0,1,1,0,0,1,DIRECT_ELECTRODE
UNIQUE_ONLY_LOWER_BOUND,3,A19,3,0,0,0,0,1,1,SAME_MEDIUM_INHERITANCE
UNIQUE_ONLY_LOWER_BOUND,3,A20,1,1,0,1,0,0,1,DIRECT_ELECTRODE
UNIQUE_ONLY_LOWER_BOUND,3,A20,2,0,1,1,0,0,1,DIRECT_ELECTRODE
UNIQUE_ONLY_LOWER_BOUND,3,A21,1,1,0,1,0,0,1,DIRECT_ELECTRODE
UNIQUE_ONLY_LOWER_BOUND,3,A21,2,0,1,1,0,0,1,DIRECT_ELECTRODE
UNIQUE_ONLY_LOWER_BOUND,3,A22,1,1,0,1,0,0,1,DIRECT_ELECTRODE
UNIQUE_ONLY_LOWER_BOUND,3,A22,2,0,1,1,0,0,1,DIRECT_ELECTRODE
UNIQUE_ONLY_LOWER_BOUND,3,A23,1,1,0,1,0,0,1,DIRECT_ELECTRODE
UNIQUE_ONLY_LOWER_BOUND,3,A23,2,0,1,1,0,0,1,DIRECT_ELECTRODE
UNIQUE_ONLY_LOWER_BOUND,3,A24,1,1,0,1,0,0,1,DIRECT_ELECTRODE
UNIQUE_ONLY_LOWER_BOUND,3,A24,2,0,1,1,0,0,1,DIRECT_ELECTRODE
UNIQUE_ONLY_LOWER_BOUND,3,A25,1,1,0,1,0,0,1,DIRECT_ELECTRODE
UNIQUE_ONLY_LOWER_BOUND,3,A25,2,0,1,1,0,0,1,DIRECT_ELECTRODE
UNIQUE_ONLY_LOWER_BOUND,3,A26,1,1,0,1,0,0,1,DIRECT_ELECTRODE
UNIQUE_ONLY_LOWER_BOUND,3,A26,2,0,1,1,0,0,1,DIRECT_ELECTRODE
UNIQUE_ONLY_LOWER_BOUND,3,A27,1,1,0,1,0,0,1,DIRECT_ELECTRODE
UNIQUE_ONLY_LOWER_BOUND,3,A27,2,0,1,1,0,0,1,DIRECT_ELECTRODE
UNIQUE_ONLY_LOWER_BOUND,3,A28,1,1,0,1,0,0,1,DIRECT_ELECTRODE
UNIQUE_ONLY_LOWER_BOUND,3,A28,2,0,1,1,0,0,1,DIRECT_ELECTRODE
UNIQUE_ONLY_LOWER_BOUND,3,A29,1,1,0,1,0,0,1,DIRECT_ELECTRODE
UNIQUE_ONLY_LOWER_BOUND,3,A29,2,0,1,1,0,0,1,DIRECT_ELECTRODE
UNIQUE_ONLY_LOWER_BOUND,3,A30,1,1,0,1,0,0,1,DIRECT_ELECTRODE
UNIQUE_ONLY_LOWER_BOUND,3,A30,2,0,1,1,0,0,1,DIRECT_ELECTRODE
UNIQUE_ONLY_LOWER_BOUND,3,A31,1,1,0,1,0,0,1,DIRECT_ELECTRODE
UNIQUE_ONLY_LOWER_BOUND,3,A31,2,0,1,1,0,0,1,DIRECT_ELECTRODE
UNIQUE_ONLY_LOWER_BOUND,3,A32,1,1,0,1,0,0,1,DIRECT_ELECTRODE
UNIQUE_ONLY_LOWER_BOUND,3,A32,2,0,1,1,0,0,1,DIRECT_ELECTRODE
UNIQUE_ONLY_LOWER_BOUND,3,A33,1,1,0,1,0,0,1,DIRECT_ELECTRODE
UNIQUE_ONLY_LOWER_BOUND,3,A33,2,0,1,1,0,0,1,DIRECT_ELECTRODE
UNIQUE_ONLY_LOWER_BOUND,3,A34,1,1,0,1,0,0,1,DIRECT_ELECTRODE
UNIQUE_ONLY_LOWER_BOUND,3,A34,2,0,1,1,0,0,1,DIRECT_ELECTRODE
UNIQUE_ONLY_LOWER_BOUND,3,A35,1,1,0,1,0,0,1,DIRECT_ELECTRODE
UNIQUE_ONLY_LOWER_BOUND,3,A35,2,0,1,1,0,0,1,DIRECT_ELECTRODE
UNIQUE_ONLY_LOWER_BOUND,3,A36,1,1,0,1,0,0,1,DIRECT_ELECTRODE
UNIQUE_ONLY_LOWER_BOUND,3,A36,2,0,1,1,0,0,1,DIRECT_ELECTRODE
UNIQUE_ONLY_LOWER_BOUND,3,A38,1,1,0,1,0,0,1,DIRECT_ELECTRODE
UNIQUE_ONLY_LOWER_BOUND,3,A38,2,0,1,1,0,0,1,DIRECT_ELECTRODE
UNIQUE_ONLY_LOWER_BOUND,3,A40,1,1,0,1,0,0,1,DIRECT_ELECTRODE
UNIQUE_ONLY_LOWER_BOUND,3,A40,2,0,1,1,0,0,1,DIRECT_ELECTRODE
UNIQUE_ONLY_LOWER_BOUND,3,A41,1,1,0,1,0,0,1,DIRECT_ELECTRODE
UNIQUE_ONLY_LOWER_BOUND,3,A41,2,0,1,1,0,0,1,DIRECT_ELECTRODE
UNIQUE_ONLY_LOWER_BOUND,3,A42,1,1,0,1,0,0,1,DIRECT_ELECTRODE
UNIQUE_ONLY_LOWER_BOUND,3,A42,2,0,1,1,0,0,1,DIRECT_ELECTRODE
UNIQUE_ONLY_LOWER_BOUND,3,A43,1,1,0,1,0,0,1,DIRECT_ELECTRODE
UNIQUE_ONLY_LOWER_BOUND,3,A43,2,0,1,1,0,0,1,DIRECT_ELECTRODE
UNIQUE_ONLY_LOWER_BOUND,3,A44,1,1,0,1,0,0,1,DIRECT_ELECTRODE
UNIQUE_ONLY_LOWER_BOUND,3,A44,2,0,1,1,0,0,1,DIRECT_ELECTRODE
UNIQUE_ONLY_LOWER_BOUND,3,A44,3,0,0,0,0,1,1,SAME_MEDIUM_INHERITANCE
UNIQUE_ONLY_LOWER_BOUND,3,A45,1,1,0,1,0,0,1,DIRECT_ELECTRODE
UNIQUE_ONLY_LOWER_BOUND,3,A45,2,0,1,1,0,0,1,DIRECT_ELECTRODE
UNIQUE_ONLY_LOWER_BOUND,3,A46,1,1,0,1,0,0,1,DIRECT_ELECTRODE
UNIQUE_ONLY_LOWER_BOUND,3,A46,2,0,1,1,0,0,1,DIRECT_ELECTRODE
UNIQUE_ONLY_LOWER_BOUND,3,A47,1,1,0,1,0,0,1,DIRECT_ELECTRODE
UNIQUE_ONLY_LOWER_BOUND,3,A47,2,0,1,1,0,0,1,DIRECT_ELECTRODE
UNIQUE_ONLY_LOWER_BOUND,3,A49,1,1,0,1,0,0,1,DIRECT_ELECTRODE
UNIQUE_ONLY_LOWER_BOUND,3,A49,2,0,1,1,0,0,1,DIRECT_ELECTRODE
UNIQUE_ONLY_LOWER_BOUND,3,A50,1,1,0,1,0,0,1,DIRECT_ELECTRODE
UNIQUE_ONLY_LOWER_BOUND,3,A50,2,0,1,1,0,0,1,DIRECT_ELECTRODE
UNIQUE_ONLY_LOWER_BOUND,3,A51,1,1,0,1,0,0,1,DIRECT_ELECTRODE
UNIQUE_ONLY_LOWER_BOUND,3,A51,2,0,1,1,0,0,1,DIRECT_ELECTRODE
UNIQUE_ONLY_LOWER_BOUND,3,A52,1,1,0,1,0,0,1,DIRECT_ELECTRODE
UNIQUE_ONLY_LOWER_BOUND,3,A52,2,0,1,1,0,0,1,DIRECT_ELECTRODE
UNIQUE_ONLY_LOWER_BOUND,3,A53,1,1,0,1,0,0,1,DIRECT_ELECTRODE
UNIQUE_ONLY_LOWER_BOUND,3,A53,2,0,1,1,0,0,1,DIRECT_ELECTRODE
UNIQUE_ONLY_LOWER_BOUND,3,A54,1,1,0,1,0,0,1,DIRECT_ELECTRODE
UNIQUE_ONLY_LOWER_BOUND,3,A54,2,0,1,1,0,0,1,DIRECT_ELECTRODE
UNIQUE_ONLY_LOWER_BOUND,3,A55,1,1,0,1,0,0,1,DIRECT_ELECTRODE
UNIQUE_ONLY_LOWER_BOUND,3,A55,2,0,1,1,0,0,1,DIRECT_ELECTRODE
UNIQUE_ONLY_LOWER_BOUND,3,A57,1,1,0,1,0,0,1,DIRECT_ELECTRODE
UNIQUE_ONLY_LOWER_BOUND,3,A57,2,0,1,1,0,0,1,DIRECT_ELECTRODE
UNIQUE_ONLY_LOWER_BOUND,3,A58,1,1,0,1,0,0,1,DIRECT_ELECTRODE
UNIQUE_ONLY_LOWER_BOUND,3,A58,2,0,1,1,0,0,1,DIRECT_ELECTRODE
UNIQUE_ONLY_LOWER_BOUND,3,A59,1,1,0,1,0,0,1,DIRECT_ELECTRODE
UNIQUE_ONLY_LOWER_BOUND,3,A59,2,0,1,1,0,0,1,DIRECT_ELECTRODE
UNIQUE_ONLY_LOWER_BOUND,3,A60,1,1,0,1,0,0,1,DIRECT_ELECTRODE
UNIQUE_ONLY_LOWER_BOUND,3,A60,2,0,1,1,0,0,1,DIRECT_ELECTRODE
UNIQUE_ONLY_LOWER_BOUND,3,A61,1,1,0,1,0,0,1,DIRECT_ELECTRODE
UNIQUE_ONLY_LOWER_BOUND,3,A61,2,0,1,1,0,0,1,DIRECT_ELECTRODE
UNIQUE_ONLY_LOWER_BOUND,3,A62,1,1,0,1,0,0,1,DIRECT_ELECTRODE
UNIQUE_ONLY_LOWER_BOUND,3,A62,2,0,1,1,0,0,1,DIRECT_ELECTRODE
UNIQUE_ONLY_LOWER_BOUND,3,A63,1,1,0,1,0,0,1,DIRECT_ELECTRODE
UNIQUE_ONLY_LOWER_BOUND,3,A63,2,0,1,1,0,0,1,DIRECT_ELECTRODE
UNIQUE_ONLY_LOWER_BOUND,3,A64,1,1,0,1,0,0,1,DIRECT_ELECTRODE
UNIQUE_ONLY_LOWER_BOUND,3,A64,2,0,1,1,0,0,1,DIRECT_ELECTRODE
UNIQUE_ONLY_LOWER_BOUND,3,A64,3,0,0,0,0,1,1,SAME_MEDIUM_INHERITANCE
UNIQUE_ONLY_LOWER_BOUND,3,A65,1,1,0,1,0,0,1,DIRECT_ELECTRODE
UNIQUE_ONLY_LOWER_BOUND,3,A65,2,0,1,1,0,0,1,DIRECT_ELECTRODE
UNIQUE_ONLY_LOWER_BOUND,3,A66,1,1,0,1,0,0,1,DIRECT_ELECTRODE
UNIQUE_ONLY_LOWER_BOUND,3,A66,2,0,1,1,0,0,1,DIRECT_ELECTRODE
UNIQUE_ONLY_LOWER_BOUND,3,A67,1,1,0,1,0,0,1,DIRECT_ELECTRODE
UNIQUE_ONLY_LOWER_BOUND,3,A67,2,0,1,1,0,0,1,DIRECT_ELECTRODE
UNIQUE_ONLY_LOWER_BOUND,3,A68,1,1,0,1,0,0,1,DIRECT_ELECTRODE
UNIQUE_ONLY_LOWER_BOUND,3,A68,2,0,1,1,0,0,1,DIRECT_ELECTRODE
UNIQUE_ONLY_LOWER_BOUND,3,A69,1,1,0,1,0,0,1,DIRECT_ELECTRODE
UNIQUE_ONLY_LOWER_BOUND,3,A69,2,0,1,1,0,0,1,DIRECT_ELECTRODE
UNIQUE_ONLY_LOWER_BOUND,3,A70,1,1,0,1,0,0,1,DIRECT_ELECTRODE
UNIQUE_ONLY_LOWER_BOUND,3,A70,2,0,1,1,0,0,1,DIRECT_ELECTRODE
UNIQUE_ONLY_LOWER_BOUND,3,A71,1,1,0,1,0,0,1,DIRECT_ELECTRODE
UNIQUE_ONLY_LOWER_BOUND,3,A71,2,0,1,1,0,0,1,DIRECT_ELECTRODE
UNIQUE_ONLY_LOWER_BOUND,3,A72,1,1,0,1,0,0,1,DIRECT_ELECTRODE
UNIQUE_ONLY_LOWER_BOUND,3,A72,2,0,1,1,0,0,1,DIRECT_ELECTRODE
UNIQUE_ONLY_LOWER_BOUND,3,A74,1,1,0,1,0,0,1,DIRECT_ELECTRODE
UNIQUE_ONLY_LOWER_BOUND,3,A74,2,0,1,1,0,0,1,DIRECT_ELECTRODE
UNIQUE_ONLY_LOWER_BOUND,3,A75,1,1,0,1,0,0,1,DIRECT_ELECTRODE
UNIQUE_ONLY_LOWER_BOUND,3,A75,2,0,1,1,0,0,1,DIRECT_ELECTRODE
UNIQUE_ONLY_LOWER_BOUND,3,A77,1,1,0,1,0,0,1,DIRECT_ELECTRODE
UNIQUE_ONLY_LOWER_BOUND,3,A77,2,0,1,1,0,0,1,DIRECT_ELECTRODE
UNIQUE_ONLY_LOWER_BOUND,3,A78,1,1,0,1,0,0,1,DIRECT_ELECTRODE
UNIQUE_ONLY_LOWER_BOUND,3,A78,2,0,1,1,0,0,1,DIRECT_ELECTRODE
UNIQUE_ONLY_LOWER_BOUND,3,A79,1,1,0,1,0,0,1,DIRECT_ELECTRODE
UNIQUE_ONLY_LOWER_BOUND,3,A79,2,0,1,1,0,0,1,DIRECT_ELECTRODE
UNIQUE_ONLY_LOWER_BOUND,3,A80,1,1,0,1,0,0,1,DIRECT_ELECTRODE
UNIQUE_ONLY_LOWER_BOUND,3,A80,2,0,1,1,0,0,1,DIRECT_ELECTRODE
UNIQUE_ONLY_LOWER_BOUND,3,A80,3,0,0,0,0,1,1,SAME_MEDIUM_INHERITANCE
UNIQUE_ONLY_LOWER_BOUND,3,A82,1,1,0,1,0,0,1,DIRECT_ELECTRODE
UNIQUE_ONLY_LOWER_BOUND,3,A82,2,0,1,1,0,0,1,DIRECT_ELECTRODE
UNIQUE_ONLY_LOWER_BOUND,3,A83,1,1,0,1,0,0,1,DIRECT_ELECTRODE
UNIQUE_ONLY_LOWER_BOUND,3,A83,2,0,1,1,0,0,1,DIRECT_ELECTRODE
UNIQUE_ONLY_LOWER_BOUND,3,A84,1,1,0,1,0,0,1,DIRECT_ELECTRODE
UNIQUE_ONLY_LOWER_BOUND,3,A84,2,0,1,1,0,0,1,DIRECT_ELECTRODE
UNIQUE_ONLY_LOWER_BOUND,3,A86,1,1,0,1,0,0,1,DIRECT_ELECTRODE
UNIQUE_ONLY_LOWER_BOUND,3,A86,2,0,1,1,0,0,1,DIRECT_ELECTRODE
UNIQUE_ONLY_LOWER_BOUND,3,A86,3,0,0,0,0,1,1,SAME_MEDIUM_INHERITANCE
UNIQUE_ONLY_LOWER_BOUND,3,A87,1,1,0,1,0,0,1,DIRECT_ELECTRODE
UNIQUE_ONLY_LOWER_BOUND,3,A87,2,0,1,1,0,0,1,DIRECT_ELECTRODE
UNIQUE_ONLY_LOWER_BOUND,3,A87,3,0,0,0,0,1,1,SAME_MEDIUM_INHERITANCE
UNIQUE_ONLY_LOWER_BOUND,3,A89,1,1,0,1,0,0,1,DIRECT_ELECTRODE
UNIQUE_ONLY_LOWER_BOUND,3,A89,2,0,1,1,0,0,1,DIRECT_ELECTRODE
UNIQUE_ONLY_LOWER_BOUND,3,A89,3,0,0,0,0,1,1,SAME_MEDIUM_INHERITANCE
UNIQUE_ONLY_LOWER_BOUND,3,A90,1,1,0,1,0,0,1,DIRECT_ELECTRODE
UNIQUE_ONLY_LOWER_BOUND,3,A90,2,0,1,1,0,0,1,DIRECT_ELECTRODE
UNIQUE_ONLY_LOWER_BOUND,3,A92,1,1,0,1,0,0,1,DIRECT_ELECTRODE
UNIQUE_ONLY_LOWER_BOUND,3,A92,2,0,0,0,0,1,1,SAME_MEDIUM_INHERITANCE
UNIQUE_ONLY_LOWER_BOUND,3,A93,1,0,0,0,0,0,0,UNCHARGED
UNIQUE_ONLY_LOWER_BOUND,3,A94,1,0,0,0,1,0,1,GEOMETRY_EDGE
UNIQUE_ONLY_LOWER_BOUND,3,A95,1,0,0,0,0,0,0,UNCHARGED
UNIQUE_ONLY_LOWER_BOUND,3,A96,1,0,0,0,1,0,1,GEOMETRY_EDGE
UNIQUE_ONLY_LOWER_BOUND,3,A96,2,0,0,0,0,1,1,SAME_MEDIUM_INHERITANCE
UNIQUE_ONLY_LOWER_BOUND,3,A97,1,0,0,0,1,0,1,GEOMETRY_EDGE
UNIQUE_ONLY_LOWER_BOUND,3,A98,1,0,0,0,0,0,0,UNCHARGED
UNIQUE_ONLY_LOWER_BOUND,3,A99,1,0,0,0,0,1,1,SAME_MEDIUM_INHERITANCE
UNIQUE_ONLY_LOWER_BOUND,3,A99,2,1,0,1,0,0,1,DIRECT_ELECTRODE
UNIQUE_ONLY_LOWER_BOUND,3,A99,3,0,1,1,0,0,1,DIRECT_ELECTRODE
UNIQUE_ONLY_LOWER_BOUND,3,A100,1,0,0,0,1,0,1,GEOMETRY_EDGE
UNIQUE_ONLY_LOWER_BOUND,3,A101,1,0,0,0,0,0,0,UNCHARGED
UNIQUE_ONLY_LOWER_BOUND,3,A102,1,0,0,0,0,1,1,SAME_MEDIUM_INHERITANCE
UNIQUE_ONLY_LOWER_BOUND,3,A102,2,1,0,1,0,0,1,DIRECT_ELECTRODE
UNIQUE_ONLY_LOWER_BOUND,3,A102,3,0,1,1,0,0,1,DIRECT_ELECTRODE
UNIQUE_ONLY_LOWER_BOUND,3,A103,1,0,0,0,1,0,1,GEOMETRY_EDGE
UNIQUE_ONLY_LOWER_BOUND,3,A104,1,0,0,0,0,1,1,SAME_MEDIUM_INHERITANCE
UNIQUE_ONLY_LOWER_BOUND,3,A104,2,0,0,0,1,0,1,GEOMETRY_EDGE
UNIQUE_ONLY_LOWER_BOUND,3,A105,1,0,0,0,1,0,1,GEOMETRY_EDGE
UNIQUE_ONLY_LOWER_BOUND,3,A105,2,0,0,0,0,1,1,SAME_MEDIUM_INHERITANCE
UNIQUE_ONLY_LOWER_BOUND,3,A106,1,0,0,0,1,0,1,GEOMETRY_EDGE
UNIQUE_ONLY_LOWER_BOUND,3,A107,1,0,0,0,1,0,1,GEOMETRY_EDGE
UNIQUE_ONLY_LOWER_BOUND,3,A108,1,0,0,0,1,0,1,GEOMETRY_EDGE
UNIQUE_ONLY_LOWER_BOUND,3,A109,1,0,0,0,0,0,0,UNCHARGED
UNIQUE_ONLY_LOWER_BOUND,3,A109,2,0,0,0,0,0,0,UNCHARGED
UNIQUE_ONLY_LOWER_BOUND,3,A110,1,0,0,0,0,1,1,SAME_MEDIUM_INHERITANCE
UNIQUE_ONLY_LOWER_BOUND,3,A110,2,1,0,1,0,0,1,DIRECT_ELECTRODE
UNIQUE_ONLY_LOWER_BOUND,3,A110,3,0,1,1,0,0,1,DIRECT_ELECTRODE
UNIQUE_ONLY_LOWER_BOUND,3,A111,1,0,0,0,0,0,0,UNCHARGED
UNIQUE_ONLY_LOWER_BOUND,3,A112,1,0,0,0,0,1,1,SAME_MEDIUM_INHERITANCE
UNIQUE_ONLY_LOWER_BOUND,3,A112,2,0,0,0,1,0,1,GEOMETRY_EDGE
UNIQUE_ONLY_LOWER_BOUND,3,A113,1,0,0,0,0,0,0,UNCHARGED
UNIQUE_ONLY_LOWER_BOUND,3,A114,1,0,0,0,1,0,1,GEOMETRY_EDGE
UNIQUE_ONLY_LOWER_BOUND,3,A115,1,0,0,0,1,0,1,GEOMETRY_EDGE
UNIQUE_ONLY_LOWER_BOUND,3,A116,1,0,0,0,0,0,0,UNCHARGED
UNIQUE_ONLY_LOWER_BOUND,3,A117,1,0,0,0,1,0,1,GEOMETRY_EDGE
UNIQUE_ONLY_LOWER_BOUND,3,A118,1,0,0,0,1,0,1,GEOMETRY_EDGE
UNIQUE_ONLY_LOWER_BOUND,3,A118,2,0,0,0,0,1,1,SAME_MEDIUM_INHERITANCE
UNIQUE_ONLY_LOWER_BOUND,3,A119,1,0,0,0,1,0,1,GEOMETRY_EDGE
UNIQUE_ONLY_LOWER_BOUND,3,A120,1,0,0,0,0,0,0,UNCHARGED
UNIQUE_ONLY_LOWER_BOUND,3,A121,1,0,0,0,0,1,1,SAME_MEDIUM_INHERITANCE
UNIQUE_ONLY_LOWER_BOUND,3,A121,2,0,0,0,1,0,1,GEOMETRY_EDGE
UNIQUE_ONLY_LOWER_BOUND,3,A122,1,0,0,0,1,0,1,GEOMETRY_EDGE
UNIQUE_ONLY_LOWER_BOUND,3,A123,1,0,0,0,1,0,1,GEOMETRY_EDGE
UNIQUE_ONLY_LOWER_BOUND,3,A123,2,0,0,0,0,1,1,SAME_MEDIUM_INHERITANCE
UNIQUE_ONLY_LOWER_BOUND,3,A123,3,0,0,0,0,1,1,SAME_MEDIUM_INHERITANCE
UNIQUE_ONLY_LOWER_BOUND,3,A124,1,0,0,0,0,1,1,SAME_MEDIUM_INHERITANCE
UNIQUE_ONLY_LOWER_BOUND,3,A124,2,1,0,1,0,0,1,DIRECT_ELECTRODE
UNIQUE_ONLY_LOWER_BOUND,3,A124,3,0,1,1,0,0,1,DIRECT_ELECTRODE
UNIQUE_ONLY_LOWER_BOUND,3,A125,1,0,0,0,0,0,0,UNCHARGED
UNIQUE_ONLY_LOWER_BOUND,3,A126,1,0,0,0,0,0,0,UNCHARGED
UNIQUE_ONLY_LOWER_BOUND,3,A127,1,0,0,0,0,1,1,SAME_MEDIUM_INHERITANCE
UNIQUE_ONLY_LOWER_BOUND,3,A127,2,0,0,0,1,0,1,GEOMETRY_EDGE
UNIQUE_ONLY_LOWER_BOUND,3,A128,1,0,0,0,1,0,1,GEOMETRY_EDGE
UNIQUE_ONLY_LOWER_BOUND,3,A130,1,0,0,0,0,1,1,SAME_MEDIUM_INHERITANCE
UNIQUE_ONLY_LOWER_BOUND,3,A130,2,0,0,0,0,1,1,SAME_MEDIUM_INHERITANCE
UNIQUE_ONLY_LOWER_BOUND,3,A130,3,0,0,0,1,0,1,GEOMETRY_EDGE
UNIQUE_ONLY_LOWER_BOUND,3,A131,1,0,0,0,1,0,1,GEOMETRY_EDGE
UNIQUE_ONLY_LOWER_BOUND,3,A132,1,0,0,0,1,0,1,GEOMETRY_EDGE
UNIQUE_ONLY_LOWER_BOUND,3,A132,2,0,0,0,0,1,1,SAME_MEDIUM_INHERITANCE
UNIQUE_ONLY_LOWER_BOUND,3,A133,1,0,0,0,0,1,1,SAME_MEDIUM_INHERITANCE
UNIQUE_ONLY_LOWER_BOUND,3,A133,2,1,0,1,0,0,1,DIRECT_ELECTRODE
UNIQUE_ONLY_LOWER_BOUND,3,A133,3,0,1,1,0,0,1,DIRECT_ELECTRODE
UNIQUE_ONLY_LOWER_BOUND,3,A134,1,0,0,0,0,1,1,SAME_MEDIUM_INHERITANCE
UNIQUE_ONLY_LOWER_BOUND,3,A134,2,1,0,1,0,0,1,DIRECT_ELECTRODE
UNIQUE_ONLY_LOWER_BOUND,3,A134,3,0,1,1,0,0,1,DIRECT_ELECTRODE
UNIQUE_ONLY_LOWER_BOUND,3,A134,4,0,0,0,0,1,1,SAME_MEDIUM_INHERITANCE
UNIQUE_ONLY_LOWER_BOUND,3,A135,1,0,0,0,1,0,1,GEOMETRY_EDGE
UNIQUE_ONLY_LOWER_BOUND,3,A135,2,0,0,0,0,1,1,SAME_MEDIUM_INHERITANCE
UNIQUE_ONLY_LOWER_BOUND,3,A136,1,0,0,0,0,0,0,UNCHARGED
UNIQUE_ONLY_LOWER_BOUND,3,A137,1,0,0,0,0,0,0,UNCHARGED
UNIQUE_ONLY_LOWER_BOUND,3,A138,1,0,0,0,1,0,1,GEOMETRY_EDGE
UNIQUE_ONLY_LOWER_BOUND,3,A138,2,0,0,0,0,1,1,SAME_MEDIUM_INHERITANCE
UNIQUE_ONLY_LOWER_BOUND,3,A139,1,0,0,0,0,1,1,SAME_MEDIUM_INHERITANCE
UNIQUE_ONLY_LOWER_BOUND,3,A139,2,1,0,1,0,0,1,DIRECT_ELECTRODE
UNIQUE_ONLY_LOWER_BOUND,3,A139,3,0,1,1,0,0,1,DIRECT_ELECTRODE
UNIQUE_ONLY_LOWER_BOUND,3,A140,1,0,0,0,0,1,1,SAME_MEDIUM_INHERITANCE
UNIQUE_ONLY_LOWER_BOUND,3,A140,2,1,0,1,0,0,1,DIRECT_ELECTRODE
UNIQUE_ONLY_LOWER_BOUND,3,A141,1,0,0,0,0,0,0,UNCHARGED
UNIQUE_ONLY_LOWER_BOUND,3,A142,1,0,0,0,0,1,1,SAME_MEDIUM_INHERITANCE
UNIQUE_ONLY_LOWER_BOUND,3,A142,2,1,0,1,0,0,1,DIRECT_ELECTRODE
UNIQUE_ONLY_LOWER_BOUND,3,A142,3,0,1,1,0,0,1,DIRECT_ELECTRODE
UNIQUE_ONLY_LOWER_BOUND,3,A143,1,0,0,0,1,0,1,GEOMETRY_EDGE
UNIQUE_ONLY_LOWER_BOUND,3,A143,2,0,0,0,0,1,1,SAME_MEDIUM_INHERITANCE
UNIQUE_ONLY_LOWER_BOUND,3,A144,1,0,0,0,0,0,0,UNCHARGED
UNIQUE_ONLY_LOWER_BOUND,3,A145,1,0,0,0,0,0,0,UNCHARGED
UNIQUE_ONLY_LOWER_BOUND,3,A145,2,0,0,0,0,0,0,UNCHARGED
UNIQUE_ONLY_LOWER_BOUND,3,A146,1,0,0,0,0,1,1,SAME_MEDIUM_INHERITANCE
UNIQUE_ONLY_LOWER_BOUND,3,A146,2,1,0,1,0,0,1,DIRECT_ELECTRODE
UNIQUE_ONLY_LOWER_BOUND,3,A146,3,0,1,1,0,0,1,DIRECT_ELECTRODE
UNIQUE_ONLY_LOWER_BOUND,3,A147,1,0,0,0,0,0,0,UNCHARGED
UNIQUE_ONLY_LOWER_BOUND,3,A147,2,0,0,0,0,0,0,UNCHARGED
UNIQUE_ONLY_LOWER_BOUND,3,A148,1,0,0,0,0,1,1,SAME_MEDIUM_INHERITANCE
UNIQUE_ONLY_LOWER_BOUND,3,A148,2,0,0,0,1,0,1,GEOMETRY_EDGE
UNIQUE_ONLY_LOWER_BOUND,3,A149,1,0,0,0,0,0,0,UNCHARGED
UNIQUE_ONLY_LOWER_BOUND,3,A150,1,0,0,0,0,1,1,SAME_MEDIUM_INHERITANCE
UNIQUE_ONLY_LOWER_BOUND,3,A150,2,0,0,0,1,0,1,GEOMETRY_EDGE
UNIQUE_ONLY_LOWER_BOUND,3,A151,1,0,0,0,0,0,0,UNCHARGED
UNIQUE_ONLY_LOWER_BOUND,3,A152,1,0,0,0,0,0,0,UNCHARGED
UNIQUE_ONLY_LOWER_BOUND,3,A152,2,0,0,0,0,0,0,UNCHARGED
UNIQUE_ONLY_LOWER_BOUND,3,A153,1,0,0,0,0,0,0,UNCHARGED
UNIQUE_ONLY_LOWER_BOUND,3,A153,2,0,0,0,0,0,0,UNCHARGED
UNIQUE_ONLY_LOWER_BOUND,3,A154,1,0,0,0,1,0,1,GEOMETRY_EDGE
UNIQUE_ONLY_LOWER_BOUND,3,A155,1,0,0,0,1,0,1,GEOMETRY_EDGE
UNIQUE_ONLY_LOWER_BOUND,3,A156,1,0,0,0,1,0,1,GEOMETRY_EDGE
UNIQUE_ONLY_LOWER_BOUND,3,A156,2,0,0,0,0,1,1,SAME_MEDIUM_INHERITANCE
UNIQUE_ONLY_LOWER_BOUND,3,A157,1,0,0,0,1,0,1,GEOMETRY_EDGE
UNIQUE_ONLY_LOWER_BOUND,3,A158,1,0,0,0,1,0,1,GEOMETRY_EDGE
UNIQUE_ONLY_LOWER_BOUND,3,A158,2,0,0,0,0,1,1,SAME_MEDIUM_INHERITANCE
UNIQUE_ONLY_LOWER_BOUND,3,A159,1,0,0,0,1,0,1,GEOMETRY_EDGE
UNIQUE_ONLY_LOWER_BOUND,3,A159,2,0,0,0,0,1,1,SAME_MEDIUM_INHERITANCE
UNIQUE_ONLY_LOWER_BOUND,3,A160,1,0,0,0,1,0,1,GEOMETRY_EDGE
UNIQUE_ONLY_LOWER_BOUND,3,A161,1,0,0,0,1,0,1,GEOMETRY_EDGE
UNIQUE_ONLY_LOWER_BOUND,3,A161,2,0,0,0,0,1,1,SAME_MEDIUM_INHERITANCE
UNIQUE_ONLY_LOWER_BOUND,3,A162,1,0,0,0,0,0,0,UNCHARGED
UNIQUE_ONLY_LOWER_BOUND,3,A162,2,0,0,0,0,0,0,UNCHARGED
UNIQUE_ONLY_LOWER_BOUND,3,A163,1,0,0,0,0,1,1,SAME_MEDIUM_INHERITANCE
UNIQUE_ONLY_LOWER_BOUND,3,A163,2,0,0,0,1,0,1,GEOMETRY_EDGE
UNIQUE_ONLY_LOWER_BOUND,3,A164,1,0,0,0,1,0,1,GEOMETRY_EDGE
UNIQUE_ONLY_LOWER_BOUND,3,A165,1,0,0,0,1,0,1,GEOMETRY_EDGE
UNIQUE_ONLY_LOWER_BOUND,3,A165,2,0,0,0,0,1,1,SAME_MEDIUM_INHERITANCE
UNIQUE_ONLY_LOWER_BOUND,3,A166,1,0,0,0,0,0,0,UNCHARGED
UNIQUE_ONLY_LOWER_BOUND,3,A166,2,0,0,0,0,0,0,UNCHARGED
UNIQUE_ONLY_LOWER_BOUND,3,A167,1,0,0,0,0,0,0,UNCHARGED
UNIQUE_ONLY_LOWER_BOUND,3,A167,2,0,0,0,0,0,0,UNCHARGED
UNIQUE_ONLY_LOWER_BOUND,3,A168,1,0,0,0,0,0,0,UNCHARGED
UNIQUE_ONLY_LOWER_BOUND,3,A168,2,0,0,0,0,0,0,UNCHARGED
UNIQUE_ONLY_LOWER_BOUND,3,A169,1,0,0,0,0,1,1,SAME_MEDIUM_INHERITANCE
UNIQUE_ONLY_LOWER_BOUND,3,A169,2,1,0,1,0,0,1,DIRECT_ELECTRODE
UNIQUE_ONLY_LOWER_BOUND,3,A169,3,0,1,1,0,0,1,DIRECT_ELECTRODE
UNIQUE_ONLY_LOWER_BOUND,3,A170,1,0,0,0,0,0,0,UNCHARGED
UNIQUE_ONLY_LOWER_BOUND,3,A171,1,0,0,0,0,0,0,UNCHARGED
UNIQUE_ONLY_LOWER_BOUND,3,A172,1,0,0,0,1,0,1,GEOMETRY_EDGE
UNIQUE_ONLY_LOWER_BOUND,3,A173,1,0,0,0,0,0,0,UNCHARGED
UNIQUE_ONLY_LOWER_BOUND,3,A173,2,0,0,0,0,0,0,UNCHARGED
UNIQUE_ONLY_LOWER_BOUND,3,A174,1,0,0,0,1,0,1,GEOMETRY_EDGE
UNIQUE_ONLY_LOWER_BOUND,3,A174,2,0,0,0,0,1,1,SAME_MEDIUM_INHERITANCE
UNIQUE_ONLY_LOWER_BOUND,3,A175,1,0,0,0,0,0,0,UNCHARGED
UNIQUE_ONLY_LOWER_BOUND,3,A176,1,0,0,0,0,0,0,UNCHARGED
UNIQUE_ONLY_LOWER_BOUND,3,A177,1,0,0,0,1,0,1,GEOMETRY_EDGE
UNIQUE_ONLY_LOWER_BOUND,3,A177,2,0,0,0,0,1,1,SAME_MEDIUM_INHERITANCE
UNIQUE_ONLY_LOWER_BOUND,3,A178,1,0,0,0,0,1,1,SAME_MEDIUM_INHERITANCE
UNIQUE_ONLY_LOWER_BOUND,3,A178,2,0,0,0,0,1,1,SAME_MEDIUM_INHERITANCE
UNIQUE_ONLY_LOWER_BOUND,3,A178,3,1,0,1,0,0,1,DIRECT_ELECTRODE
UNIQUE_ONLY_LOWER_BOUND,3,A178,4,0,1,1,0,0,1,DIRECT_ELECTRODE
UNIQUE_ONLY_LOWER_BOUND,3,A179,1,0,0,0,0,0,0,UNCHARGED
UNIQUE_ONLY_LOWER_BOUND,3,A179,2,0,0,0,0,0,0,UNCHARGED
UNIQUE_ONLY_LOWER_BOUND,3,A180,1,0,0,0,0,0,0,UNCHARGED
UNIQUE_ONLY_LOWER_BOUND,3,A181,1,0,0,0,1,0,1,GEOMETRY_EDGE
UNIQUE_ONLY_LOWER_BOUND,3,A182,1,0,0,0,0,0,0,UNCHARGED
UNIQUE_ONLY_LOWER_BOUND,3,A182,2,0,0,0,0,0,0,UNCHARGED
UNIQUE_ONLY_LOWER_BOUND,3,A183,1,0,0,0,1,0,1,GEOMETRY_EDGE
UNIQUE_ONLY_LOWER_BOUND,3,A184,1,0,0,0,1,0,1,GEOMETRY_EDGE
UNIQUE_ONLY_LOWER_BOUND,3,A185,1,0,0,0,0,1,1,SAME_MEDIUM_INHERITANCE
UNIQUE_ONLY_LOWER_BOUND,3,A185,2,0,0,0,1,0,1,GEOMETRY_EDGE
UNIQUE_ONLY_LOWER_BOUND,3,A186,1,0,0,0,0,0,0,UNCHARGED
UNIQUE_ONLY_LOWER_BOUND,3,A187,1,0,0,0,0,1,1,SAME_MEDIUM_INHERITANCE
UNIQUE_ONLY_LOWER_BOUND,3,A187,2,0,0,0,1,0,1,GEOMETRY_EDGE
UNIQUE_ONLY_LOWER_BOUND,3,A188,1,0,0,0,1,0,1,GEOMETRY_EDGE
UNIQUE_ONLY_LOWER_BOUND,3,A188,2,0,0,0,0,1,1,SAME_MEDIUM_INHERITANCE
UNIQUE_ONLY_LOWER_BOUND,3,A189,1,0,0,0,0,0,0,UNCHARGED
UNIQUE_ONLY_LOWER_BOUND,3,A189,2,0,0,0,0,0,0,UNCHARGED
UNIQUE_ONLY_LOWER_BOUND,3,A190,1,0,0,0,1,0,1,GEOMETRY_EDGE
UNIQUE_ONLY_LOWER_BOUND,3,A191,1,0,0,0,0,0,0,UNCHARGED
UNIQUE_ONLY_LOWER_BOUND,3,A192,1,0,0,0,0,0,0,UNCHARGED
UNIQUE_ONLY_LOWER_BOUND,3,A192,2,0,0,0,0,0,0,UNCHARGED
UNIQUE_ONLY_LOWER_BOUND,3,A193,1,0,0,0,0,0,0,UNCHARGED
UNIQUE_ONLY_LOWER_BOUND,3,A194,1,0,0,0,0,0,0,UNCHARGED
UNIQUE_ONLY_LOWER_BOUND,3,A195,1,0,0,0,1,0,1,GEOMETRY_EDGE
UNIQUE_ONLY_LOWER_BOUND,3,A195,2,0,0,0,0,1,1,SAME_MEDIUM_INHERITANCE
UNIQUE_ONLY_LOWER_BOUND,3,A196,1,0,0,0,0,0,0,UNCHARGED
UNIQUE_ONLY_LOWER_BOUND,3,A196,2,0,0,0,0,0,0,UNCHARGED
UNIQUE_ONLY_LOWER_BOUND,3,A197,1,0,0,0,0,1,1,SAME_MEDIUM_INHERITANCE
UNIQUE_ONLY_LOWER_BOUND,3,A197,2,0,0,0,1,0,1,GEOMETRY_EDGE
UNIQUE_ONLY_LOWER_BOUND,3,A197,3,0,0,0,0,1,1,SAME_MEDIUM_INHERITANCE
UNIQUE_ONLY_LOWER_BOUND,3,A198,1,0,0,0,0,0,0,UNCHARGED
UNIQUE_ONLY_LOWER_BOUND,3,A198,2,0,0,0,0,0,0,UNCHARGED
UNIQUE_ONLY_LOWER_BOUND,3,A200,1,0,0,0,0,1,1,SAME_MEDIUM_INHERITANCE
UNIQUE_ONLY_LOWER_BOUND,3,A200,2,0,0,0,1,0,1,GEOMETRY_EDGE
UNIQUE_ONLY_LOWER_BOUND,3,A200,3,0,0,0,0,1,1,SAME_MEDIUM_INHERITANCE
UNIQUE_ONLY_LOWER_BOUND,3,A201,1,0,0,0,0,0,0,UNCHARGED
UNIQUE_ONLY_LOWER_BOUND,3,A201,2,0,0,0,0,0,0,UNCHARGED
UNIQUE_ONLY_LOWER_BOUND,3,A201,3,0,0,0,0,0,0,UNCHARGED
UNIQUE_ONLY_LOWER_BOUND,3,A202,1,0,0,0,0,0,0,UNCHARGED
UNIQUE_ONLY_LOWER_BOUND,3,A203,1,0,0,0,1,0,1,GEOMETRY_EDGE
UNIQUE_ONLY_LOWER_BOUND,3,A204,1,0,0,0,0,0,0,UNCHARGED
UNIQUE_ONLY_LOWER_BOUND,3,A204,2,0,0,0,0,0,0,UNCHARGED
UNIQUE_ONLY_LOWER_BOUND,3,A205,1,0,0,0,1,0,1,GEOMETRY_EDGE
UNIQUE_ONLY_LOWER_BOUND,3,A206,1,0,0,0,0,0,0,UNCHARGED
UNIQUE_ONLY_LOWER_BOUND,3,A207,1,0,0,0,1,0,1,GEOMETRY_EDGE
UNIQUE_ONLY_LOWER_BOUND,3,A207,2,0,0,0,0,1,1,SAME_MEDIUM_INHERITANCE
UNIQUE_ONLY_LOWER_BOUND,3,A208,1,0,0,0,0,1,1,SAME_MEDIUM_INHERITANCE
UNIQUE_ONLY_LOWER_BOUND,3,A208,2,0,0,0,0,1,1,SAME_MEDIUM_INHERITANCE
UNIQUE_ONLY_LOWER_BOUND,3,A208,3,0,0,0,1,0,1,GEOMETRY_EDGE
UNIQUE_ONLY_LOWER_BOUND,3,A209,1,0,0,0,0,1,1,SAME_MEDIUM_INHERITANCE
UNIQUE_ONLY_LOWER_BOUND,3,A209,2,1,0,1,0,0,1,DIRECT_ELECTRODE
UNIQUE_ONLY_LOWER_BOUND,3,A209,3,0,1,1,0,0,1,DIRECT_ELECTRODE
UNIQUE_ONLY_LOWER_BOUND,3,A210,1,0,0,0,0,0,0,UNCHARGED
UNIQUE_ONLY_LOWER_BOUND,3,A210,2,0,0,0,0,0,0,UNCHARGED
UNIQUE_ONLY_LOWER_BOUND,3,A211,1,0,0,0,1,0,1,GEOMETRY_EDGE
UNIQUE_ONLY_LOWER_BOUND,3,A212,1,0,0,0,0,0,0,UNCHARGED
UNIQUE_ONLY_LOWER_BOUND,3,A212,2,0,0,0,0,0,0,UNCHARGED
UNIQUE_ONLY_LOWER_BOUND,3,A213,1,0,0,0,0,0,0,UNCHARGED
UNIQUE_ONLY_LOWER_BOUND,3,A213,2,0,0,0,0,0,0,UNCHARGED
UNIQUE_ONLY_LOWER_BOUND,3,A214,1,0,0,0,0,0,0,UNCHARGED
UNIQUE_ONLY_LOWER_BOUND,3,A215,1,0,0,0,0,1,1,SAME_MEDIUM_INHERITANCE
UNIQUE_ONLY_LOWER_BOUND,3,A215,2,0,0,0,1,0,1,GEOMETRY_EDGE
UNIQUE_ONLY_LOWER_BOUND,3,A215,3,0,0,0,0,1,1,SAME_MEDIUM_INHERITANCE
UNIQUE_ONLY_LOWER_BOUND,3,A216,1,0,0,0,1,0,1,GEOMETRY_EDGE
UNIQUE_ONLY_LOWER_BOUND,3,A217,1,0,0,0,0,0,0,UNCHARGED
UNIQUE_ONLY_LOWER_BOUND,3,A217,2,0,0,0,0,0,0,UNCHARGED
UNIQUE_ONLY_LOWER_BOUND,3,A218,1,0,0,0,0,1,1,SAME_MEDIUM_INHERITANCE
UNIQUE_ONLY_LOWER_BOUND,3,A218,2,0,0,0,1,0,1,GEOMETRY_EDGE
UNIQUE_ONLY_LOWER_BOUND,3,A219,1,0,0,0,0,0,0,UNCHARGED
UNIQUE_ONLY_LOWER_BOUND,3,A219,2,0,0,0,0,0,0,UNCHARGED
UNIQUE_ONLY_LOWER_BOUND,3,A220,1,0,0,0,0,0,0,UNCHARGED
UNIQUE_ONLY_LOWER_BOUND,3,A221,1,0,0,0,0,0,0,UNCHARGED
UNIQUE_ONLY_LOWER_BOUND,3,A222,1,0,0,0,0,0,0,UNCHARGED
UNIQUE_ONLY_LOWER_BOUND,3,A223,1,0,0,0,0,0,0,UNCHARGED
UNIQUE_ONLY_LOWER_BOUND,3,A224,1,0,0,0,0,0,0,UNCHARGED
UNIQUE_ONLY_LOWER_BOUND,3,A224,2,0,0,0,0,0,0,UNCHARGED
UNIQUE_ONLY_LOWER_BOUND,3,A225,1,0,0,0,0,0,0,UNCHARGED
UNIQUE_ONLY_LOWER_BOUND,3,A226,1,0,0,0,0,0,0,UNCHARGED
UNIQUE_ONLY_LOWER_BOUND,3,A226,2,0,0,0,0,0,0,UNCHARGED
UNIQUE_ONLY_LOWER_BOUND,3,A226,3,0,0,0,0,0,0,UNCHARGED
UNIQUE_ONLY_LOWER_BOUND,3,A227,1,0,0,0,1,0,1,GEOMETRY_EDGE
UNIQUE_ONLY_LOWER_BOUND,3,A227,2,0,0,0,0,1,1,SAME_MEDIUM_INHERITANCE
UNIQUE_ONLY_LOWER_BOUND,3,A228,1,0,0,0,0,0,0,UNCHARGED
UNIQUE_ONLY_LOWER_BOUND,3,A229,1,0,0,0,0,0,0,UNCHARGED
UNIQUE_ONLY_LOWER_BOUND,3,A230,1,0,0,0,0,0,0,UNCHARGED
UNIQUE_ONLY_LOWER_BOUND,3,A230,2,0,0,0,0,0,0,UNCHARGED
UNIQUE_ONLY_LOWER_BOUND,3,A231,1,0,0,0,0,0,0,UNCHARGED
UNIQUE_ONLY_LOWER_BOUND,3,A231,2,0,0,0,0,0,0,UNCHARGED
UNIQUE_ONLY_LOWER_BOUND,3,A233,1,0,0,0,1,0,1,GEOMETRY_EDGE
UNIQUE_ONLY_LOWER_BOUND,3,A235,1,0,0,0,0,0,0,UNCHARGED
UNIQUE_ONLY_LOWER_BOUND,3,A235,2,0,0,0,0,0,0,UNCHARGED
UNIQUE_ONLY_LOWER_BOUND,3,A237,1,0,0,0,1,0,1,GEOMETRY_EDGE
UNIQUE_ONLY_LOWER_BOUND,3,A237,2,0,0,0,0,1,1,SAME_MEDIUM_INHERITANCE
UNIQUE_ONLY_LOWER_BOUND,3,A237,3,0,0,0,0,1,1,SAME_MEDIUM_INHERITANCE
UNIQUE_ONLY_LOWER_BOUND,3,A238,1,0,0,0,0,0,0,UNCHARGED
UNIQUE_ONLY_LOWER_BOUND,3,A239,1,0,0,0,0,1,1,SAME_MEDIUM_INHERITANCE
UNIQUE_ONLY_LOWER_BOUND,3,A239,2,0,0,0,1,0,1,GEOMETRY_EDGE
UNIQUE_ONLY_LOWER_BOUND,3,A240,1,0,0,0,0,0,0,UNCHARGED
UNIQUE_ONLY_LOWER_BOUND,3,A241,1,0,0,0,0,0,0,UNCHARGED
UNIQUE_ONLY_LOWER_BOUND,3,A241,2,0,0,0,0,0,0,UNCHARGED
UNIQUE_ONLY_LOWER_BOUND,3,A242,1,0,0,0,0,0,0,UNCHARGED
UNIQUE_ONLY_LOWER_BOUND,3,A243,1,0,0,0,0,1,1,SAME_MEDIUM_INHERITANCE
UNIQUE_ONLY_LOWER_BOUND,3,A243,2,0,0,0,1,0,1,GEOMETRY_EDGE
UNIQUE_ONLY_LOWER_BOUND,3,A245,1,0,0,0,0,0,0,UNCHARGED
UNIQUE_ONLY_LOWER_BOUND,3,A246,1,0,0,0,0,0,0,UNCHARGED
UNIQUE_ONLY_LOWER_BOUND,3,A246,2,0,0,0,0,0,0,UNCHARGED
UNIQUE_ONLY_LOWER_BOUND,3,A247,1,0,0,0,0,0,0,UNCHARGED
UNIQUE_ONLY_LOWER_BOUND,3,A248,1,0,0,0,0,0,0,UNCHARGED
UNIQUE_ONLY_LOWER_BOUND,3,A249,1,0,0,0,1,0,1,GEOMETRY_EDGE
UNIQUE_ONLY_LOWER_BOUND,3,A249,2,0,0,0,0,1,1,SAME_MEDIUM_INHERITANCE
UNIQUE_ONLY_LOWER_BOUND,3,A250,1,0,0,0,0,0,0,UNCHARGED
UNIQUE_ONLY_LOWER_BOUND,3,A251,1,0,0,0,0,0,0,UNCHARGED
UNIQUE_ONLY_LOWER_BOUND,3,A251,2,0,0,0,0,0,0,UNCHARGED
UNIQUE_ONLY_LOWER_BOUND,3,A252,1,0,0,0,0,0,0,UNCHARGED
UNIQUE_ONLY_LOWER_BOUND,3,A252,2,0,0,0,0,0,0,UNCHARGED
UNIQUE_ONLY_LOWER_BOUND,3,A253,1,0,0,0,0,0,0,UNCHARGED
UNIQUE_ONLY_LOWER_BOUND,3,A254,1,0,0,0,0,0,0,UNCHARGED
UNIQUE_ONLY_LOWER_BOUND,3,A254,2,0,0,0,0,0,0,UNCHARGED
UNIQUE_ONLY_LOWER_BOUND,3,A255,1,0,0,0,0,0,0,UNCHARGED
UNIQUE_ONLY_LOWER_BOUND,3,A256,1,0,0,0,0,0,0,UNCHARGED
UNIQUE_ONLY_LOWER_BOUND,3,A256,2,0,0,0,0,0,0,UNCHARGED
UNIQUE_ONLY_LOWER_BOUND,3,A256,3,0,0,0,0,0,0,UNCHARGED
UNIQUE_ONLY_LOWER_BOUND,3,A257,1,0,0,0,0,0,0,UNCHARGED
UNIQUE_ONLY_LOWER_BOUND,3,A258,1,0,0,0,0,1,1,SAME_MEDIUM_INHERITANCE
UNIQUE_ONLY_LOWER_BOUND,3,A258,2,0,0,0,1,0,1,GEOMETRY_EDGE
UNIQUE_ONLY_LOWER_BOUND,3,A259,1,0,0,0,0,0,0,UNCHARGED
UNIQUE_ONLY_LOWER_BOUND,3,A260,1,0,0,0,1,0,1,GEOMETRY_EDGE
UNIQUE_ONLY_LOWER_BOUND,3,A261,1,0,0,0,0,0,0,UNCHARGED
UNIQUE_ONLY_LOWER_BOUND,3,A262,1,0,0,0,0,0,0,UNCHARGED
UNIQUE_ONLY_LOWER_BOUND,3,A263,1,0,0,0,0,0,0,UNCHARGED
UNIQUE_ONLY_LOWER_BOUND,3,A263,2,0,0,0,0,0,0,UNCHARGED
UNIQUE_ONLY_LOWER_BOUND,3,A264,1,0,0,0,1,0,1,GEOMETRY_EDGE
UNIQUE_ONLY_LOWER_BOUND,3,A265,1,0,0,0,0,0,0,UNCHARGED
UNIQUE_ONLY_LOWER_BOUND,3,A266,1,0,0,0,0,0,0,UNCHARGED
UNIQUE_ONLY_LOWER_BOUND,3,A267,1,0,0,0,0,0,0,UNCHARGED
UNIQUE_ONLY_LOWER_BOUND,3,A267,2,0,0,0,0,0,0,UNCHARGED
UNIQUE_ONLY_LOWER_BOUND,3,A268,1,0,0,0,0,0,0,UNCHARGED
UNIQUE_ONLY_LOWER_BOUND,3,A268,2,0,0,0,0,0,0,UNCHARGED
UNIQUE_ONLY_LOWER_BOUND,3,A269,1,0,0,0,0,0,0,UNCHARGED
UNIQUE_ONLY_LOWER_BOUND,3,A269,2,0,0,0,0,0,0,UNCHARGED
UNIQUE_ONLY_LOWER_BOUND,3,A269,3,0,0,0,0,0,0,UNCHARGED
UNIQUE_ONLY_LOWER_BOUND,3,A270,1,0,0,0,0,0,0,UNCHARGED
UNIQUE_ONLY_LOWER_BOUND,3,A271,1,0,0,0,0,0,0,UNCHARGED
UNIQUE_ONLY_LOWER_BOUND,3,A271,2,0,0,0,0,0,0,UNCHARGED
UNIQUE_ONLY_LOWER_BOUND,3,A272,1,0,0,0,1,0,1,GEOMETRY_EDGE
UNIQUE_ONLY_LOWER_BOUND,3,A272,2,0,0,0,0,1,1,SAME_MEDIUM_INHERITANCE
UNIQUE_ONLY_LOWER_BOUND,3,A273,1,0,0,0,0,0,0,UNCHARGED
UNIQUE_ONLY_LOWER_BOUND,3,A273,2,0,0,0,0,0,0,UNCHARGED
UNIQUE_ONLY_LOWER_BOUND,3,A274,1,0,0,0,0,0,0,UNCHARGED
UNIQUE_ONLY_LOWER_BOUND,3,A275,1,0,0,0,0,0,0,UNCHARGED
UNIQUE_ONLY_LOWER_BOUND,3,A276,1,0,0,0,0,0,0,UNCHARGED
UNIQUE_ONLY_LOWER_BOUND,3,A277,1,0,0,0,0,0,0,UNCHARGED
UNIQUE_ONLY_LOWER_BOUND,3,A277,2,0,0,0,0,0,0,UNCHARGED
UNIQUE_ONLY_LOWER_BOUND,3,A278,1,0,0,0,0,0,0,UNCHARGED
UNIQUE_ONLY_LOWER_BOUND,3,A279,1,0,0,0,0,0,0,UNCHARGED
UNIQUE_ONLY_LOWER_BOUND,3,A279,2,0,0,0,0,0,0,UNCHARGED
UNIQUE_ONLY_LOWER_BOUND,3,A280,1,0,0,0,0,0,0,UNCHARGED
UNIQUE_ONLY_LOWER_BOUND,3,A281,1,0,0,0,1,0,1,GEOMETRY_EDGE
UNIQUE_ONLY_LOWER_BOUND,3,A281,2,0,0,0,0,1,1,SAME_MEDIUM_INHERITANCE
UNIQUE_ONLY_LOWER_BOUND,3,A282,1,0,0,0,0,0,0,UNCHARGED
UNIQUE_ONLY_LOWER_BOUND,3,A283,1,0,0,0,0,0,0,UNCHARGED
UNIQUE_ONLY_LOWER_BOUND,3,A283,2,0,0,0,0,0,0,UNCHARGED
UNIQUE_ONLY_LOWER_BOUND,3,A283,3,0,0,0,0,0,0,UNCHARGED
UNIQUE_ONLY_LOWER_BOUND,3,A284,1,0,0,0,0,0,0,UNCHARGED
UNIQUE_ONLY_LOWER_BOUND,3,A285,1,0,0,0,1,0,1,GEOMETRY_EDGE
UNIQUE_ONLY_LOWER_BOUND,3,A286,1,0,0,0,0,0,0,UNCHARGED
UNIQUE_ONLY_LOWER_BOUND,3,A287,1,0,0,0,0,0,0,UNCHARGED
UNIQUE_ONLY_LOWER_BOUND,3,A288,1,0,0,0,0,0,0,UNCHARGED
UNIQUE_ONLY_LOWER_BOUND,3,A289,1,0,0,0,0,0,0,UNCHARGED
UNIQUE_ONLY_LOWER_BOUND,3,A290,1,0,0,0,0,1,1,SAME_MEDIUM_INHERITANCE
UNIQUE_ONLY_LOWER_BOUND,3,A290,2,0,0,0,1,0,1,GEOMETRY_EDGE
UNIQUE_ONLY_LOWER_BOUND,3,A291,1,0,0,0,0,0,0,UNCHARGED
UNIQUE_ONLY_LOWER_BOUND,3,A292,1,0,0,0,0,0,0,UNCHARGED
UNIQUE_ONLY_LOWER_BOUND,3,A292,2,0,0,0,0,0,0,UNCHARGED
UNIQUE_ONLY_LOWER_BOUND,3,A293,1,0,0,0,0,0,0,UNCHARGED
UNIQUE_ONLY_LOWER_BOUND,3,A294,1,0,0,0,0,0,0,UNCHARGED
UNIQUE_ONLY_LOWER_BOUND,3,A295,1,0,0,0,0,0,0,UNCHARGED
UNIQUE_ONLY_LOWER_BOUND,3,A295,2,0,0,0,0,0,0,UNCHARGED
UNIQUE_ONLY_LOWER_BOUND,3,A296,1,0,0,0,0,0,0,UNCHARGED
UNIQUE_ONLY_LOWER_BOUND,3,A297,1,0,0,0,0,1,1,SAME_MEDIUM_INHERITANCE
UNIQUE_ONLY_LOWER_BOUND,3,A297,2,0,0,0,1,0,1,GEOMETRY_EDGE
UNIQUE_ONLY_LOWER_BOUND,3,A297,3,0,0,0,0,1,1,SAME_MEDIUM_INHERITANCE
UNIQUE_ONLY_LOWER_BOUND,3,A298,1,0,0,0,0,0,0,UNCHARGED
UNIQUE_ONLY_LOWER_BOUND,3,A299,1,0,0,0,0,0,0,UNCHARGED
UNIQUE_ONLY_LOWER_BOUND,3,A300,1,0,0,0,0,0,0,UNCHARGED
UNIQUE_ONLY_LOWER_BOUND,3,A300,2,0,0,0,0,0,0,UNCHARGED
UNIQUE_ONLY_LOWER_BOUND,3,A301,1,0,0,0,0,0,0,UNCHARGED
UNIQUE_ONLY_LOWER_BOUND,3,A301,2,0,0,0,0,0,0,UNCHARGED
UNIQUE_ONLY_LOWER_BOUND,3,A302,1,0,0,0,0,0,0,UNCHARGED
UNIQUE_ONLY_LOWER_BOUND,3,A302,2,0,0,0,0,0,0,UNCHARGED
UNIQUE_ONLY_LOWER_BOUND,3,A303,1,0,0,0,0,0,0,UNCHARGED
UNIQUE_ONLY_LOWER_BOUND,3,A304,1,0,0,0,0,0,0,UNCHARGED
UNIQUE_ONLY_LOWER_BOUND,3,A304,2,0,0,0,0,0,0,UNCHARGED
UNIQUE_ONLY_LOWER_BOUND,3,A305,1,0,0,0,1,0,1,GEOMETRY_EDGE
UNIQUE_ONLY_LOWER_BOUND,3,A306,1,0,0,0,0,0,0,UNCHARGED
UNIQUE_ONLY_LOWER_BOUND,3,A307,1,0,0,0,0,0,0,UNCHARGED
UNIQUE_ONLY_LOWER_BOUND,3,A307,2,0,0,0,0,0,0,UNCHARGED
UNIQUE_ONLY_LOWER_BOUND,3,A308,1,0,0,0,0,0,0,UNCHARGED
UNIQUE_ONLY_LOWER_BOUND,3,A308,2,0,0,0,0,0,0,UNCHARGED
UNIQUE_ONLY_LOWER_BOUND,3,A309,1,0,0,0,0,0,0,UNCHARGED
UNIQUE_ONLY_LOWER_BOUND,3,A310,1,0,0,0,0,1,1,SAME_MEDIUM_INHERITANCE
UNIQUE_ONLY_LOWER_BOUND,3,A310,2,0,0,0,1,0,1,GEOMETRY_EDGE
UNIQUE_ONLY_LOWER_BOUND,3,A311,1,0,0,0,0,0,0,UNCHARGED
UNIQUE_ONLY_LOWER_BOUND,3,A311,2,0,0,0,0,0,0,UNCHARGED
UNIQUE_ONLY_LOWER_BOUND,3,A312,1,0,0,0,0,0,0,UNCHARGED
UNIQUE_ONLY_LOWER_BOUND,3,A313,1,0,0,0,0,0,0,UNCHARGED
UNIQUE_ONLY_LOWER_BOUND,3,A314,1,0,0,0,0,0,0,UNCHARGED
UNIQUE_ONLY_LOWER_BOUND,3,A314,2,0,0,0,0,0,0,UNCHARGED
UNIQUE_ONLY_LOWER_BOUND,3,A315,1,0,0,0,0,0,0,UNCHARGED
UNIQUE_ONLY_LOWER_BOUND,3,A315,2,0,0,0,0,0,0,UNCHARGED
UNIQUE_ONLY_LOWER_BOUND,3,A316,1,0,0,0,1,0,1,GEOMETRY_EDGE
UNIQUE_ONLY_LOWER_BOUND,3,A317,1,0,0,0,0,0,0,UNCHARGED
UNIQUE_ONLY_LOWER_BOUND,3,A317,2,0,0,0,0,0,0,UNCHARGED
UNIQUE_ONLY_LOWER_BOUND,3,A318,1,0,0,0,0,0,0,UNCHARGED
UNIQUE_ONLY_LOWER_BOUND,3,A319,1,0,0,0,0,0,0,UNCHARGED
UNIQUE_ONLY_LOWER_BOUND,3,A320,1,0,0,0,0,0,0,UNCHARGED
UNIQUE_ONLY_LOWER_BOUND,3,A321,1,0,0,0,1,0,1,GEOMETRY_EDGE
UNIQUE_ONLY_LOWER_BOUND,3,A321,2,0,0,0,0,1,1,SAME_MEDIUM_INHERITANCE
UNIQUE_ONLY_LOWER_BOUND,3,A322,1,0,0,0,0,0,0,UNCHARGED
UNIQUE_ONLY_LOWER_BOUND,3,A323,1,0,0,0,0,0,0,UNCHARGED
UNIQUE_ONLY_LOWER_BOUND,3,A324,1,0,0,0,0,0,0,UNCHARGED
UNIQUE_ONLY_LOWER_BOUND,3,A325,1,0,0,0,0,0,0,UNCHARGED
UNIQUE_ONLY_LOWER_BOUND,3,A325,2,0,0,0,0,0,0,UNCHARGED
UNIQUE_ONLY_LOWER_BOUND,3,A326,1,0,0,0,0,0,0,UNCHARGED
UNIQUE_ONLY_LOWER_BOUND,3,A327,1,0,0,0,0,0,0,UNCHARGED
UNIQUE_ONLY_LOWER_BOUND,3,A328,1,0,0,0,0,0,0,UNCHARGED
UNIQUE_ONLY_LOWER_BOUND,3,A329,1,0,0,0,0,0,0,UNCHARGED
UNIQUE_ONLY_LOWER_BOUND,3,A330,1,0,0,0,0,0,0,UNCHARGED
UNIQUE_ONLY_LOWER_BOUND,3,A330,2,0,0,0,0,0,0,UNCHARGED
UNIQUE_ONLY_LOWER_BOUND,3,A331,1,0,0,0,0,0,0,UNCHARGED
UNIQUE_ONLY_LOWER_BOUND,3,A332,1,0,0,0,0,0,0,UNCHARGED
UNIQUE_ONLY_LOWER_BOUND,3,A332,2,0,0,0,0,0,0,UNCHARGED
UNIQUE_ONLY_LOWER_BOUND,3,A333,1,0,0,0,0,0,0,UNCHARGED
UNIQUE_ONLY_LOWER_BOUND,3,A334,1,0,0,0,0,0,0,UNCHARGED
UNIQUE_ONLY_LOWER_BOUND,3,A334,2,0,0,0,0,0,0,UNCHARGED
UNIQUE_ONLY_LOWER_BOUND,3,A335,1,0,0,0,0,0,0,UNCHARGED
UNIQUE_ONLY_LOWER_BOUND,3,A335,2,0,0,0,0,0,0,UNCHARGED
UNIQUE_ONLY_LOWER_BOUND,3,A336,1,0,0,0,0,0,0,UNCHARGED
UNIQUE_ONLY_LOWER_BOUND,3,A337,1,0,0,0,0,0,0,UNCHARGED
UNIQUE_ONLY_LOWER_BOUND,3,A338,1,0,0,0,1,0,1,GEOMETRY_EDGE
UNIQUE_ONLY_LOWER_BOUND,3,A339,1,0,0,0,0,0,0,UNCHARGED
UNIQUE_ONLY_LOWER_BOUND,3,A340,1,0,0,0,0,0,0,UNCHARGED
UNIQUE_ONLY_LOWER_BOUND,3,A341,1,0,0,0,0,0,0,UNCHARGED
UNIQUE_ONLY_LOWER_BOUND,3,A342,1,0,0,0,0,1,1,SAME_MEDIUM_INHERITANCE
UNIQUE_ONLY_LOWER_BOUND,3,A342,2,0,0,0,1,0,1,GEOMETRY_EDGE
UNIQUE_ONLY_LOWER_BOUND,3,A343,1,0,0,0,0,0,0,UNCHARGED
UNIQUE_ONLY_LOWER_BOUND,3,A344,1,0,0,0,0,0,0,UNCHARGED
UNIQUE_ONLY_LOWER_BOUND,3,A345,1,0,0,0,0,0,0,UNCHARGED
UNIQUE_ONLY_LOWER_BOUND,3,A345,2,0,0,0,0,0,0,UNCHARGED
UNIQUE_ONLY_LOWER_BOUND,3,A346,1,0,0,0,0,0,0,UNCHARGED
UNIQUE_ONLY_LOWER_BOUND,3,A346,2,0,0,0,0,0,0,UNCHARGED
UNIQUE_ONLY_LOWER_BOUND,3,A347,1,0,0,0,1,0,1,GEOMETRY_EDGE
UNIQUE_ONLY_LOWER_BOUND,3,A348,1,0,0,0,0,0,0,UNCHARGED
UNIQUE_ONLY_LOWER_BOUND,3,A349,1,0,0,0,0,0,0,UNCHARGED
UNIQUE_ONLY_LOWER_BOUND,3,A349,2,0,0,0,0,0,0,UNCHARGED
UNIQUE_ONLY_LOWER_BOUND,3,A350,1,0,0,0,0,0,0,UNCHARGED
UNIQUE_ONLY_LOWER_BOUND,3,A350,2,0,0,0,0,0,0,UNCHARGED
UNIQUE_ONLY_LOWER_BOUND,3,A351,1,0,1,1,0,0,1,DIRECT_ELECTRODE
UNIQUE_ONLY_LOWER_BOUND,3,A351,2,1,0,1,0,0,1,DIRECT_ELECTRODE
UNIQUE_ONLY_LOWER_BOUND,3,A352,1,0,0,0,0,0,0,UNCHARGED
UNIQUE_ONLY_LOWER_BOUND,3,A352,2,0,0,0,0,0,0,UNCHARGED
UNIQUE_ONLY_LOWER_BOUND,3,A353,1,0,0,0,0,0,0,UNCHARGED
UNIQUE_ONLY_LOWER_BOUND,3,A354,1,0,0,0,0,0,0,UNCHARGED
UNIQUE_ONLY_LOWER_BOUND,3,A354,2,0,0,0,0,0,0,UNCHARGED
UNIQUE_ONLY_LOWER_BOUND,3,A355,1,0,0,0,0,0,0,UNCHARGED
UNIQUE_ONLY_LOWER_BOUND,3,A355,2,0,0,0,0,0,0,UNCHARGED
UNIQUE_ONLY_LOWER_BOUND,3,A356,1,0,0,0,0,0,0,UNCHARGED
UNIQUE_ONLY_LOWER_BOUND,3,A356,2,0,0,0,0,0,0,UNCHARGED
UNIQUE_ONLY_LOWER_BOUND,3,A357,1,0,0,0,0,0,0,UNCHARGED
UNIQUE_ONLY_LOWER_BOUND,3,A358,1,0,0,0,0,0,0,UNCHARGED
UNIQUE_ONLY_LOWER_BOUND,3,A359,1,0,0,0,0,0,0,UNCHARGED
UNIQUE_ONLY_LOWER_BOUND,3,A359,2,0,0,0,0,0,0,UNCHARGED
UNIQUE_ONLY_LOWER_BOUND,3,A360,1,0,0,0,0,0,0,UNCHARGED
UNIQUE_ONLY_LOWER_BOUND,3,A360,2,0,0,0,0,0,0,UNCHARGED
UNIQUE_ONLY_LOWER_BOUND,3,A361,1,0,0,0,0,0,0,UNCHARGED
UNIQUE_ONLY_LOWER_BOUND,3,A361,2,0,0,0,0,0,0,UNCHARGED
UNIQUE_ONLY_LOWER_BOUND,3,A362,1,0,0,0,1,0,1,GEOMETRY_EDGE
UNIQUE_ONLY_LOWER_BOUND,3,A362,2,0,0,0,0,1,1,SAME_MEDIUM_INHERITANCE
UNIQUE_ONLY_LOWER_BOUND,3,A363,1,0,1,1,0,0,1,DIRECT_ELECTRODE
UNIQUE_ONLY_LOWER_BOUND,3,A363,2,1,0,1,0,0,1,DIRECT_ELECTRODE
UNIQUE_ONLY_LOWER_BOUND,3,A364,1,0,0,0,0,0,0,UNCHARGED
UNIQUE_ONLY_LOWER_BOUND,3,A365,1,0,0,0,0,1,1,SAME_MEDIUM_INHERITANCE
UNIQUE_ONLY_LOWER_BOUND,3,A365,2,0,0,0,1,0,1,GEOMETRY_EDGE
UNIQUE_ONLY_LOWER_BOUND,3,A366,1,0,0,0,0,1,1,SAME_MEDIUM_INHERITANCE
UNIQUE_ONLY_LOWER_BOUND,3,A366,2,0,0,0,1,0,1,GEOMETRY_EDGE
UNIQUE_ONLY_LOWER_BOUND,3,A367,1,0,1,1,0,0,1,DIRECT_ELECTRODE
UNIQUE_ONLY_LOWER_BOUND,3,A367,2,1,0,1,0,0,1,DIRECT_ELECTRODE
UNIQUE_ONLY_LOWER_BOUND,3,A368,1,0,0,0,0,0,0,UNCHARGED
UNIQUE_ONLY_LOWER_BOUND,3,A368,2,0,0,0,0,0,0,UNCHARGED
UNIQUE_ONLY_LOWER_BOUND,3,A369,1,0,0,0,0,0,0,UNCHARGED
UNIQUE_ONLY_LOWER_BOUND,3,A369,2,0,0,0,0,0,0,UNCHARGED
UNIQUE_ONLY_LOWER_BOUND,3,A370,1,0,0,0,0,0,0,UNCHARGED
UNIQUE_ONLY_LOWER_BOUND,3,A371,1,0,0,0,0,0,0,UNCHARGED
UNIQUE_ONLY_LOWER_BOUND,3,A371,2,0,0,0,0,0,0,UNCHARGED
UNIQUE_ONLY_LOWER_BOUND,3,A372,1,0,0,0,0,0,0,UNCHARGED
UNIQUE_ONLY_LOWER_BOUND,3,A373,1,0,0,0,0,0,0,UNCHARGED
UNIQUE_ONLY_LOWER_BOUND,3,A374,1,0,1,1,0,0,1,DIRECT_ELECTRODE
UNIQUE_ONLY_LOWER_BOUND,3,A374,2,1,0,1,0,0,1,DIRECT_ELECTRODE
UNIQUE_ONLY_LOWER_BOUND,3,A375,1,0,0,0,0,1,1,SAME_MEDIUM_INHERITANCE
UNIQUE_ONLY_LOWER_BOUND,3,A375,2,0,1,1,0,0,1,DIRECT_ELECTRODE
UNIQUE_ONLY_LOWER_BOUND,3,A375,3,1,0,1,0,0,1,DIRECT_ELECTRODE
UNIQUE_ONLY_LOWER_BOUND,3,A376,1,0,0,0,0,0,0,UNCHARGED
UNIQUE_ONLY_LOWER_BOUND,3,A376,2,0,0,0,0,0,0,UNCHARGED
UNIQUE_ONLY_LOWER_BOUND,3,A377,1,0,0,0,1,0,1,GEOMETRY_EDGE
UNIQUE_ONLY_LOWER_BOUND,3,A378,1,0,0,0,0,0,0,UNCHARGED
UNIQUE_ONLY_LOWER_BOUND,3,A378,2,0,0,0,0,0,0,UNCHARGED
UNIQUE_ONLY_LOWER_BOUND,3,A379,1,0,0,0,1,0,1,GEOMETRY_EDGE
UNIQUE_ONLY_LOWER_BOUND,3,A380,1,0,0,0,1,0,1,GEOMETRY_EDGE
UNIQUE_ONLY_LOWER_BOUND,3,A381,1,0,1,1,0,0,1,DIRECT_ELECTRODE
UNIQUE_ONLY_LOWER_BOUND,3,A381,2,1,0,1,0,0,1,DIRECT_ELECTRODE
UNIQUE_ONLY_LOWER_BOUND,3,A382,1,0,0,0,1,0,1,GEOMETRY_EDGE
UNIQUE_ONLY_LOWER_BOUND,3,A382,2,0,0,0,0,1,1,SAME_MEDIUM_INHERITANCE
UNIQUE_ONLY_LOWER_BOUND,3,A383,1,0,0,0,0,0,0,UNCHARGED
UNIQUE_ONLY_LOWER_BOUND,3,A383,2,0,0,0,0,0,0,UNCHARGED
UNIQUE_ONLY_LOWER_BOUND,3,A384,1,0,0,0,0,0,0,UNCHARGED
UNIQUE_ONLY_LOWER_BOUND,3,A385,1,0,0,0,0,0,0,UNCHARGED
UNIQUE_ONLY_LOWER_BOUND,3,A386,1,0,1,1,0,0,1,DIRECT_ELECTRODE
UNIQUE_ONLY_LOWER_BOUND,3,A386,2,1,0,1,0,0,1,DIRECT_ELECTRODE
UNIQUE_ONLY_LOWER_BOUND,3,A387,1,0,0,0,0,0,0,UNCHARGED
UNIQUE_ONLY_LOWER_BOUND,3,A388,1,0,1,1,0,0,1,DIRECT_ELECTRODE
UNIQUE_ONLY_LOWER_BOUND,3,A388,2,1,0,1,0,0,1,DIRECT_ELECTRODE
UNIQUE_ONLY_LOWER_BOUND,3,A389,1,0,1,1,0,0,1,DIRECT_ELECTRODE
UNIQUE_ONLY_LOWER_BOUND,3,A389,2,1,0,1,0,0,1,DIRECT_ELECTRODE
UNIQUE_ONLY_LOWER_BOUND,3,A390,1,0,0,0,0,0,0,UNCHARGED
UNIQUE_ONLY_LOWER_BOUND,3,A390,2,0,0,0,0,0,0,UNCHARGED
UNIQUE_ONLY_LOWER_BOUND,3,A391,1,0,0,0,0,0,0,UNCHARGED
UNIQUE_ONLY_LOWER_BOUND,3,A391,2,0,0,0,0,0,0,UNCHARGED
UNIQUE_ONLY_LOWER_BOUND,3,A392,1,0,0,0,0,0,0,UNCHARGED
UNIQUE_ONLY_LOWER_BOUND,3,A392,2,0,0,0,0,0,0,UNCHARGED
UNIQUE_ONLY_LOWER_BOUND,3,A393,1,0,1,1,0,0,1,DIRECT_ELECTRODE
UNIQUE_ONLY_LOWER_BOUND,3,A393,2,1,0,1,0,0,1,DIRECT_ELECTRODE
UNIQUE_ONLY_LOWER_BOUND,3,A394,1,0,0,0,1,0,1,GEOMETRY_EDGE
UNIQUE_ONLY_LOWER_BOUND,3,A395,1,0,0,0,1,0,1,GEOMETRY_EDGE
UNIQUE_ONLY_LOWER_BOUND,3,A395,2,0,0,0,0,1,1,SAME_MEDIUM_INHERITANCE
UNIQUE_ONLY_LOWER_BOUND,3,A396,1,0,0,0,0,0,0,UNCHARGED
UNIQUE_ONLY_LOWER_BOUND,3,A396,2,0,0,0,0,0,0,UNCHARGED
UNIQUE_ONLY_LOWER_BOUND,3,A397,1,0,0,0,0,0,0,UNCHARGED
UNIQUE_ONLY_LOWER_BOUND,3,A398,1,0,1,1,0,0,1,DIRECT_ELECTRODE
UNIQUE_ONLY_LOWER_BOUND,3,A398,2,1,0,1,0,0,1,DIRECT_ELECTRODE
UNIQUE_ONLY_LOWER_BOUND,3,A399,1,0,0,0,0,0,0,UNCHARGED
UNIQUE_ONLY_LOWER_BOUND,3,A399,2,0,0,0,0,0,0,UNCHARGED
UNIQUE_ONLY_LOWER_BOUND,3,A400,1,0,0,0,0,0,0,UNCHARGED
UNIQUE_ONLY_LOWER_BOUND,3,A400,2,0,0,0,0,0,0,UNCHARGED
UNIQUE_ONLY_LOWER_BOUND,3,A401,1,0,0,0,0,0,0,UNCHARGED
UNIQUE_ONLY_LOWER_BOUND,3,A401,2,0,0,0,0,0,0,UNCHARGED
UNIQUE_ONLY_LOWER_BOUND,3,A401,3,0,0,0,0,0,0,UNCHARGED
UNIQUE_ONLY_LOWER_BOUND,3,A402,1,0,1,1,0,0,1,DIRECT_ELECTRODE
UNIQUE_ONLY_LOWER_BOUND,3,A402,2,1,0,1,0,0,1,DIRECT_ELECTRODE
UNIQUE_ONLY_LOWER_BOUND,3,A403,1,0,1,1,0,0,1,DIRECT_ELECTRODE
UNIQUE_ONLY_LOWER_BOUND,3,A403,2,1,0,1,0,0,1,DIRECT_ELECTRODE
UNIQUE_ONLY_LOWER_BOUND,3,A404,1,0,0,0,0,0,0,UNCHARGED
UNIQUE_ONLY_LOWER_BOUND,3,A405,1,0,0,0,0,0,0,UNCHARGED
UNIQUE_ONLY_LOWER_BOUND,3,A406,1,0,0,0,0,1,1,SAME_MEDIUM_INHERITANCE
UNIQUE_ONLY_LOWER_BOUND,3,A406,2,0,0,0,1,0,1,GEOMETRY_EDGE
UNIQUE_ONLY_LOWER_BOUND,3,A408,1,0,0,0,0,0,0,UNCHARGED
UNIQUE_ONLY_LOWER_BOUND,3,A408,2,0,0,0,0,0,0,UNCHARGED
UNIQUE_ONLY_LOWER_BOUND,3,A409,1,0,0,0,0,0,0,UNCHARGED
UNIQUE_ONLY_LOWER_BOUND,3,A411,1,0,1,1,0,0,1,DIRECT_ELECTRODE
UNIQUE_ONLY_LOWER_BOUND,3,A411,2,1,0,1,0,0,1,DIRECT_ELECTRODE
UNIQUE_ONLY_LOWER_BOUND,3,A412,1,0,0,0,0,0,0,UNCHARGED
UNIQUE_ONLY_LOWER_BOUND,3,A412,2,0,0,0,0,0,0,UNCHARGED
UNIQUE_ONLY_LOWER_BOUND,3,A412,3,0,0,0,0,0,0,UNCHARGED
UNIQUE_ONLY_LOWER_BOUND,3,A413,1,0,1,1,0,0,1,DIRECT_ELECTRODE
UNIQUE_ONLY_LOWER_BOUND,3,A413,2,1,0,1,0,0,1,DIRECT_ELECTRODE
UNIQUE_ONLY_LOWER_BOUND,3,A414,1,0,0,0,0,1,1,SAME_MEDIUM_INHERITANCE
UNIQUE_ONLY_LOWER_BOUND,3,A414,2,0,0,0,1,0,1,GEOMETRY_EDGE
UNIQUE_ONLY_LOWER_BOUND,3,A415,1,0,0,0,0,0,0,UNCHARGED
UNIQUE_ONLY_LOWER_BOUND,3,A415,2,0,0,0,0,0,0,UNCHARGED
UNIQUE_ONLY_LOWER_BOUND,3,A415,3,0,0,0,0,0,0,UNCHARGED
UNIQUE_ONLY_LOWER_BOUND,3,A416,1,0,1,1,0,0,1,DIRECT_ELECTRODE
UNIQUE_ONLY_LOWER_BOUND,3,A416,2,1,0,1,0,0,1,DIRECT_ELECTRODE
UNIQUE_ONLY_LOWER_BOUND,3,A417,1,0,0,0,0,0,0,UNCHARGED
UNIQUE_ONLY_LOWER_BOUND,3,A417,2,0,0,0,0,0,0,UNCHARGED
UNIQUE_ONLY_LOWER_BOUND,3,A418,1,0,0,0,0,0,0,UNCHARGED
UNIQUE_ONLY_LOWER_BOUND,3,A418,2,0,0,0,0,0,0,UNCHARGED
UNIQUE_ONLY_LOWER_BOUND,3,A419,1,0,1,1,0,0,1,DIRECT_ELECTRODE
UNIQUE_ONLY_LOWER_BOUND,3,A419,2,1,0,1,0,0,1,DIRECT_ELECTRODE
UNIQUE_ONLY_LOWER_BOUND,3,A420,1,0,0,0,0,1,1,SAME_MEDIUM_INHERITANCE
UNIQUE_ONLY_LOWER_BOUND,3,A420,2,0,1,1,0,0,1,DIRECT_ELECTRODE
UNIQUE_ONLY_LOWER_BOUND,3,A420,3,1,0,1,0,0,1,DIRECT_ELECTRODE
UNIQUE_ONLY_LOWER_BOUND,3,A421,1,0,0,0,1,0,1,GEOMETRY_EDGE
UNIQUE_ONLY_LOWER_BOUND,3,A421,2,0,0,0,0,1,1,SAME_MEDIUM_INHERITANCE
UNIQUE_ONLY_LOWER_BOUND,3,A422,1,0,1,1,0,0,1,DIRECT_ELECTRODE
UNIQUE_ONLY_LOWER_BOUND,3,A422,2,1,0,1,0,0,1,DIRECT_ELECTRODE
UNIQUE_ONLY_LOWER_BOUND,3,A423,1,0,0,0,0,0,0,UNCHARGED
UNIQUE_ONLY_LOWER_BOUND,3,A423,2,0,0,0,0,0,0,UNCHARGED
UNIQUE_ONLY_LOWER_BOUND,3,A424,1,0,0,0,0,1,1,SAME_MEDIUM_INHERITANCE
UNIQUE_ONLY_LOWER_BOUND,3,A424,2,0,1,1,0,0,1,DIRECT_ELECTRODE
UNIQUE_ONLY_LOWER_BOUND,3,A424,3,1,0,1,0,0,1,DIRECT_ELECTRODE
UNIQUE_ONLY_LOWER_BOUND,3,A425,1,0,0,0,0,0,0,UNCHARGED
UNIQUE_ONLY_LOWER_BOUND,3,A425,2,0,0,0,0,0,0,UNCHARGED
UNIQUE_ONLY_LOWER_BOUND,3,A426,1,0,0,0,0,1,1,SAME_MEDIUM_INHERITANCE
UNIQUE_ONLY_LOWER_BOUND,3,A426,2,0,1,1,0,0,1,DIRECT_ELECTRODE
UNIQUE_ONLY_LOWER_BOUND,3,A426,3,1,0,1,0,0,1,DIRECT_ELECTRODE
UNIQUE_ONLY_LOWER_BOUND,3,A427,1,0,0,0,0,0,0,UNCHARGED
UNIQUE_ONLY_LOWER_BOUND,3,A427,2,0,0,0,0,0,0,UNCHARGED
UNIQUE_ONLY_LOWER_BOUND,3,A428,1,0,1,1,0,0,1,DIRECT_ELECTRODE
UNIQUE_ONLY_LOWER_BOUND,3,A428,2,1,0,1,0,0,1,DIRECT_ELECTRODE
UNIQUE_ONLY_LOWER_BOUND,3,A429,1,0,1,1,0,0,1,DIRECT_ELECTRODE
UNIQUE_ONLY_LOWER_BOUND,3,A429,2,1,0,1,0,0,1,DIRECT_ELECTRODE
UNIQUE_ONLY_LOWER_BOUND,3,A430,1,0,0,0,0,0,0,UNCHARGED
UNIQUE_ONLY_LOWER_BOUND,3,A431,1,0,0,0,0,0,0,UNCHARGED
UNIQUE_ONLY_LOWER_BOUND,3,A431,2,0,0,0,0,0,0,UNCHARGED
UNIQUE_ONLY_LOWER_BOUND,3,A432,1,0,0,0,0,0,0,UNCHARGED
UNIQUE_ONLY_LOWER_BOUND,3,A432,2,0,0,0,0,0,0,UNCHARGED
UNIQUE_ONLY_LOWER_BOUND,3,A433,1,0,0,0,0,0,0,UNCHARGED
UNIQUE_ONLY_LOWER_BOUND,3,A433,2,0,0,0,0,0,0,UNCHARGED
UNIQUE_ONLY_LOWER_BOUND,3,A434,1,0,0,0,0,0,0,UNCHARGED
UNIQUE_ONLY_LOWER_BOUND,3,A434,2,0,0,0,0,0,0,UNCHARGED
UNIQUE_ONLY_LOWER_BOUND,3,A435,1,0,1,1,0,0,1,DIRECT_ELECTRODE
UNIQUE_ONLY_LOWER_BOUND,3,A435,2,1,0,1,0,0,1,DIRECT_ELECTRODE
UNIQUE_ONLY_LOWER_BOUND,3,A435,3,0,0,0,0,1,1,SAME_MEDIUM_INHERITANCE
UNIQUE_ONLY_LOWER_BOUND,3,A436,1,0,0,0,0,0,0,UNCHARGED
UNIQUE_ONLY_LOWER_BOUND,3,A436,2,0,0,0,0,0,0,UNCHARGED
UNIQUE_ONLY_LOWER_BOUND,3,A437,1,0,0,0,1,0,1,GEOMETRY_EDGE
UNIQUE_ONLY_LOWER_BOUND,3,A438,1,0,0,0,0,1,1,SAME_MEDIUM_INHERITANCE
UNIQUE_ONLY_LOWER_BOUND,3,A438,2,0,1,1,0,0,1,DIRECT_ELECTRODE
UNIQUE_ONLY_LOWER_BOUND,3,A438,3,1,0,1,0,0,1,DIRECT_ELECTRODE
UNIQUE_ONLY_LOWER_BOUND,3,A439,1,0,0,0,0,0,0,UNCHARGED
UNIQUE_ONLY_LOWER_BOUND,3,A439,2,0,0,0,0,0,0,UNCHARGED
UNIQUE_ONLY_LOWER_BOUND,3,A440,1,0,0,0,0,1,1,SAME_MEDIUM_INHERITANCE
UNIQUE_ONLY_LOWER_BOUND,3,A440,2,0,1,1,0,0,1,DIRECT_ELECTRODE
UNIQUE_ONLY_LOWER_BOUND,3,A440,3,1,0,1,0,0,1,DIRECT_ELECTRODE
UNIQUE_ONLY_LOWER_BOUND,3,A442,1,0,0,0,0,0,0,UNCHARGED
UNIQUE_ONLY_LOWER_BOUND,3,A442,2,0,0,0,0,0,0,UNCHARGED
UNIQUE_ONLY_LOWER_BOUND,3,A443,1,0,1,1,0,0,1,DIRECT_ELECTRODE
UNIQUE_ONLY_LOWER_BOUND,3,A443,2,1,0,1,0,0,1,DIRECT_ELECTRODE
UNIQUE_ONLY_LOWER_BOUND,3,A444,1,0,1,1,0,0,1,DIRECT_ELECTRODE
UNIQUE_ONLY_LOWER_BOUND,3,A444,2,1,0,1,0,0,1,DIRECT_ELECTRODE
UNIQUE_ONLY_LOWER_BOUND,3,A446,1,0,0,0,1,0,1,GEOMETRY_EDGE
UNIQUE_ONLY_LOWER_BOUND,3,A447,1,0,1,1,0,0,1,DIRECT_ELECTRODE
UNIQUE_ONLY_LOWER_BOUND,3,A447,2,1,0,1,0,0,1,DIRECT_ELECTRODE
UNIQUE_ONLY_LOWER_BOUND,3,A448,1,0,0,0,1,0,1,GEOMETRY_EDGE
UNIQUE_ONLY_LOWER_BOUND,3,A448,2,0,0,0,0,1,1,SAME_MEDIUM_INHERITANCE
UNIQUE_ONLY_LOWER_BOUND,3,A449,1,0,0,0,0,0,0,UNCHARGED
UNIQUE_ONLY_LOWER_BOUND,3,A449,2,0,0,0,0,0,0,UNCHARGED
UNIQUE_ONLY_LOWER_BOUND,3,A449,3,0,0,0,0,0,0,UNCHARGED
UNIQUE_ONLY_LOWER_BOUND,3,A450,1,0,1,1,0,0,1,DIRECT_ELECTRODE
UNIQUE_ONLY_LOWER_BOUND,3,A450,2,1,0,1,0,0,1,DIRECT_ELECTRODE
UNIQUE_ONLY_LOWER_BOUND,3,A451,1,0,0,0,1,0,1,GEOMETRY_EDGE
UNIQUE_ONLY_LOWER_BOUND,3,A451,2,0,0,0,0,1,1,SAME_MEDIUM_INHERITANCE
UNIQUE_ONLY_LOWER_BOUND,3,A452,1,0,1,1,0,0,1,DIRECT_ELECTRODE
UNIQUE_ONLY_LOWER_BOUND,3,A452,2,1,0,1,0,0,1,DIRECT_ELECTRODE
UNIQUE_ONLY_LOWER_BOUND,3,A453,1,0,0,0,1,0,1,GEOMETRY_EDGE
UNIQUE_ONLY_LOWER_BOUND,3,A454,1,0,1,1,0,0,1,DIRECT_ELECTRODE
UNIQUE_ONLY_LOWER_BOUND,3,A454,2,1,0,1,0,0,1,DIRECT_ELECTRODE
UNIQUE_ONLY_LOWER_BOUND,3,A455,1,0,1,1,0,0,1,DIRECT_ELECTRODE
UNIQUE_ONLY_LOWER_BOUND,3,A455,2,1,0,1,0,0,1,DIRECT_ELECTRODE
UNIQUE_ONLY_LOWER_BOUND,3,A455,3,0,0,0,0,1,1,SAME_MEDIUM_INHERITANCE
UNIQUE_ONLY_LOWER_BOUND,3,A456,1,0,1,1,0,0,1,DIRECT_ELECTRODE
UNIQUE_ONLY_LOWER_BOUND,3,A456,2,1,0,1,0,0,1,DIRECT_ELECTRODE
UNIQUE_ONLY_LOWER_BOUND,3,A457,1,0,0,0,0,0,0,UNCHARGED
UNIQUE_ONLY_LOWER_BOUND,3,A457,2,0,0,0,0,0,0,UNCHARGED
UNIQUE_ONLY_LOWER_BOUND,3,A458,1,0,0,0,0,0,0,UNCHARGED
UNIQUE_ONLY_LOWER_BOUND,3,A458,2,0,0,0,0,0,0,UNCHARGED
UNIQUE_ONLY_LOWER_BOUND,3,A459,1,0,1,1,0,0,1,DIRECT_ELECTRODE
UNIQUE_ONLY_LOWER_BOUND,3,A459,2,1,0,1,0,0,1,DIRECT_ELECTRODE
UNIQUE_ONLY_LOWER_BOUND,3,A460,1,0,0,0,1,0,1,GEOMETRY_EDGE
UNIQUE_ONLY_LOWER_BOUND,3,A461,1,0,1,1,0,0,1,DIRECT_ELECTRODE
UNIQUE_ONLY_LOWER_BOUND,3,A461,2,1,0,1,0,0,1,DIRECT_ELECTRODE
UNIQUE_ONLY_LOWER_BOUND,3,A462,1,0,1,1,0,0,1,DIRECT_ELECTRODE
UNIQUE_ONLY_LOWER_BOUND,3,A462,2,1,0,1,0,0,1,DIRECT_ELECTRODE
UNIQUE_ONLY_LOWER_BOUND,3,A463,1,0,1,1,0,0,1,DIRECT_ELECTRODE
UNIQUE_ONLY_LOWER_BOUND,3,A463,2,1,0,1,0,0,1,DIRECT_ELECTRODE
UNIQUE_ONLY_LOWER_BOUND,3,A464,1,0,1,1,0,0,1,DIRECT_ELECTRODE
UNIQUE_ONLY_LOWER_BOUND,3,A464,2,1,0,1,0,0,1,DIRECT_ELECTRODE
UNIQUE_ONLY_LOWER_BOUND,3,A465,1,0,0,0,0,0,0,UNCHARGED
UNIQUE_ONLY_LOWER_BOUND,3,A465,2,0,0,0,0,0,0,UNCHARGED
UNIQUE_ONLY_LOWER_BOUND,3,A466,1,0,1,1,0,0,1,DIRECT_ELECTRODE
UNIQUE_ONLY_LOWER_BOUND,3,A466,2,1,0,1,0,0,1,DIRECT_ELECTRODE
UNIQUE_ONLY_LOWER_BOUND,3,A467,1,0,0,0,0,0,0,UNCHARGED
UNIQUE_ONLY_LOWER_BOUND,3,A467,2,0,0,0,0,0,0,UNCHARGED
UNIQUE_ONLY_LOWER_BOUND,3,A468,1,0,0,0,0,0,0,UNCHARGED
UNIQUE_ONLY_LOWER_BOUND,3,A471,1,0,1,1,0,0,1,DIRECT_ELECTRODE
UNIQUE_ONLY_LOWER_BOUND,3,A471,2,1,0,1,0,0,1,DIRECT_ELECTRODE
UNIQUE_ONLY_LOWER_BOUND,3,A471,3,0,0,0,0,1,1,SAME_MEDIUM_INHERITANCE
UNIQUE_ONLY_LOWER_BOUND,3,A472,1,0,1,1,0,0,1,DIRECT_ELECTRODE
UNIQUE_ONLY_LOWER_BOUND,3,A472,2,1,0,1,0,0,1,DIRECT_ELECTRODE
UNIQUE_ONLY_LOWER_BOUND,3,A473,1,0,0,0,0,1,1,SAME_MEDIUM_INHERITANCE
UNIQUE_ONLY_LOWER_BOUND,3,A473,2,0,0,0,1,0,1,GEOMETRY_EDGE
UNIQUE_ONLY_LOWER_BOUND,3,A474,1,0,0,0,0,1,1,SAME_MEDIUM_INHERITANCE
UNIQUE_ONLY_LOWER_BOUND,3,A474,2,0,1,1,0,0,1,DIRECT_ELECTRODE
UNIQUE_ONLY_LOWER_BOUND,3,A474,3,1,0,1,0,0,1,DIRECT_ELECTRODE
UNIQUE_ONLY_LOWER_BOUND,3,A475,1,0,0,0,0,1,1,SAME_MEDIUM_INHERITANCE
UNIQUE_ONLY_LOWER_BOUND,3,A475,2,0,0,0,1,0,1,GEOMETRY_EDGE
UNIQUE_ONLY_LOWER_BOUND,3,A476,1,0,0,0,0,0,0,UNCHARGED
UNIQUE_ONLY_LOWER_BOUND,3,A476,2,0,0,0,0,0,0,UNCHARGED
UNIQUE_ONLY_LOWER_BOUND,3,A477,1,0,1,1,0,0,1,DIRECT_ELECTRODE
UNIQUE_ONLY_LOWER_BOUND,3,A477,2,1,0,1,0,0,1,DIRECT_ELECTRODE
UNIQUE_ONLY_LOWER_BOUND,3,A478,1,0,1,1,0,0,1,DIRECT_ELECTRODE
UNIQUE_ONLY_LOWER_BOUND,3,A478,2,1,0,1,0,0,1,DIRECT_ELECTRODE
UNIQUE_ONLY_LOWER_BOUND,3,A479,1,0,1,1,0,0,1,DIRECT_ELECTRODE
UNIQUE_ONLY_LOWER_BOUND,3,A479,2,1,0,1,0,0,1,DIRECT_ELECTRODE
UNIQUE_ONLY_LOWER_BOUND,3,A480,1,0,1,1,0,0,1,DIRECT_ELECTRODE
UNIQUE_ONLY_LOWER_BOUND,3,A480,2,1,0,1,0,0,1,DIRECT_ELECTRODE
UNIQUE_ONLY_LOWER_BOUND,3,A481,1,0,1,1,0,0,1,DIRECT_ELECTRODE
UNIQUE_ONLY_LOWER_BOUND,3,A481,2,1,0,1,0,0,1,DIRECT_ELECTRODE
UNIQUE_ONLY_LOWER_BOUND,3,A481,3,0,0,0,0,1,1,SAME_MEDIUM_INHERITANCE
UNIQUE_ONLY_LOWER_BOUND,3,A482,1,0,1,1,0,0,1,DIRECT_ELECTRODE
UNIQUE_ONLY_LOWER_BOUND,3,A482,2,1,0,1,0,0,1,DIRECT_ELECTRODE
UNIQUE_ONLY_LOWER_BOUND,3,A483,1,0,0,0,1,0,1,GEOMETRY_EDGE
UNIQUE_ONLY_LOWER_BOUND,3,A483,2,0,0,0,0,1,1,SAME_MEDIUM_INHERITANCE
UNIQUE_ONLY_LOWER_BOUND,3,A484,1,0,0,0,0,0,0,UNCHARGED
UNIQUE_ONLY_LOWER_BOUND,3,A485,1,0,1,1,0,0,1,DIRECT_ELECTRODE
UNIQUE_ONLY_LOWER_BOUND,3,A485,2,1,0,1,0,0,1,DIRECT_ELECTRODE
UNIQUE_ONLY_LOWER_BOUND,3,A487,1,0,0,0,1,0,1,GEOMETRY_EDGE
UNIQUE_ONLY_LOWER_BOUND,3,A489,1,0,1,1,0,0,1,DIRECT_ELECTRODE
UNIQUE_ONLY_LOWER_BOUND,3,A489,2,1,0,1,0,0,1,DIRECT_ELECTRODE
UNIQUE_ONLY_LOWER_BOUND,3,A490,1,0,1,1,0,0,1,DIRECT_ELECTRODE
UNIQUE_ONLY_LOWER_BOUND,3,A490,2,1,0,1,0,0,1,DIRECT_ELECTRODE
UNIQUE_ONLY_LOWER_BOUND,3,A491,1,0,1,1,0,0,1,DIRECT_ELECTRODE
UNIQUE_ONLY_LOWER_BOUND,3,A491,2,1,0,1,0,0,1,DIRECT_ELECTRODE
UNIQUE_ONLY_LOWER_BOUND,3,A492,1,0,0,0,0,1,1,SAME_MEDIUM_INHERITANCE
UNIQUE_ONLY_LOWER_BOUND,3,A492,2,0,0,0,1,0,1,GEOMETRY_EDGE
UNIQUE_ONLY_LOWER_BOUND,3,A493,1,0,0,0,1,0,1,GEOMETRY_EDGE
UNIQUE_ONLY_LOWER_BOUND,3,A493,2,0,0,0,0,1,1,SAME_MEDIUM_INHERITANCE
UNIQUE_ONLY_LOWER_BOUND,3,A494,1,0,0,0,1,0,1,GEOMETRY_EDGE
UNIQUE_ONLY_LOWER_BOUND,3,A494,2,0,0,0,0,1,1,SAME_MEDIUM_INHERITANCE
UNIQUE_ONLY_LOWER_BOUND,3,A495,1,0,0,0,0,0,0,UNCHARGED
UNIQUE_ONLY_LOWER_BOUND,3,A495,2,0,0,0,0,0,0,UNCHARGED
UNIQUE_ONLY_LOWER_BOUND,3,A497,1,0,1,1,0,0,1,DIRECT_ELECTRODE
UNIQUE_ONLY_LOWER_BOUND,3,A497,2,1,0,1,0,0,1,DIRECT_ELECTRODE
UNIQUE_ONLY_LOWER_BOUND,3,A498,1,0,1,1,0,0,1,DIRECT_ELECTRODE
UNIQUE_ONLY_LOWER_BOUND,3,A498,2,1,0,1,0,0,1,DIRECT_ELECTRODE
UNIQUE_ONLY_LOWER_BOUND,3,A499,1,0,1,1,0,0,1,DIRECT_ELECTRODE
UNIQUE_ONLY_LOWER_BOUND,3,A499,2,1,0,1,0,0,1,DIRECT_ELECTRODE
UNIQUE_ONLY_LOWER_BOUND,3,A500,1,0,1,1,0,0,1,DIRECT_ELECTRODE
UNIQUE_ONLY_LOWER_BOUND,3,A500,2,1,0,1,0,0,1,DIRECT_ELECTRODE
UNIQUE_ONLY_LOWER_BOUND,3,A501,1,0,1,1,0,0,1,DIRECT_ELECTRODE
UNIQUE_ONLY_LOWER_BOUND,3,A501,2,1,0,1,0,0,1,DIRECT_ELECTRODE
UNIQUE_ONLY_LOWER_BOUND,3,A502,1,0,1,1,0,0,1,DIRECT_ELECTRODE
UNIQUE_ONLY_LOWER_BOUND,3,A502,2,1,0,1,0,0,1,DIRECT_ELECTRODE
UNIQUE_ONLY_LOWER_BOUND,3,A503,1,0,0,0,0,1,1,SAME_MEDIUM_INHERITANCE
UNIQUE_ONLY_LOWER_BOUND,3,A503,2,0,1,1,0,0,1,DIRECT_ELECTRODE
UNIQUE_ONLY_LOWER_BOUND,3,A503,3,1,0,1,0,0,1,DIRECT_ELECTRODE
UNIQUE_ONLY_LOWER_BOUND,3,A504,1,0,1,1,0,0,1,DIRECT_ELECTRODE
UNIQUE_ONLY_LOWER_BOUND,3,A504,2,1,0,1,0,0,1,DIRECT_ELECTRODE
UNIQUE_ONLY_LOWER_BOUND,3,A505,1,0,1,1,0,0,1,DIRECT_ELECTRODE
UNIQUE_ONLY_LOWER_BOUND,3,A505,2,1,0,1,0,0,1,DIRECT_ELECTRODE
UNIQUE_ONLY_LOWER_BOUND,3,A506,1,0,1,1,0,0,1,DIRECT_ELECTRODE
UNIQUE_ONLY_LOWER_BOUND,3,A506,2,1,0,1,0,0,1,DIRECT_ELECTRODE
UNIQUE_ONLY_LOWER_BOUND,3,A507,1,0,1,1,0,0,1,DIRECT_ELECTRODE
UNIQUE_ONLY_LOWER_BOUND,3,A507,2,1,0,1,0,0,1,DIRECT_ELECTRODE
UNIQUE_ONLY_LOWER_BOUND,3,A508,1,0,1,1,0,0,1,DIRECT_ELECTRODE
UNIQUE_ONLY_LOWER_BOUND,3,A508,2,1,0,1,0,0,1,DIRECT_ELECTRODE
UNIQUE_ONLY_LOWER_BOUND,3,A508,3,0,0,0,0,1,1,SAME_MEDIUM_INHERITANCE
UNIQUE_ONLY_LOWER_BOUND,3,A509,1,0,1,1,0,0,1,DIRECT_ELECTRODE
UNIQUE_ONLY_LOWER_BOUND,3,A509,2,1,0,1,0,0,1,DIRECT_ELECTRODE
UNIQUE_ONLY_LOWER_BOUND,3,A510,1,0,1,1,0,0,1,DIRECT_ELECTRODE
UNIQUE_ONLY_LOWER_BOUND,3,A510,2,1,0,1,0,0,1,DIRECT_ELECTRODE
UNIQUE_ONLY_LOWER_BOUND,3,A510,3,0,0,0,0,1,1,SAME_MEDIUM_INHERITANCE
UNIQUE_ONLY_LOWER_BOUND,3,A512,1,0,1,1,0,0,1,DIRECT_ELECTRODE
UNIQUE_ONLY_LOWER_BOUND,3,A512,2,1,0,1,0,0,1,DIRECT_ELECTRODE
UNIQUE_ONLY_LOWER_BOUND,3,A513,1,0,0,0,0,0,0,UNCHARGED
UNIQUE_ONLY_LOWER_BOUND,3,A513,2,0,0,0,0,0,0,UNCHARGED
UNIQUE_ONLY_LOWER_BOUND,3,A514,1,0,1,1,0,0,1,DIRECT_ELECTRODE
UNIQUE_ONLY_LOWER_BOUND,3,A514,2,1,0,1,0,0,1,DIRECT_ELECTRODE
UNIQUE_ONLY_LOWER_BOUND,3,A515,1,0,1,1,0,0,1,DIRECT_ELECTRODE
UNIQUE_ONLY_LOWER_BOUND,3,A515,2,1,0,1,0,0,1,DIRECT_ELECTRODE
UNIQUE_ONLY_LOWER_BOUND,3,A516,1,0,1,1,0,0,1,DIRECT_ELECTRODE
UNIQUE_ONLY_LOWER_BOUND,3,A516,2,1,0,1,0,0,1,DIRECT_ELECTRODE
UNIQUE_ONLY_LOWER_BOUND,3,A517,1,0,1,1,0,0,1,DIRECT_ELECTRODE
UNIQUE_ONLY_LOWER_BOUND,3,A517,2,1,0,1,0,0,1,DIRECT_ELECTRODE
UNIQUE_ONLY_LOWER_BOUND,3,A518,1,0,0,0,0,1,1,SAME_MEDIUM_INHERITANCE
UNIQUE_ONLY_LOWER_BOUND,3,A518,2,0,1,1,0,0,1,DIRECT_ELECTRODE
UNIQUE_ONLY_LOWER_BOUND,3,A518,3,1,0,1,0,0,1,DIRECT_ELECTRODE
UNIQUE_ONLY_LOWER_BOUND,3,A519,1,0,1,1,0,0,1,DIRECT_ELECTRODE
UNIQUE_ONLY_LOWER_BOUND,3,A519,2,1,0,1,0,0,1,DIRECT_ELECTRODE
UNIQUE_ONLY_LOWER_BOUND,3,A519,3,0,0,0,0,1,1,SAME_MEDIUM_INHERITANCE
UNIQUE_ONLY_LOWER_BOUND,3,A520,1,0,1,1,0,0,1,DIRECT_ELECTRODE
UNIQUE_ONLY_LOWER_BOUND,3,A520,2,1,0,1,0,0,1,DIRECT_ELECTRODE
UNIQUE_ONLY_LOWER_BOUND,3,A521,1,0,1,1,0,0,1,DIRECT_ELECTRODE
UNIQUE_ONLY_LOWER_BOUND,3,A521,2,1,0,1,0,0,1,DIRECT_ELECTRODE
UNIQUE_ONLY_LOWER_BOUND,3,A522,1,0,1,1,0,0,1,DIRECT_ELECTRODE
UNIQUE_ONLY_LOWER_BOUND,3,A522,2,1,0,1,0,0,1,DIRECT_ELECTRODE
UNIQUE_ONLY_LOWER_BOUND,3,A523,1,0,1,1,0,0,1,DIRECT_ELECTRODE
UNIQUE_ONLY_LOWER_BOUND,3,A523,2,1,0,1,0,0,1,DIRECT_ELECTRODE
UNIQUE_ONLY_LOWER_BOUND,3,A524,1,0,1,1,0,0,1,DIRECT_ELECTRODE
UNIQUE_ONLY_LOWER_BOUND,3,A524,2,1,0,1,0,0,1,DIRECT_ELECTRODE
UNIQUE_ONLY_LOWER_BOUND,3,A524,3,0,0,0,0,1,1,SAME_MEDIUM_INHERITANCE
UNIQUE_ONLY_LOWER_BOUND,3,A525,1,0,1,1,0,0,1,DIRECT_ELECTRODE
UNIQUE_ONLY_LOWER_BOUND,3,A525,2,1,0,1,0,0,1,DIRECT_ELECTRODE
UNIQUE_ONLY_LOWER_BOUND,3,A526,1,0,1,1,0,0,1,DIRECT_ELECTRODE
UNIQUE_ONLY_LOWER_BOUND,3,A526,2,1,0,1,0,0,1,DIRECT_ELECTRODE
UNIQUE_ONLY_LOWER_BOUND,3,A526,3,0,0,0,0,1,1,SAME_MEDIUM_INHERITANCE
UNIQUE_ONLY_LOWER_BOUND,3,A528,1,0,1,1,0,0,1,DIRECT_ELECTRODE
UNIQUE_ONLY_LOWER_BOUND,3,A528,2,1,0,1,0,0,1,DIRECT_ELECTRODE
UNIQUE_ONLY_LOWER_BOUND,3,A528,3,0,0,0,0,1,1,SAME_MEDIUM_INHERITANCE
UNIQUE_ONLY_LOWER_BOUND,3,A529,1,0,1,1,0,0,1,DIRECT_ELECTRODE
UNIQUE_ONLY_LOWER_BOUND,3,A529,2,1,0,1,0,0,1,DIRECT_ELECTRODE
UNIQUE_ONLY_LOWER_BOUND,3,A530,1,0,1,1,0,0,1,DIRECT_ELECTRODE
UNIQUE_ONLY_LOWER_BOUND,3,A530,2,1,0,1,0,0,1,DIRECT_ELECTRODE
UNIQUE_ONLY_LOWER_BOUND,3,A531,1,0,1,1,0,0,1,DIRECT_ELECTRODE
UNIQUE_ONLY_LOWER_BOUND,3,A531,2,1,0,1,0,0,1,DIRECT_ELECTRODE
UNIQUE_ONLY_LOWER_BOUND,3,A533,1,0,1,1,0,0,1,DIRECT_ELECTRODE
UNIQUE_ONLY_LOWER_BOUND,3,A533,2,1,0,1,0,0,1,DIRECT_ELECTRODE
UNIQUE_ONLY_LOWER_BOUND,3,A534,1,0,1,1,0,0,1,DIRECT_ELECTRODE
UNIQUE_ONLY_LOWER_BOUND,3,A534,2,1,0,1,0,0,1,DIRECT_ELECTRODE
UNIQUE_ONLY_LOWER_BOUND,3,A535,1,0,1,1,0,0,1,DIRECT_ELECTRODE
UNIQUE_ONLY_LOWER_BOUND,3,A535,2,1,0,1,0,0,1,DIRECT_ELECTRODE
