Scope,Group,EdgeType,NodeA,NodeB,AxisDistance,ExactDistance
UNIQUE_ONLY_LOWER_BOUND,1,PIECE_PIECE,A1-1,A4-1,34.6436549215185,0
UNIQUE_ONLY_LOWER_BOUND,1,PIECE_PIECE,A1-1,A12-2,1.75018662029523e-12,0
UNIQUE_ONLY_LOWER_BOUND,1,PIECE_PIECE,A1-2,A12-1,0,0
UNIQUE_ONLY_LOWER_BOUND,1,PIECE_PIECE,A2-1,A10-2,5.14739050353081e-13,0
UNIQUE_ONLY_LOWER_BOUND,1,PIECE_PIECE,A2-2,A3-2,53.7473984804563,0
UNIQUE_ONLY_LOWER_BOUND,1,PIECE_PIECE,A2-2,A9-1,53.7473984804568,0
UNIQUE_ONLY_LOWER_BOUND,1,PIECE_PIECE,A2-2,A10-1,2.8421709430404e-14,0
UNIQUE_ONLY_LOWER_BOUND,1,PIECE_PIECE,A3-1,A9-2,5.21172319761611e-13,0
UNIQUE_ONLY_LOWER_BOUND,1,PIECE_PIECE,A3-2,A9-1,0,0
UNIQUE_ONLY_LOWER_BOUND,1,PIECE_PIECE,A3-2,A10-1,53.7473984804566,0
UNIQUE_ONLY_LOWER_BOUND,1,PIECE_PIECE,A4-1,A12-2,18.1160531675026,0
UNIQUE_ONLY_LOWER_BOUND,1,PIECE_PIECE,A9-1,A10-1,53.7473984804571,0
UNIQUE_ONLY_LOWER_BOUND,1,ELECTRODE,LEFT,A1-1,NaN,0
UNIQUE_ONLY_LOWER_BOUND,1,ELECTRODE,LEFT,A2-1,NaN,0
UNIQUE_ONLY_LOWER_BOUND,1,ELECTRODE,LEFT,A3-1,NaN,0
UNIQUE_ONLY_LOWER_BOUND,1,ELECTRODE,LEFT,A8-2,NaN,0
UNIQUE_ONLY_LOWER_BOUND,1,ELECTRODE,LEFT,A9-2,NaN,0
UNIQUE_ONLY_LOWER_BOUND,1,ELECTRODE,LEFT,A10-2,NaN,0
UNIQUE_ONLY_LOWER_BOUND,1,ELECTRODE,LEFT,A12-2,NaN,0
UNIQUE_ONLY_LOWER_BOUND,1,ELECTRODE,A1-2,RIGHT,NaN,0
UNIQUE_ONLY_LOWER_BOUND,1,ELECTRODE,A2-2,RIGHT,NaN,0
UNIQUE_ONLY_LOWER_BOUND,1,ELECTRODE,A3-2,RIGHT,NaN,0
UNIQUE_ONLY_LOWER_BOUND,1,ELECTRODE,A8-1,RIGHT,NaN,0
UNIQUE_ONLY_LOWER_BOUND,1,ELECTRODE,A9-1,RIGHT,NaN,0
UNIQUE_ONLY_LOWER_BOUND,1,ELECTRODE,A10-1,RIGHT,NaN,0
UNIQUE_ONLY_LOWER_BOUND,1,ELECTRODE,A12-1,RIGHT,NaN,0
UNIQUE_ONLY_LOWER_BOUND,2,PIECE_PIECE,A1-1,A47-2,1.86460277596515e-12,0
UNIQUE_ONLY_LOWER_BOUND,2,PIECE_PIECE,A1-2,A3-2,17.9442880522734,0
UNIQUE_ONLY_LOWER_BOUND,2,PIECE_PIECE,A1-2,A43-1,56.9633946438146,0
UNIQUE_ONLY_LOWER_BOUND,2,PIECE_PIECE,A1-2,A47-1,5.6843418860808e-14,0
UNIQUE_ONLY_LOWER_BOUND,2,PIECE_PIECE,A2-1,A11-1,23.430510427187,0
UNIQUE_ONLY_LOWER_BOUND,2,PIECE_PIECE,A2-1,A12-1,55.8323230913112,0
UNIQUE_ONLY_LOWER_BOUND,2,PIECE_PIECE,A2-1,A44-2,23.4305104271885,0
UNIQUE_ONLY_LOWER_BOUND,2,PIECE_PIECE,A2-1,A49-2,3.88702596803313e-12,0
UNIQUE_ONLY_LOWER_BOUND,2,PIECE_PIECE,A2-2,A3-2,26.7128615061826,0
UNIQUE_ONLY_LOWER_BOUND,2,PIECE_PIECE,A2-2,A43-1,26.7128615061826,0
UNIQUE_ONLY_LOWER_BOUND,2,PIECE_PIECE,A2-2,A49-1,1.17185710042169e-13,0
UNIQUE_ONLY_LOWER_BOUND,2,PIECE_PIECE,A3-1,A6-1,27.9212035368755,0
UNIQUE_ONLY_LOWER_BOUND,2,PIECE_PIECE,A3-1,A16-1,30.4771678908694,0
UNIQUE_ONLY_LOWER_BOUND,2,PIECE_PIECE,A3-1,A42-2,27.9212035368755,0
UNIQUE_ONLY_LOWER_BOUND,2,PIECE_PIECE,A3-1,A43-2,6.0425383098474e-13,0
UNIQUE_ONLY_LOWER_BOUND,2,PIECE_PIECE,A3-2,A34-1,58.3628222923124,0
UNIQUE_ONLY_LOWER_BOUND,2,PIECE_PIECE,A3-2,A43-1,5.6843418860808e-14,0
UNIQUE_ONLY_LOWER_BOUND,2,PIECE_PIECE,A4-1,A5-1,29.5699198660844,0
UNIQUE_ONLY_LOWER_BOUND,2,PIECE_PIECE,A4-1,A45-2,5.69172278778994e-13,0
UNIQUE_ONLY_LOWER_BOUND,2,PIECE_PIECE,A4-1,A46-2,29.5699198660845,0
UNIQUE_ONLY_LOWER_BOUND,2,PIECE_PIECE,A4-2,A5-2,38.8426042996635,0
UNIQUE_ONLY_LOWER_BOUND,2,PIECE_PIECE,A4-2,A45-1,2.8421709430404e-14,0
UNIQUE_ONLY_LOWER_BOUND,2,PIECE_PIECE,A4-2,A46-1,38.8426042996634,0
UNIQUE_ONLY_LOWER_BOUND,2,PIECE_PIECE,A5-1,A45-2,29.5699198660844,0
UNIQUE_ONLY_LOWER_BOUND,2,PIECE_PIECE,A5-1,A46-2,1.40162546880878e-12,0
UNIQUE_ONLY_LOWER_BOUND,2,PIECE_PIECE,A5-2,A45-1,38.8426042996635,0
UNIQUE_ONLY_LOWER_BOUND,2,PIECE_PIECE,A5-2,A46-1,1.72882509170285e-13,0
UNIQUE_ONLY_LOWER_BOUND,2,PIECE_PIECE,A6-1,A42-2,4.93098229210815e-13,0
UNIQUE_ONLY_LOWER_BOUND,2,PIECE_PIECE,A6-1,A43-2,27.9212035368754,0
UNIQUE_ONLY_LOWER_BOUND,2,PIECE_PIECE,A6-2,A42-1,7.105427357601e-15,0
UNIQUE_ONLY_LOWER_BOUND,2,PIECE_PIECE,A7-1,A38-2,9.61729501550998e-13,0
UNIQUE_ONLY_LOWER_BOUND,2,PIECE_PIECE,A7-2,A33-1,19.5693999700992,0
UNIQUE_ONLY_LOWER_BOUND,2,PIECE_PIECE,A7-2,A38-1,0,0
UNIQUE_ONLY_LOWER_BOUND,2,PIECE_PIECE,A9-1,A48-2,1.45701115093019e-12,0
UNIQUE_ONLY_LOWER_BOUND,2,PIECE_PIECE,A9-2,A11-2,3.73307454762764,0
UNIQUE_ONLY_LOWER_BOUND,2,PIECE_PIECE,A9-2,A44-1,3.73307454762819,0
UNIQUE_ONLY_LOWER_BOUND,2,PIECE_PIECE,A9-2,A48-1,2.8421709430404e-14,0
UNIQUE_ONLY_LOWER_BOUND,2,PIECE_PIECE,A10-1,A39-2,1.61504347547354e-12,0
UNIQUE_ONLY_LOWER_BOUND,2,PIECE_PIECE,A10-2,A24-1,49.0730002220779,0
UNIQUE_ONLY_LOWER_BOUND,2,PIECE_PIECE,A10-2,A39-1,2.8421709430404e-14,0
UNIQUE_ONLY_LOWER_BOUND,2,PIECE_PIECE,A11-1,A12-1,26.6157494968832,0
UNIQUE_ONLY_LOWER_BOUND,2,PIECE_PIECE,A11-1,A44-2,1.89388631803321e-12,0
UNIQUE_ONLY_LOWER_BOUND,2,PIECE_PIECE,A11-1,A49-2,23.4305104271858,0
UNIQUE_ONLY_LOWER_BOUND,2,PIECE_PIECE,A11-2,A44-1,2.8421709430404e-14,0
UNIQUE_ONLY_LOWER_BOUND,2,PIECE_PIECE,A11-2,A48-1,51.2703861960969,0
UNIQUE_ONLY_LOWER_BOUND,2,PIECE_PIECE,A12-1,A24-1,1.4411345697131,0
UNIQUE_ONLY_LOWER_BOUND,2,PIECE_PIECE,A12-1,A44-2,26.615749496883,0
UNIQUE_ONLY_LOWER_BOUND,2,PIECE_PIECE,A12-1,A49-2,55.8323230913091,0
UNIQUE_ONLY_LOWER_BOUND,2,PIECE_PIECE,A14-1,A34-1,34.9110144444014,0
UNIQUE_ONLY_LOWER_BOUND,2,PIECE_PIECE,A16-1,A43-2,12.5170834564984,0
UNIQUE_ONLY_LOWER_BOUND,2,PIECE_PIECE,A24-1,A39-1,49.073000222078,0
UNIQUE_ONLY_LOWER_BOUND,2,PIECE_PIECE,A26-1,A33-1,9.35898192112835,0
UNIQUE_ONLY_LOWER_BOUND,2,PIECE_PIECE,A33-1,A34-1,33.2951496643673,0
UNIQUE_ONLY_LOWER_BOUND,2,PIECE_PIECE,A33-1,A38-1,19.5693999700996,0
UNIQUE_ONLY_LOWER_BOUND,2,PIECE_PIECE,A34-1,A43-1,58.3628222923124,0
UNIQUE_ONLY_LOWER_BOUND,2,PIECE_PIECE,A42-2,A43-2,27.9212035368755,0
UNIQUE_ONLY_LOWER_BOUND,2,PIECE_PIECE,A44-1,A48-1,51.2703861960965,0
UNIQUE_ONLY_LOWER_BOUND,2,PIECE_PIECE,A44-2,A49-2,23.4305104271873,0
UNIQUE_ONLY_LOWER_BOUND,2,PIECE_PIECE,A45-1,A46-1,38.8426042996634,0
UNIQUE_ONLY_LOWER_BOUND,2,PIECE_PIECE,A45-2,A46-2,29.5699198660844,0
UNIQUE_ONLY_LOWER_BOUND,2,ELECTRODE,LEFT,A1-1,NaN,0
UNIQUE_ONLY_LOWER_BOUND,2,ELECTRODE,LEFT,A2-1,NaN,0
UNIQUE_ONLY_LOWER_BOUND,2,ELECTRODE,LEFT,A3-1,NaN,0
UNIQUE_ONLY_LOWER_BOUND,2,ELECTRODE,LEFT,A4-1,NaN,0
UNIQUE_ONLY_LOWER_BOUND,2,ELECTRODE,LEFT,A5-1,NaN,0
UNIQUE_ONLY_LOWER_BOUND,2,ELECTRODE,LEFT,A6-1,NaN,0
UNIQUE_ONLY_LOWER_BOUND,2,ELECTRODE,LEFT,A7-1,NaN,0
UNIQUE_ONLY_LOWER_BOUND,2,ELECTRODE,LEFT,A8-1,NaN,0
UNIQUE_ONLY_LOWER_BOUND,2,ELECTRODE,LEFT,A9-1,NaN,0
UNIQUE_ONLY_LOWER_BOUND,2,ELECTRODE,LEFT,A10-1,NaN,0
UNIQUE_ONLY_LOWER_BOUND,2,ELECTRODE,LEFT,A11-1,NaN,0
UNIQUE_ONLY_LOWER_BOUND,2,ELECTRODE,LEFT,A34-2,NaN,0
UNIQUE_ONLY_LOWER_BOUND,2,ELECTRODE,LEFT,A38-2,NaN,0
UNIQUE_ONLY_LOWER_BOUND,2,ELECTRODE,LEFT,A39-2,NaN,0
UNIQUE_ONLY_LOWER_BOUND,2,ELECTRODE,LEFT,A42-2,NaN,0
UNIQUE_ONLY_LOWER_BOUND,2,ELECTRODE,LEFT,A43-2,NaN,0
UNIQUE_ONLY_LOWER_BOUND,2,ELECTRODE,LEFT,A44-2,NaN,0
UNIQUE_ONLY_LOWER_BOUND,2,ELECTRODE,LEFT,A45-2,NaN,0
UNIQUE_ONLY_LOWER_BOUND,2,ELECTRODE,LEFT,A46-2,NaN,0
UNIQUE_ONLY_LOWER_BOUND,2,ELECTRODE,LEFT,A47-2,NaN,0
UNIQUE_ONLY_LOWER_BOUND,2,ELECTRODE,LEFT,A48-2,NaN,0
UNIQUE_ONLY_LOWER_BOUND,2,ELECTRODE,LEFT,A49-2,NaN,0
UNIQUE_ONLY_LOWER_BOUND,2,ELECTRODE,A1-2,RIGHT,NaN,0
UNIQUE_ONLY_LOWER_BOUND,2,ELECTRODE,A2-2,RIGHT,NaN,0
UNIQUE_ONLY_LOWER_BOUND,2,ELECTRODE,A3-2,RIGHT,NaN,0
UNIQUE_ONLY_LOWER_BOUND,2,ELECTRODE,A4-2,RIGHT,NaN,0
UNIQUE_ONLY_LOWER_BOUND,2,ELECTRODE,A5-2,RIGHT,NaN,0
UNIQUE_ONLY_LOWER_BOUND,2,ELECTRODE,A6-2,RIGHT,NaN,0
UNIQUE_ONLY_LOWER_BOUND,2,ELECTRODE,A7-2,RIGHT,NaN,0
UNIQUE_ONLY_LOWER_BOUND,2,ELECTRODE,A8-2,RIGHT,NaN,0
UNIQUE_ONLY_LOWER_BOUND,2,ELECTRODE,A9-2,RIGHT,NaN,0
UNIQUE_ONLY_LOWER_BOUND,2,ELECTRODE,A10-2,RIGHT,NaN,0
UNIQUE_ONLY_LOWER_BOUND,2,ELECTRODE,A11-2,RIGHT,NaN,0
UNIQUE_ONLY_LOWER_BOUND,2,ELECTRODE,A34-1,RIGHT,NaN,0
UNIQUE_ONLY_LOWER_BOUND,2,ELECTRODE,A38-1,RIGHT,NaN,0
UNIQUE_ONLY_LOWER_BOUND,2,ELECTRODE,A39-1,RIGHT,NaN,0
UNIQUE_ONLY_LOWER_BOUND,2,ELECTRODE,A42-1,RIGHT,NaN,0
UNIQUE_ONLY_LOWER_BOUND,2,ELECTRODE,A43-1,RIGHT,NaN,0
UNIQUE_ONLY_LOWER_BOUND,2,ELECTRODE,A44-1,RIGHT,NaN,0
UNIQUE_ONLY_LOWER_BOUND,2,ELECTRODE,A45-1,RIGHT,NaN,0
UNIQUE_ONLY_LOWER_BOUND,2,ELECTRODE,A46-1,RIGHT,NaN,0
UNIQUE_ONLY_LOWER_BOUND,2,ELECTRODE,A47-1,RIGHT,NaN,0
UNIQUE_ONLY_LOWER_BOUND,2,ELECTRODE,A48-1,RIGHT,NaN,0
UNIQUE_ONLY_LOWER_BOUND,2,ELECTRODE,A49-1,RIGHT,NaN,0
UNIQUE_ONLY_LOWER_BOUND,3,PIECE_PIECE,A1-1,A215-2,2.48388127474784,0
UNIQUE_ONLY_LOWER_BOUND,3,PIECE_PIECE,A1-1,A297-2,2.48388127475375,0
UNIQUE_ONLY_LOWER_BOUND,3,PIECE_PIECE,A2-1,A99-2,28.3609817785021,0
UNIQUE_ONLY_LOWER_BOUND,3,PIECE_PIECE,A2-1,A104-2,3.50174297594799,0
UNIQUE_ONLY_LOWER_BOUND,3,PIECE_PIECE,A2-1,A107-1,39.5970938475745,0
UNIQUE_ONLY_LOWER_BOUND,3,PIECE_PIECE,A2-1,A135-1,3.50174297594821,0
UNIQUE_ONLY_LOWER_BOUND,3,PIECE_PIECE,A2-1,A505-2,1.374811877925e-11,0
UNIQUE_ONLY_LOWER_BOUND,3,PIECE_PIECE,A2-1,A524-2,28.3609817785032,0
UNIQUE_ONLY_LOWER_BOUND,3,PIECE_PIECE,A2-2,A505-1,0,0
UNIQUE_ONLY_LOWER_BOUND,3,PIECE_PIECE,A4-1,A420-3,1.59161572810262e-12,0
UNIQUE_ONLY_LOWER_BOUND,3,PIECE_PIECE,A4-2,A420-2,3.01645267459699e-12,0
UNIQUE_ONLY_LOWER_BOUND,3,PIECE_PIECE,A4-3,A420-1,3.85865922646125e-12,0
UNIQUE_ONLY_LOWER_BOUND,3,PIECE_PIECE,A5-1,A535-2,7.87645516342708e-13,0
UNIQUE_ONLY_LOWER_BOUND,3,PIECE_PIECE,A5-2,A535-1,1.13686837721616e-13,0
UNIQUE_ONLY_LOWER_BOUND,3,PIECE_PIECE,A6-1,A106-1,50.5851739741899,0
UNIQUE_ONLY_LOWER_BOUND,3,PIECE_PIECE,A6-1,A485-2,2.73340609549427e-11,0
UNIQUE_ONLY_LOWER_BOUND,3,PIECE_PIECE,A6-2,A485-1,0,0
UNIQUE_ONLY_LOWER_BOUND,3,PIECE_PIECE,A7-1,A452-2,7.31338687986965e-12,0
UNIQUE_ONLY_LOWER_BOUND,3,PIECE_PIECE,A7-2,A452-1,0,0
UNIQUE_ONLY_LOWER_BOUND,3,PIECE_PIECE,A8-1,A450-2,1.34054089112248e-11,0
UNIQUE_ONLY_LOWER_BOUND,3,PIECE_PIECE,A8-2,A450-1,0,0
UNIQUE_ONLY_LOWER_BOUND,3,PIECE_PIECE,A9-1,A503-3,1.39941062602057e-11,0
UNIQUE_ONLY_LOWER_BOUND,3,PIECE_PIECE,A9-2,A178-4,54.1869683237233,0
UNIQUE_ONLY_LOWER_BOUND,3,PIECE_PIECE,A9-2,A503-2,1.18321730326513e-11,0
UNIQUE_ONLY_LOWER_BOUND,3,PIECE_PIECE,A9-3,A503-1,1.04096426569045e-11,0
UNIQUE_ONLY_LOWER_BOUND,3,PIECE_PIECE,A10-1,A94-1,41.4321392304714,0
UNIQUE_ONLY_LOWER_BOUND,3,PIECE_PIECE,A10-1,A97-1,35.5663310110501,0
UNIQUE_ONLY_LOWER_BOUND,3,PIECE_PIECE,A10-1,A525-2,4.44823633445009e-11,0
UNIQUE_ONLY_LOWER_BOUND,3,PIECE_PIECE,A10-2,A525-1,2.27373675443232e-13,0
UNIQUE_ONLY_LOWER_BOUND,3,PIECE_PIECE,A12-1,A440-3,2.23150785066269e-11,0
UNIQUE_ONLY_LOWER_BOUND,3,PIECE_PIECE,A12-2,A440-2,8.09654639613875e-12,0
UNIQUE_ONLY_LOWER_BOUND,3,PIECE_PIECE,A12-3,A440-1,1.12590154486861e-11,0
UNIQUE_ONLY_LOWER_BOUND,3,PIECE_PIECE,A13-1,A94-1,42.601465565007,0
UNIQUE_ONLY_LOWER_BOUND,3,PIECE_PIECE,A13-1,A106-1,17.3953381344019,0
UNIQUE_ONLY_LOWER_BOUND,3,PIECE_PIECE,A13-1,A281-1,34.8579009813604,0
UNIQUE_ONLY_LOWER_BOUND,3,PIECE_PIECE,A13-1,A310-2,34.8579009813618,0
UNIQUE_ONLY_LOWER_BOUND,3,PIECE_PIECE,A14-1,A106-1,6.47117067564551,0
UNIQUE_ONLY_LOWER_BOUND,3,PIECE_PIECE,A14-1,A490-2,6.85900119105934e-12,0
UNIQUE_ONLY_LOWER_BOUND,3,PIECE_PIECE,A14-2,A490-1,0,0
UNIQUE_ONLY_LOWER_BOUND,3,PIECE_PIECE,A15-1,A393-2,5.79245315878188e-12,0
UNIQUE_ONLY_LOWER_BOUND,3,PIECE_PIECE,A15-2,A382-1,48.49825233488,0
UNIQUE_ONLY_LOWER_BOUND,3,PIECE_PIECE,A15-2,A393-1,4.54747350886464e-13,0
UNIQUE_ONLY_LOWER_BOUND,3,PIECE_PIECE,A16-1,A127-2,60.6514112062545,0.651411206271091
UNIQUE_ONLY_LOWER_BOUND,3,PIECE_PIECE,A16-1,A143-1,60.6514112062511,0.651411206267776
UNIQUE_ONLY_LOWER_BOUND,3,PIECE_PIECE,A16-1,A456-2,7.95807864051312e-12,0
UNIQUE_ONLY_LOWER_BOUND,3,PIECE_PIECE,A16-2,A456-1,0,0
UNIQUE_ONLY_LOWER_BOUND,3,PIECE_PIECE,A17-1,A398-2,1.04690702148412e-11,0
UNIQUE_ONLY_LOWER_BOUND,3,PIECE_PIECE,A17-2,A338-1,14.4864597072032,0
UNIQUE_ONLY_LOWER_BOUND,3,PIECE_PIECE,A17-2,A398-1,6.43109871076874e-13,0
UNIQUE_ONLY_LOWER_BOUND,3,PIECE_PIECE,A18-1,A462-2,3.04013496136507e-12,0
UNIQUE_ONLY_LOWER_BOUND,3,PIECE_PIECE,A18-2,A462-1,1.04195707875893e-12,0
UNIQUE_ONLY_LOWER_BOUND,3,PIECE_PIECE,A19-1,A474-3,3.34448050274603e-11,0
UNIQUE_ONLY_LOWER_BOUND,3,PIECE_PIECE,A19-2,A474-2,2.2755550168216e-11,0
UNIQUE_ONLY_LOWER_BOUND,3,PIECE_PIECE,A19-3,A474-1,1.62074533247476e-11,0
UNIQUE_ONLY_LOWER_BOUND,3,PIECE_PIECE,A20-1,A443-2,5.26408116583763e-12,0
UNIQUE_ONLY_LOWER_BOUND,3,PIECE_PIECE,A20-2,A443-1,0,0
UNIQUE_ONLY_LOWER_BOUND,3,PIECE_PIECE,A21-1,A36-1,32.6067186648203,0
UNIQUE_ONLY_LOWER_BOUND,3,PIECE_PIECE,A21-1,A477-2,1.08313191862648e-11,0
UNIQUE_ONLY_LOWER_BOUND,3,PIECE_PIECE,A21-1,A530-2,32.6067186648403,0
UNIQUE_ONLY_LOWER_BOUND,3,PIECE_PIECE,A21-2,A477-1,0,0
UNIQUE_ONLY_LOWER_BOUND,3,PIECE_PIECE,A22-1,A480-2,3.77741519647228e-12,0
UNIQUE_ONLY_LOWER_BOUND,3,PIECE_PIECE,A22-2,A480-1,0,0
UNIQUE_ONLY_LOWER_BOUND,3,PIECE_PIECE,A23-1,A119-1,17.7595591183697,0
UNIQUE_ONLY_LOWER_BOUND,3,PIECE_PIECE,A23-1,A520-2,1.08664636585204e-11,0
UNIQUE_ONLY_LOWER_BOUND,3,PIECE_PIECE,A23-2,A520-1,5.08422994585042e-13,0
UNIQUE_ONLY_LOWER_BOUND,3,PIECE_PIECE,A24-1,A533-2,2.7781025195376e-11,0
UNIQUE_ONLY_LOWER_BOUND,3,PIECE_PIECE,A24-2,A533-1,4.54747350886464e-13,0
UNIQUE_ONLY_LOWER_BOUND,3,PIECE_PIECE,A25-1,A521-2,2.50716371124818e-11,0
UNIQUE_ONLY_LOWER_BOUND,3,PIECE_PIECE,A25-2,A521-1,0,0
UNIQUE_ONLY_LOWER_BOUND,3,PIECE_PIECE,A26-1,A534-2,3.53931429069539e-11,0
UNIQUE_ONLY_LOWER_BOUND,3,PIECE_PIECE,A26-2,A534-1,4.54747350886464e-13,0
UNIQUE_ONLY_LOWER_BOUND,3,PIECE_PIECE,A27-1,A464-2,9.74528984067403e-12,0
UNIQUE_ONLY_LOWER_BOUND,3,PIECE_PIECE,A27-2,A99-3,27.484068166523,0
UNIQUE_ONLY_LOWER_BOUND,3,PIECE_PIECE,A27-2,A464-1,4.54747350886464e-13,0
UNIQUE_ONLY_LOWER_BOUND,3,PIECE_PIECE,A27-2,A524-1,27.4840681665232,0
UNIQUE_ONLY_LOWER_BOUND,3,PIECE_PIECE,A28-1,A512-2,2.91909635538682e-11,0
UNIQUE_ONLY_LOWER_BOUND,3,PIECE_PIECE,A28-2,A512-1,0,0
UNIQUE_ONLY_LOWER_BOUND,3,PIECE_PIECE,A29-1,A156-1,57.7531825989775,0
UNIQUE_ONLY_LOWER_BOUND,3,PIECE_PIECE,A29-1,A290-2,57.7531825989825,0
UNIQUE_ONLY_LOWER_BOUND,3,PIECE_PIECE,A29-1,A504-2,1.18850332052755e-11,0
UNIQUE_ONLY_LOWER_BOUND,3,PIECE_PIECE,A29-2,A504-1,2.27373675443232e-13,0
UNIQUE_ONLY_LOWER_BOUND,3,PIECE_PIECE,A30-1,A381-2,4.12418493106476e-12,0
UNIQUE_ONLY_LOWER_BOUND,3,PIECE_PIECE,A30-2,A381-1,0,0
UNIQUE_ONLY_LOWER_BOUND,3,PIECE_PIECE,A31-1,A32-1,21.6690882153172,0
UNIQUE_ONLY_LOWER_BOUND,3,PIECE_PIECE,A31-1,A509-2,21.6690882153119,0
UNIQUE_ONLY_LOWER_BOUND,3,PIECE_PIECE,A31-1,A529-2,8.21067719028533e-12,0
UNIQUE_ONLY_LOWER_BOUND,3,PIECE_PIECE,A31-2,A35-2,58.5244437736695,0
UNIQUE_ONLY_LOWER_BOUND,3,PIECE_PIECE,A31-2,A482-1,58.5244437736702,0
UNIQUE_ONLY_LOWER_BOUND,3,PIECE_PIECE,A31-2,A529-1,2.27373675443232e-13,0
UNIQUE_ONLY_LOWER_BOUND,3,PIECE_PIECE,A32-1,A207-1,11.2080670232473,0
UNIQUE_ONLY_LOWER_BOUND,3,PIECE_PIECE,A32-1,A509-2,2.71442651518071e-11,0
UNIQUE_ONLY_LOWER_BOUND,3,PIECE_PIECE,A32-1,A529-2,21.6690882153147,0
UNIQUE_ONLY_LOWER_BOUND,3,PIECE_PIECE,A32-2,A460-1,41.2593338469228,0
UNIQUE_ONLY_LOWER_BOUND,3,PIECE_PIECE,A32-2,A509-1,2.27373675443232e-13,0
UNIQUE_ONLY_LOWER_BOUND,3,PIECE_PIECE,A33-1,A138-1,23.0869297094121,0
UNIQUE_ONLY_LOWER_BOUND,3,PIECE_PIECE,A33-1,A187-2,23.0869297094384,0
UNIQUE_ONLY_LOWER_BOUND,3,PIECE_PIECE,A33-1,A491-2,6.40290083553224e-12,0
UNIQUE_ONLY_LOWER_BOUND,3,PIECE_PIECE,A33-2,A491-1,2.27373675443232e-13,0
UNIQUE_ONLY_LOWER_BOUND,3,PIECE_PIECE,A34-1,A506-2,1.05508490593761e-11,0
UNIQUE_ONLY_LOWER_BOUND,3,PIECE_PIECE,A34-2,A506-1,0,0
UNIQUE_ONLY_LOWER_BOUND,3,PIECE_PIECE,A35-1,A482-2,6.48600985711001e-12,0
UNIQUE_ONLY_LOWER_BOUND,3,PIECE_PIECE,A35-2,A482-1,0,0
UNIQUE_ONLY_LOWER_BOUND,3,PIECE_PIECE,A35-2,A529-1,58.5244437736672,0
UNIQUE_ONLY_LOWER_BOUND,3,PIECE_PIECE,A36-1,A477-2,32.60671866482,0
UNIQUE_ONLY_LOWER_BOUND,3,PIECE_PIECE,A36-1,A530-2,3.3948229896956e-11,0
UNIQUE_ONLY_LOWER_BOUND,3,PIECE_PIECE,A36-2,A530-1,0,0
UNIQUE_ONLY_LOWER_BOUND,3,PIECE_PIECE,A38-1,A428-2,7.85344856884446e-12,0
UNIQUE_ONLY_LOWER_BOUND,3,PIECE_PIECE,A38-2,A367-1,35.6227525607112,0
UNIQUE_ONLY_LOWER_BOUND,3,PIECE_PIECE,A38-2,A406-2,25.2989207647809,0
UNIQUE_ONLY_LOWER_BOUND,3,PIECE_PIECE,A38-2,A428-1,1.01684598917008e-12,0
UNIQUE_ONLY_LOWER_BOUND,3,PIECE_PIECE,A38-2,A448-1,25.2989207647745,0
UNIQUE_ONLY_LOWER_BOUND,3,PIECE_PIECE,A40-1,A454-2,6.1559086910533e-12,0
UNIQUE_ONLY_LOWER_BOUND,3,PIECE_PIECE,A40-2,A454-1,0,0
UNIQUE_ONLY_LOWER_BOUND,3,PIECE_PIECE,A41-1,A516-2,3.83581479555348e-11,0
UNIQUE_ONLY_LOWER_BOUND,3,PIECE_PIECE,A41-2,A516-1,0,0
UNIQUE_ONLY_LOWER_BOUND,3,PIECE_PIECE,A42-1,A403-2,7.4584111038606e-12,0
UNIQUE_ONLY_LOWER_BOUND,3,PIECE_PIECE,A42-2,A403-1,0,0
UNIQUE_ONLY_LOWER_BOUND,3,PIECE_PIECE,A43-1,A419-2,8.07596759498486e-12,0
UNIQUE_ONLY_LOWER_BOUND,3,PIECE_PIECE,A43-2,A419-1,1.13686837721616e-13,0
UNIQUE_ONLY_LOWER_BOUND,3,PIECE_PIECE,A44-1,A426-3,4.11679803031635e-11,0
UNIQUE_ONLY_LOWER_BOUND,3,PIECE_PIECE,A44-2,A426-2,3.25456248837109e-11,0
UNIQUE_ONLY_LOWER_BOUND,3,PIECE_PIECE,A44-3,A426-1,2.2691847243322e-11,0
UNIQUE_ONLY_LOWER_BOUND,3,PIECE_PIECE,A45-1,A466-2,3.53893083599209e-12,0
UNIQUE_ONLY_LOWER_BOUND,3,PIECE_PIECE,A45-2,A466-1,2.27373675443232e-13,0
UNIQUE_ONLY_LOWER_BOUND,3,PIECE_PIECE,A46-1,A114-1,26.1902684564598,0
UNIQUE_ONLY_LOWER_BOUND,3,PIECE_PIECE,A46-1,A402-2,4.57580695126537e-12,0
UNIQUE_ONLY_LOWER_BOUND,3,PIECE_PIECE,A46-2,A402-1,4.54747350886464e-13,0
UNIQUE_ONLY_LOWER_BOUND,3,PIECE_PIECE,A47-1,A416-2,2.54211497292521e-12,0
UNIQUE_ONLY_LOWER_BOUND,3,PIECE_PIECE,A47-2,A416-1,1.13686837721616e-13,0
UNIQUE_ONLY_LOWER_BOUND,3,PIECE_PIECE,A50-1,A131-1,41.2301921852901,0
UNIQUE_ONLY_LOWER_BOUND,3,PIECE_PIECE,A50-1,A498-2,1.86869659560443e-11,0
UNIQUE_ONLY_LOWER_BOUND,3,PIECE_PIECE,A50-2,A498-1,0,0
UNIQUE_ONLY_LOWER_BOUND,3,PIECE_PIECE,A51-1,A472-2,5.31417567459368e-12,0
UNIQUE_ONLY_LOWER_BOUND,3,PIECE_PIECE,A51-2,A389-1,20.8329026941698,0
UNIQUE_ONLY_LOWER_BOUND,3,PIECE_PIECE,A51-2,A472-1,5.6843418860808e-13,0
UNIQUE_ONLY_LOWER_BOUND,3,PIECE_PIECE,A51-2,A483-1,12.8643192195553,0
UNIQUE_ONLY_LOWER_BOUND,3,PIECE_PIECE,A51-2,A487-1,32.74512590036,0
UNIQUE_ONLY_LOWER_BOUND,3,PIECE_PIECE,A53-1,A500-2,3.08424659266405e-12,0
UNIQUE_ONLY_LOWER_BOUND,3,PIECE_PIECE,A53-2,A377-1,15.6777169719673,0
UNIQUE_ONLY_LOWER_BOUND,3,PIECE_PIECE,A53-2,A500-1,4.68742840168677e-13,0
UNIQUE_ONLY_LOWER_BOUND,3,PIECE_PIECE,A54-1,A447-2,1.46654987891644e-11,0
UNIQUE_ONLY_LOWER_BOUND,3,PIECE_PIECE,A54-2,A447-1,7.105427357601e-15,0
UNIQUE_ONLY_LOWER_BOUND,3,PIECE_PIECE,A55-1,A479-2,6.55057205717091e-12,0
UNIQUE_ONLY_LOWER_BOUND,3,PIECE_PIECE,A55-2,A305-1,28.9465780159887,0
UNIQUE_ONLY_LOWER_BOUND,3,PIECE_PIECE,A55-2,A380-1,1.59413842748961,0
UNIQUE_ONLY_LOWER_BOUND,3,PIECE_PIECE,A55-2,A479-1,0,0
UNIQUE_ONLY_LOWER_BOUND,3,PIECE_PIECE,A57-1,A155-1,34.2879407896581,0
UNIQUE_ONLY_LOWER_BOUND,3,PIECE_PIECE,A57-1,A502-2,1.98402261579517e-11,0
UNIQUE_ONLY_LOWER_BOUND,3,PIECE_PIECE,A57-2,A502-1,2.8421709430404e-14,0
UNIQUE_ONLY_LOWER_BOUND,3,PIECE_PIECE,A58-1,A429-2,1.0247593068766e-12,0
UNIQUE_ONLY_LOWER_BOUND,3,PIECE_PIECE,A58-2,A59-2,36.7791838301883,0
UNIQUE_ONLY_LOWER_BOUND,3,PIECE_PIECE,A58-2,A429-1,0,0
UNIQUE_ONLY_LOWER_BOUND,3,PIECE_PIECE,A58-2,A499-1,36.7791838301883,0
UNIQUE_ONLY_LOWER_BOUND,3,PIECE_PIECE,A59-1,A499-2,3.20951453738715e-12,0
UNIQUE_ONLY_LOWER_BOUND,3,PIECE_PIECE,A59-2,A429-1,36.7791838301885,0
UNIQUE_ONLY_LOWER_BOUND,3,PIECE_PIECE,A59-2,A499-1,5.6843418860808e-14,0
UNIQUE_ONLY_LOWER_BOUND,3,PIECE_PIECE,A60-1,A531-2,1.87497136067471e-12,0
UNIQUE_ONLY_LOWER_BOUND,3,PIECE_PIECE,A60-2,A531-1,2.0495186137532e-13,0
UNIQUE_ONLY_LOWER_BOUND,3,PIECE_PIECE,A61-1,A507-2,6.95258351500832e-12,0
UNIQUE_ONLY_LOWER_BOUND,3,PIECE_PIECE,A61-2,A507-1,1.13686837721616e-13,0
UNIQUE_ONLY_LOWER_BOUND,3,PIECE_PIECE,A62-1,A461-2,1.12710623950116e-11,0
UNIQUE_ONLY_LOWER_BOUND,3,PIECE_PIECE,A62-2,A461-1,0,0
UNIQUE_ONLY_LOWER_BOUND,3,PIECE_PIECE,A63-1,A264-1,56.7649958244215,0
UNIQUE_ONLY_LOWER_BOUND,3,PIECE_PIECE,A64-1,A518-3,2.83525035761692e-11,0
UNIQUE_ONLY_LOWER_BOUND,3,PIECE_PIECE,A64-2,A518-2,4.07373428678714e-12,0
UNIQUE_ONLY_LOWER_BOUND,3,PIECE_PIECE,A64-3,A518-1,3.37441226285042e-12,0
UNIQUE_ONLY_LOWER_BOUND,3,PIECE_PIECE,A65-1,A122-1,13.950579506539,0
UNIQUE_ONLY_LOWER_BOUND,3,PIECE_PIECE,A65-1,A497-2,1.46174926707731e-11,0
UNIQUE_ONLY_LOWER_BOUND,3,PIECE_PIECE,A65-2,A497-1,2.27373675443232e-13,0
UNIQUE_ONLY_LOWER_BOUND,3,PIECE_PIECE,A66-1,A444-2,6.85994329685199e-12,0
UNIQUE_ONLY_LOWER_BOUND,3,PIECE_PIECE,A66-2,A444-1,1.01684598917008e-12,0
UNIQUE_ONLY_LOWER_BOUND,3,PIECE_PIECE,A67-1,A96-1,22.7309740671359,0
UNIQUE_ONLY_LOWER_BOUND,3,PIECE_PIECE,A67-1,A121-2,22.7309740671379,0
UNIQUE_ONLY_LOWER_BOUND,3,PIECE_PIECE,A68-1,A517-2,9.0309506527922e-12,0
UNIQUE_ONLY_LOWER_BOUND,3,PIECE_PIECE,A68-2,A517-1,2.27373675443232e-13,0
UNIQUE_ONLY_LOWER_BOUND,3,PIECE_PIECE,A69-1,A374-2,2.34371420084339e-12,0
UNIQUE_ONLY_LOWER_BOUND,3,PIECE_PIECE,A69-2,A374-1,1.13686837721616e-13,0
UNIQUE_ONLY_LOWER_BOUND,3,PIECE_PIECE,A70-1,A522-2,5.4758832351546e-12,0
UNIQUE_ONLY_LOWER_BOUND,3,PIECE_PIECE,A70-2,A522-1,0,0
UNIQUE_ONLY_LOWER_BOUND,3,PIECE_PIECE,A71-1,A478-2,2.17709552154444e-11,0
UNIQUE_ONLY_LOWER_BOUND,3,PIECE_PIECE,A71-2,A478-1,0,0
UNIQUE_ONLY_LOWER_BOUND,3,PIECE_PIECE,A72-1,A183-1,15.2232950846471,0
UNIQUE_ONLY_LOWER_BOUND,3,PIECE_PIECE,A72-1,A489-2,2.22829102089926e-11,0
UNIQUE_ONLY_LOWER_BOUND,3,PIECE_PIECE,A72-2,A489-1,0,0
UNIQUE_ONLY_LOWER_BOUND,3,PIECE_PIECE,A74-1,A386-2,6.62122137262533e-12,0
UNIQUE_ONLY_LOWER_BOUND,3,PIECE_PIECE,A74-2,A386-1,0,0
UNIQUE_ONLY_LOWER_BOUND,3,PIECE_PIECE,A75-1,A515-2,1.64276497054638e-11,0
UNIQUE_ONLY_LOWER_BOUND,3,PIECE_PIECE,A75-2,A515-1,2.27373675443232e-13,0
UNIQUE_ONLY_LOWER_BOUND,3,PIECE_PIECE,A77-1,A205-1,31.4649037375362,0
UNIQUE_ONLY_LOWER_BOUND,3,PIECE_PIECE,A77-1,A523-2,4.02479605465845e-11,0
UNIQUE_ONLY_LOWER_BOUND,3,PIECE_PIECE,A77-2,A523-1,5.6843418860808e-14,0
UNIQUE_ONLY_LOWER_BOUND,3,PIECE_PIECE,A78-1,A388-2,5.77009702303691e-12,0
UNIQUE_ONLY_LOWER_BOUND,3,PIECE_PIECE,A78-2,A379-1,28.7476065262067,0
UNIQUE_ONLY_LOWER_BOUND,3,PIECE_PIECE,A78-2,A388-1,0,0
UNIQUE_ONLY_LOWER_BOUND,3,PIECE_PIECE,A79-1,A122-1,60.7906647820023,0.790664782046076
UNIQUE_ONLY_LOWER_BOUND,3,PIECE_PIECE,A79-1,A181-1,7.16867298121415,0
UNIQUE_ONLY_LOWER_BOUND,3,PIECE_PIECE,A79-1,A501-2,1.4795021784264e-11,0
UNIQUE_ONLY_LOWER_BOUND,3,PIECE_PIECE,A79-2,A501-1,5.08422994585042e-13,0
UNIQUE_ONLY_LOWER_BOUND,3,PIECE_PIECE,A82-1,A459-2,8.1633166114517e-12,0
UNIQUE_ONLY_LOWER_BOUND,3,PIECE_PIECE,A82-2,A459-1,0,0
UNIQUE_ONLY_LOWER_BOUND,3,PIECE_PIECE,A83-1,A463-2,1.47792889038101e-12,0
UNIQUE_ONLY_LOWER_BOUND,3,PIECE_PIECE,A83-2,A463-1,1.13686837721616e-13,0
UNIQUE_ONLY_LOWER_BOUND,3,PIECE_PIECE,A84-1,A514-2,4.19065166679165e-11,0
UNIQUE_ONLY_LOWER_BOUND,3,PIECE_PIECE,A84-2,A514-1,0,0
UNIQUE_ONLY_LOWER_BOUND,3,PIECE_PIECE,A87-1,A424-3,2.95161881338292e-12,0
UNIQUE_ONLY_LOWER_BOUND,3,PIECE_PIECE,A87-2,A424-2,5.6843418860808e-14,0
UNIQUE_ONLY_LOWER_BOUND,3,PIECE_PIECE,A87-3,A424-1,3.30682650221512e-12,0
UNIQUE_ONLY_LOWER_BOUND,3,PIECE_PIECE,A89-1,A438-3,6.53081161378626e-12,0
UNIQUE_ONLY_LOWER_BOUND,3,PIECE_PIECE,A89-2,A438-2,4.65977371548415e-12,0
UNIQUE_ONLY_LOWER_BOUND,3,PIECE_PIECE,A89-3,A438-1,2.79665143762428e-12,0
UNIQUE_ONLY_LOWER_BOUND,3,PIECE_PIECE,A90-1,A422-2,6.76030538093915e-12,0
UNIQUE_ONLY_LOWER_BOUND,3,PIECE_PIECE,A90-2,A422-1,4.54747350886464e-13,0
UNIQUE_ONLY_LOWER_BOUND,3,PIECE_PIECE,A92-1,A96-2,42.9687490304344,0
UNIQUE_ONLY_LOWER_BOUND,3,PIECE_PIECE,A92-1,A112-2,49.0382103498345,0
UNIQUE_ONLY_LOWER_BOUND,3,PIECE_PIECE,A92-1,A117-1,55.1530698039645,0
UNIQUE_ONLY_LOWER_BOUND,3,PIECE_PIECE,A92-1,A121-1,42.9687490304333,0
UNIQUE_ONLY_LOWER_BOUND,3,PIECE_PIECE,A92-1,A132-1,49.0382103498348,0
UNIQUE_ONLY_LOWER_BOUND,3,PIECE_PIECE,A92-1,A140-2,7.6127748992727e-12,0
UNIQUE_ONLY_LOWER_BOUND,3,PIECE_PIECE,A92-2,A140-1,1.70530256582424e-13,0
UNIQUE_ONLY_LOWER_BOUND,3,PIECE_PIECE,A94-1,A128-1,55.5243012508299,0
UNIQUE_ONLY_LOWER_BOUND,3,PIECE_PIECE,A94-1,A181-1,22.7884022180745,0
UNIQUE_ONLY_LOWER_BOUND,3,PIECE_PIECE,A94-1,A525-2,41.4321392304705,0
UNIQUE_ONLY_LOWER_BOUND,3,PIECE_PIECE,A95-1,A109-1,13.5722455829446,0
UNIQUE_ONLY_LOWER_BOUND,3,PIECE_PIECE,A95-1,A126-1,23.1958774985909,0
UNIQUE_ONLY_LOWER_BOUND,3,PIECE_PIECE,A96-1,A121-2,4.63753123184941e-12,0
UNIQUE_ONLY_LOWER_BOUND,3,PIECE_PIECE,A96-2,A121-1,0,0
UNIQUE_ONLY_LOWER_BOUND,3,PIECE_PIECE,A96-2,A128-1,45.7108805479045,0
UNIQUE_ONLY_LOWER_BOUND,3,PIECE_PIECE,A96-2,A140-2,42.9687490304342,0
UNIQUE_ONLY_LOWER_BOUND,3,PIECE_PIECE,A96-2,A161-1,56.4579456145748,0
UNIQUE_ONLY_LOWER_BOUND,3,PIECE_PIECE,A97-1,A190-1,48.2581123327412,0
UNIQUE_ONLY_LOWER_BOUND,3,PIECE_PIECE,A97-1,A525-2,35.5663310110342,0
UNIQUE_ONLY_LOWER_BOUND,3,PIECE_PIECE,A99-1,A524-3,6.35427050496315e-12,0
UNIQUE_ONLY_LOWER_BOUND,3,PIECE_PIECE,A99-2,A505-2,28.360981778501,0
UNIQUE_ONLY_LOWER_BOUND,3,PIECE_PIECE,A99-2,A524-2,1.13686837721616e-12,0
UNIQUE_ONLY_LOWER_BOUND,3,PIECE_PIECE,A99-3,A464-1,27.4840681665253,0
UNIQUE_ONLY_LOWER_BOUND,3,PIECE_PIECE,A99-3,A524-1,5.60650187523513e-12,0
UNIQUE_ONLY_LOWER_BOUND,3,PIECE_PIECE,A100-1,A209-2,42.938365603714,0
UNIQUE_ONLY_LOWER_BOUND,3,PIECE_PIECE,A100-1,A519-2,42.9383656037192,0
UNIQUE_ONLY_LOWER_BOUND,3,PIECE_PIECE,A101-1,A274-1,44.0259653595712,0
UNIQUE_ONLY_LOWER_BOUND,3,PIECE_PIECE,A102-1,A455-3,4.31411216618705e-12,0
UNIQUE_ONLY_LOWER_BOUND,3,PIECE_PIECE,A102-2,A455-2,1.01684598917008e-12,0
UNIQUE_ONLY_LOWER_BOUND,3,PIECE_PIECE,A102-3,A455-1,2.03369197834017e-12,0
UNIQUE_ONLY_LOWER_BOUND,3,PIECE_PIECE,A103-1,A249-1,38.5714471837552,0
UNIQUE_ONLY_LOWER_BOUND,3,PIECE_PIECE,A104-1,A135-2,1.97173752791776e-11,0
UNIQUE_ONLY_LOWER_BOUND,3,PIECE_PIECE,A104-2,A115-1,36.9974063222651,0
UNIQUE_ONLY_LOWER_BOUND,3,PIECE_PIECE,A104-2,A135-1,2.27373675443232e-13,0
UNIQUE_ONLY_LOWER_BOUND,3,PIECE_PIECE,A104-2,A505-2,3.50174297594384,0
UNIQUE_ONLY_LOWER_BOUND,3,PIECE_PIECE,A105-1,A215-1,6.31648127031268,0
UNIQUE_ONLY_LOWER_BOUND,3,PIECE_PIECE,A105-1,A258-2,7.55483039294456e-12,0
UNIQUE_ONLY_LOWER_BOUND,3,PIECE_PIECE,A105-1,A297-3,6.31648127030785,0
UNIQUE_ONLY_LOWER_BOUND,3,PIECE_PIECE,A105-2,A258-1,0,0
UNIQUE_ONLY_LOWER_BOUND,3,PIECE_PIECE,A106-1,A485-2,50.5851739741869,0
UNIQUE_ONLY_LOWER_BOUND,3,PIECE_PIECE,A106-1,A490-2,6.47117067564082,0
UNIQUE_ONLY_LOWER_BOUND,3,PIECE_PIECE,A107-1,A505-2,39.5970938475645,0
UNIQUE_ONLY_LOWER_BOUND,3,PIECE_PIECE,A108-1,A128-1,60.6696381011174,0.669638101117926
UNIQUE_ONLY_LOWER_BOUND,3,PIECE_PIECE,A109-1,A113-1,2.32680964221322,0
UNIQUE_ONLY_LOWER_BOUND,3,PIECE_PIECE,A110-1,A112-2,3.42359142128044,0
UNIQUE_ONLY_LOWER_BOUND,3,PIECE_PIECE,A110-1,A132-1,3.42359142128216,0
UNIQUE_ONLY_LOWER_BOUND,3,PIECE_PIECE,A110-1,A435-3,1.18268552382511e-12,0
UNIQUE_ONLY_LOWER_BOUND,3,PIECE_PIECE,A110-2,A435-2,3.28710309413531e-12,0
UNIQUE_ONLY_LOWER_BOUND,3,PIECE_PIECE,A110-3,A435-1,4.89810871033969e-12,0
UNIQUE_ONLY_LOWER_BOUND,3,PIECE_PIECE,A112-1,A132-2,3.92672428442223e-12,0
UNIQUE_ONLY_LOWER_BOUND,3,PIECE_PIECE,A112-2,A132-1,9.25343817704044e-13,0
UNIQUE_ONLY_LOWER_BOUND,3,PIECE_PIECE,A112-2,A140-2,49.0382103498345,0
UNIQUE_ONLY_LOWER_BOUND,3,PIECE_PIECE,A112-2,A181-1,53.9177421384,0
UNIQUE_ONLY_LOWER_BOUND,3,PIECE_PIECE,A112-2,A435-3,3.42359142127944,0
UNIQUE_ONLY_LOWER_BOUND,3,PIECE_PIECE,A114-1,A402-2,26.1902684564578,0
UNIQUE_ONLY_LOWER_BOUND,3,PIECE_PIECE,A115-1,A135-1,36.9974063222664,0
UNIQUE_ONLY_LOWER_BOUND,3,PIECE_PIECE,A117-1,A140-2,55.153069803965,0
UNIQUE_ONLY_LOWER_BOUND,3,PIECE_PIECE,A117-1,A164-1,21.9846553771493,0
UNIQUE_ONLY_LOWER_BOUND,3,PIECE_PIECE,A117-1,A184-1,48.4200721197756,0
UNIQUE_ONLY_LOWER_BOUND,3,PIECE_PIECE,A118-1,A138-1,12.0332470979632,0
UNIQUE_ONLY_LOWER_BOUND,3,PIECE_PIECE,A118-1,A187-2,12.0332470979715,0
UNIQUE_ONLY_LOWER_BOUND,3,PIECE_PIECE,A119-1,A123-1,4.84064581963682,0
UNIQUE_ONLY_LOWER_BOUND,3,PIECE_PIECE,A119-1,A130-3,4.84064581964749,0
UNIQUE_ONLY_LOWER_BOUND,3,PIECE_PIECE,A119-1,A520-2,17.7595591183732,0
UNIQUE_ONLY_LOWER_BOUND,3,PIECE_PIECE,A121-1,A128-1,45.7108805478988,0
UNIQUE_ONLY_LOWER_BOUND,3,PIECE_PIECE,A121-1,A140-2,42.9687490304326,0
UNIQUE_ONLY_LOWER_BOUND,3,PIECE_PIECE,A121-1,A161-1,56.4579456145655,0
UNIQUE_ONLY_LOWER_BOUND,3,PIECE_PIECE,A122-1,A497-2,13.9505795065353,0
UNIQUE_ONLY_LOWER_BOUND,3,PIECE_PIECE,A122-1,A501-2,60.7906647819984,0.790664782042497
UNIQUE_ONLY_LOWER_BOUND,3,PIECE_PIECE,A123-1,A130-3,1.04888045777177e-11,0
UNIQUE_ONLY_LOWER_BOUND,3,PIECE_PIECE,A123-2,A130-2,1.07996512152003e-11,0
UNIQUE_ONLY_LOWER_BOUND,3,PIECE_PIECE,A123-3,A130-1,1.15759776793837e-11,0
UNIQUE_ONLY_LOWER_BOUND,3,PIECE_PIECE,A124-1,A161-1,38.9206120522944,0
UNIQUE_ONLY_LOWER_BOUND,3,PIECE_PIECE,A124-1,A215-2,28.8452418445681,0
UNIQUE_ONLY_LOWER_BOUND,3,PIECE_PIECE,A124-1,A297-2,28.8452418445643,0
UNIQUE_ONLY_LOWER_BOUND,3,PIECE_PIECE,A124-1,A526-3,3.62723374357633e-11,0
UNIQUE_ONLY_LOWER_BOUND,3,PIECE_PIECE,A124-2,A526-2,1.35892631055721e-11,0
UNIQUE_ONLY_LOWER_BOUND,3,PIECE_PIECE,A124-3,A526-1,9.931832058938e-12,0
UNIQUE_ONLY_LOWER_BOUND,3,PIECE_PIECE,A127-1,A143-2,4.04228255719341e-12,0
UNIQUE_ONLY_LOWER_BOUND,3,PIECE_PIECE,A127-2,A143-1,0,0
UNIQUE_ONLY_LOWER_BOUND,3,PIECE_PIECE,A127-2,A456-2,60.6514112062575,0.6514112062749
UNIQUE_ONLY_LOWER_BOUND,3,PIECE_PIECE,A131-1,A156-1,5.72609773096749,0
UNIQUE_ONLY_LOWER_BOUND,3,PIECE_PIECE,A131-1,A290-2,5.72609773096357,0
UNIQUE_ONLY_LOWER_BOUND,3,PIECE_PIECE,A131-1,A498-2,41.2301921852822,0
UNIQUE_ONLY_LOWER_BOUND,3,PIECE_PIECE,A132-1,A140-2,49.0382103498344,0
UNIQUE_ONLY_LOWER_BOUND,3,PIECE_PIECE,A132-1,A181-1,53.9177421384113,0
UNIQUE_ONLY_LOWER_BOUND,3,PIECE_PIECE,A132-1,A435-3,3.42359142128111,0
UNIQUE_ONLY_LOWER_BOUND,3,PIECE_PIECE,A133-1,A148-2,54.4160424816577,0
UNIQUE_ONLY_LOWER_BOUND,3,PIECE_PIECE,A133-1,A169-1,26.8453359492081,0
UNIQUE_ONLY_LOWER_BOUND,3,PIECE_PIECE,A133-1,A481-3,26.8453359492109,0
UNIQUE_ONLY_LOWER_BOUND,3,PIECE_PIECE,A133-1,A528-3,5.06025549499527e-11,0
UNIQUE_ONLY_LOWER_BOUND,3,PIECE_PIECE,A133-2,A528-2,1.30239673049979e-11,0
UNIQUE_ONLY_LOWER_BOUND,3,PIECE_PIECE,A133-3,A528-1,5.06895430808253e-12,0
UNIQUE_ONLY_LOWER_BOUND,3,PIECE_PIECE,A134-1,A159-1,55.2039734156119,0
UNIQUE_ONLY_LOWER_BOUND,3,PIECE_PIECE,A134-1,A208-3,20.5379092753283,0
UNIQUE_ONLY_LOWER_BOUND,3,PIECE_PIECE,A134-1,A237-1,20.5379092753271,0
UNIQUE_ONLY_LOWER_BOUND,3,PIECE_PIECE,A135-1,A505-2,3.50174297594275,0
UNIQUE_ONLY_LOWER_BOUND,3,PIECE_PIECE,A136-1,A231-2,11.2236678179823,0
UNIQUE_ONLY_LOWER_BOUND,3,PIECE_PIECE,A136-1,A235-1,11.2236678179846,0
UNIQUE_ONLY_LOWER_BOUND,3,PIECE_PIECE,A137-1,A180-1,7.53658641222595,0
UNIQUE_ONLY_LOWER_BOUND,3,PIECE_PIECE,A137-1,A186-1,52.097267385145,0
UNIQUE_ONLY_LOWER_BOUND,3,PIECE_PIECE,A138-1,A187-2,5.6260168982453e-11,0
UNIQUE_ONLY_LOWER_BOUND,3,PIECE_PIECE,A138-1,A491-2,23.0869297094133,0
UNIQUE_ONLY_LOWER_BOUND,3,PIECE_PIECE,A138-2,A187-1,2.27373675443232e-13,0
UNIQUE_ONLY_LOWER_BOUND,3,PIECE_PIECE,A139-1,A510-3,7.00074648118091e-12,0
UNIQUE_ONLY_LOWER_BOUND,3,PIECE_PIECE,A139-2,A510-2,6.3664629124105e-12,0
UNIQUE_ONLY_LOWER_BOUND,3,PIECE_PIECE,A139-3,A510-1,4.21715344395839e-12,0
UNIQUE_ONLY_LOWER_BOUND,3,PIECE_PIECE,A142-1,A471-3,1.64154503208477e-11,0
UNIQUE_ONLY_LOWER_BOUND,3,PIECE_PIECE,A142-2,A471-2,1.30219823979827e-11,0
UNIQUE_ONLY_LOWER_BOUND,3,PIECE_PIECE,A142-3,A471-1,1.06841436031307e-11,0
UNIQUE_ONLY_LOWER_BOUND,3,PIECE_PIECE,A143-1,A456-2,60.6514112062547,0.651411206271526
UNIQUE_ONLY_LOWER_BOUND,3,PIECE_PIECE,A144-1,A336-1,53.8285791666457,0
UNIQUE_ONLY_LOWER_BOUND,3,PIECE_PIECE,A145-1,A173-2,3.77741519647228e-12,0
UNIQUE_ONLY_LOWER_BOUND,3,PIECE_PIECE,A145-2,A167-1,18.2483834819246,0
UNIQUE_ONLY_LOWER_BOUND,3,PIECE_PIECE,A145-2,A173-1,4.54747350886464e-13,0
UNIQUE_ONLY_LOWER_BOUND,3,PIECE_PIECE,A145-2,A179-2,18.2483834819263,0
UNIQUE_ONLY_LOWER_BOUND,3,PIECE_PIECE,A146-1,A160-1,31.5701422800904,0
UNIQUE_ONLY_LOWER_BOUND,3,PIECE_PIECE,A146-1,A508-3,1.63961489100256e-11,0
UNIQUE_ONLY_LOWER_BOUND,3,PIECE_PIECE,A146-2,A508-2,1.13686837721616e-11,0
UNIQUE_ONLY_LOWER_BOUND,3,PIECE_PIECE,A146-3,A508-1,7.33258070640527e-12,0
UNIQUE_ONLY_LOWER_BOUND,3,PIECE_PIECE,A147-1,A349-2,2.12031286116594e-11,0
UNIQUE_ONLY_LOWER_BOUND,3,PIECE_PIECE,A147-2,A349-1,2.8421709430404e-14,0
UNIQUE_ONLY_LOWER_BOUND,3,PIECE_PIECE,A148-2,A528-3,54.4160424816521,0
UNIQUE_ONLY_LOWER_BOUND,3,PIECE_PIECE,A150-1,A227-2,6.57420618827062e-12,0
UNIQUE_ONLY_LOWER_BOUND,3,PIECE_PIECE,A150-2,A227-1,0,0
UNIQUE_ONLY_LOWER_BOUND,3,PIECE_PIECE,A150-2,A281-1,12.7696251985423,0
UNIQUE_ONLY_LOWER_BOUND,3,PIECE_PIECE,A150-2,A310-2,12.7696251985409,0
UNIQUE_ONLY_LOWER_BOUND,3,PIECE_PIECE,A152-1,A189-2,1.4897748088407e-11,0
UNIQUE_ONLY_LOWER_BOUND,3,PIECE_PIECE,A152-2,A189-1,4.54747350886464e-13,0
UNIQUE_ONLY_LOWER_BOUND,3,PIECE_PIECE,A153-1,A162-2,6.35935351553917e-12,0
UNIQUE_ONLY_LOWER_BOUND,3,PIECE_PIECE,A153-2,A162-1,0,0
UNIQUE_ONLY_LOWER_BOUND,3,PIECE_PIECE,A153-2,A176-1,59.2145835836096,0
UNIQUE_ONLY_LOWER_BOUND,3,PIECE_PIECE,A154-1,A249-1,32.9887207968254,0
UNIQUE_ONLY_LOWER_BOUND,3,PIECE_PIECE,A155-1,A502-2,34.2879407896595,0
UNIQUE_ONLY_LOWER_BOUND,3,PIECE_PIECE,A156-1,A290-2,1.69728775703669e-11,0
UNIQUE_ONLY_LOWER_BOUND,3,PIECE_PIECE,A156-1,A504-2,57.7531825989878,0
UNIQUE_ONLY_LOWER_BOUND,3,PIECE_PIECE,A156-2,A290-1,0,0
UNIQUE_ONLY_LOWER_BOUND,3,PIECE_PIECE,A157-1,A159-2,34.7116024618233,0
UNIQUE_ONLY_LOWER_BOUND,3,PIECE_PIECE,A157-1,A161-1,15.5351113918957,0
UNIQUE_ONLY_LOWER_BOUND,3,PIECE_PIECE,A157-1,A185-2,19.958185620238,0
UNIQUE_ONLY_LOWER_BOUND,3,PIECE_PIECE,A157-1,A195-1,19.9581856202438,0
UNIQUE_ONLY_LOWER_BOUND,3,PIECE_PIECE,A158-1,A207-1,3.98828098974878,0
UNIQUE_ONLY_LOWER_BOUND,3,PIECE_PIECE,A159-1,A208-3,58.7907034037696,0
UNIQUE_ONLY_LOWER_BOUND,3,PIECE_PIECE,A159-1,A237-1,58.7907034037699,0
UNIQUE_ONLY_LOWER_BOUND,3,PIECE_PIECE,A160-1,A190-1,14.2839426819517,0
UNIQUE_ONLY_LOWER_BOUND,3,PIECE_PIECE,A160-1,A508-3,31.5701422800769,0
UNIQUE_ONLY_LOWER_BOUND,3,PIECE_PIECE,A161-1,A526-3,38.9206120522771,0
UNIQUE_ONLY_LOWER_BOUND,3,PIECE_PIECE,A162-1,A176-1,59.2145835836163,0
UNIQUE_ONLY_LOWER_BOUND,3,PIECE_PIECE,A163-1,A272-2,5.32753552482062e-12,0
UNIQUE_ONLY_LOWER_BOUND,3,PIECE_PIECE,A163-2,A249-1,13.4521797025604,0
UNIQUE_ONLY_LOWER_BOUND,3,PIECE_PIECE,A163-2,A272-1,2.54211497292521e-13,0
UNIQUE_ONLY_LOWER_BOUND,3,PIECE_PIECE,A165-1,A209-1,6.62456547988498,0
UNIQUE_ONLY_LOWER_BOUND,3,PIECE_PIECE,A165-1,A239-2,5.91171556152403e-12,0
UNIQUE_ONLY_LOWER_BOUND,3,PIECE_PIECE,A165-1,A519-3,6.6245654799003,0
UNIQUE_ONLY_LOWER_BOUND,3,PIECE_PIECE,A165-2,A239-1,4.54747350886464e-13,0
UNIQUE_ONLY_LOWER_BOUND,3,PIECE_PIECE,A166-1,A361-2,2.16817222994748e-11,0
UNIQUE_ONLY_LOWER_BOUND,3,PIECE_PIECE,A166-2,A361-1,2.27373675443232e-13,0
UNIQUE_ONLY_LOWER_BOUND,3,PIECE_PIECE,A167-1,A173-1,18.248383481925,0
UNIQUE_ONLY_LOWER_BOUND,3,PIECE_PIECE,A167-1,A179-2,5.62491408202413e-12,0
UNIQUE_ONLY_LOWER_BOUND,3,PIECE_PIECE,A167-2,A179-1,0,0
UNIQUE_ONLY_LOWER_BOUND,3,PIECE_PIECE,A169-1,A481-3,5.39054266193979e-12,0
UNIQUE_ONLY_LOWER_BOUND,3,PIECE_PIECE,A169-1,A528-3,26.8453359491995,0
UNIQUE_ONLY_LOWER_BOUND,3,PIECE_PIECE,A169-2,A481-2,6.39987226579141e-12,0
UNIQUE_ONLY_LOWER_BOUND,3,PIECE_PIECE,A169-3,A481-1,7.81385109687089e-12,0
UNIQUE_ONLY_LOWER_BOUND,3,PIECE_PIECE,A170-1,A193-1,9.13840450970887,0
UNIQUE_ONLY_LOWER_BOUND,3,PIECE_PIECE,A170-1,A277-2,25.1528675746994,0
UNIQUE_ONLY_LOWER_BOUND,3,PIECE_PIECE,A170-1,A355-1,25.1528675746991,0
UNIQUE_ONLY_LOWER_BOUND,3,PIECE_PIECE,A172-1,A316-1,60.6787506389012,0.678750639256177
UNIQUE_ONLY_LOWER_BOUND,3,PIECE_PIECE,A173-1,A179-2,18.2483834819258,0
UNIQUE_ONLY_LOWER_BOUND,3,PIECE_PIECE,A174-1,A209-1,41.4831763720655,0
UNIQUE_ONLY_LOWER_BOUND,3,PIECE_PIECE,A174-1,A218-2,9.53886090583321e-12,0
UNIQUE_ONLY_LOWER_BOUND,3,PIECE_PIECE,A174-1,A519-3,41.4831763720838,0
UNIQUE_ONLY_LOWER_BOUND,3,PIECE_PIECE,A174-2,A218-1,4.54747350886464e-13,0
UNIQUE_ONLY_LOWER_BOUND,3,PIECE_PIECE,A176-1,A196-1,12.860161418005,0
UNIQUE_ONLY_LOWER_BOUND,3,PIECE_PIECE,A177-1,A181-1,58.4712208256913,0
UNIQUE_ONLY_LOWER_BOUND,3,PIECE_PIECE,A177-1,A243-2,1.57776074474061e-11,0
UNIQUE_ONLY_LOWER_BOUND,3,PIECE_PIECE,A177-2,A243-1,2.8421709430404e-14,0
UNIQUE_ONLY_LOWER_BOUND,3,PIECE_PIECE,A178-1,A197-2,14.7510941977752,0
UNIQUE_ONLY_LOWER_BOUND,3,PIECE_PIECE,A178-1,A200-2,14.7510941977769,0
UNIQUE_ONLY_LOWER_BOUND,3,PIECE_PIECE,A178-4,A503-2,54.1869683237131,0
UNIQUE_ONLY_LOWER_BOUND,3,PIECE_PIECE,A180-1,A223-1,14.2373594382039,0
UNIQUE_ONLY_LOWER_BOUND,3,PIECE_PIECE,A180-1,A277-1,38.3627715540602,0
UNIQUE_ONLY_LOWER_BOUND,3,PIECE_PIECE,A180-1,A355-2,38.362771554058,0
UNIQUE_ONLY_LOWER_BOUND,3,PIECE_PIECE,A181-1,A243-2,58.4712208257041,0
UNIQUE_ONLY_LOWER_BOUND,3,PIECE_PIECE,A181-1,A501-2,7.16867298120278,0
UNIQUE_ONLY_LOWER_BOUND,3,PIECE_PIECE,A182-1,A246-2,1.52526898375512e-12,0
UNIQUE_ONLY_LOWER_BOUND,3,PIECE_PIECE,A182-2,A204-2,4.82755300198274,0
UNIQUE_ONLY_LOWER_BOUND,3,PIECE_PIECE,A182-2,A242-1,38.2306165778446,0
UNIQUE_ONLY_LOWER_BOUND,3,PIECE_PIECE,A182-2,A246-1,2.54211497292521e-13,0
UNIQUE_ONLY_LOWER_BOUND,3,PIECE_PIECE,A182-2,A252-1,4.82755300198394,0
UNIQUE_ONLY_LOWER_BOUND,3,PIECE_PIECE,A183-1,A489-2,15.2232950846662,0
UNIQUE_ONLY_LOWER_BOUND,3,PIECE_PIECE,A185-1,A195-2,7.513659348596e-12,0
UNIQUE_ONLY_LOWER_BOUND,3,PIECE_PIECE,A185-2,A188-1,13.3835254227309,0
UNIQUE_ONLY_LOWER_BOUND,3,PIECE_PIECE,A185-2,A195-1,0,0
UNIQUE_ONLY_LOWER_BOUND,3,PIECE_PIECE,A185-2,A366-2,13.3835254227284,0
UNIQUE_ONLY_LOWER_BOUND,3,PIECE_PIECE,A186-1,A223-1,23.9439425831167,0
UNIQUE_ONLY_LOWER_BOUND,3,PIECE_PIECE,A186-1,A284-1,8.20111445725882,0
UNIQUE_ONLY_LOWER_BOUND,3,PIECE_PIECE,A187-2,A491-2,23.0869297094397,0
UNIQUE_ONLY_LOWER_BOUND,3,PIECE_PIECE,A188-1,A195-1,13.3835254227428,0
UNIQUE_ONLY_LOWER_BOUND,3,PIECE_PIECE,A188-1,A366-2,1.20400748481859e-11,0
UNIQUE_ONLY_LOWER_BOUND,3,PIECE_PIECE,A188-2,A366-1,0,0
UNIQUE_ONLY_LOWER_BOUND,3,PIECE_PIECE,A195-1,A366-2,13.3835254227399,0
UNIQUE_ONLY_LOWER_BOUND,3,PIECE_PIECE,A197-1,A200-3,1.44949603513935e-11,0
UNIQUE_ONLY_LOWER_BOUND,3,PIECE_PIECE,A197-2,A200-2,3.40301756912044e-12,0
UNIQUE_ONLY_LOWER_BOUND,3,PIECE_PIECE,A197-3,A200-1,2.22779794310843e-12,0
UNIQUE_ONLY_LOWER_BOUND,3,PIECE_PIECE,A198-1,A356-2,1.23641949579201e-11,0
UNIQUE_ONLY_LOWER_BOUND,3,PIECE_PIECE,A198-2,A352-1,39.7069139348652,0
UNIQUE_ONLY_LOWER_BOUND,3,PIECE_PIECE,A198-2,A356-1,1.13686837721616e-13,0
UNIQUE_ONLY_LOWER_BOUND,3,PIECE_PIECE,A198-2,A418-2,39.7069139348678,0
UNIQUE_ONLY_LOWER_BOUND,3,PIECE_PIECE,A201-1,A283-3,3.58068422156603e-12,0
UNIQUE_ONLY_LOWER_BOUND,3,PIECE_PIECE,A201-2,A283-2,4.38542463643578e-12,0
UNIQUE_ONLY_LOWER_BOUND,3,PIECE_PIECE,A201-3,A283-1,1.54296117919544e-11,0
UNIQUE_ONLY_LOWER_BOUND,3,PIECE_PIECE,A201-3,A292-1,25.6328402470684,0
UNIQUE_ONLY_LOWER_BOUND,3,PIECE_PIECE,A201-3,A308-2,25.6328402470671,0
UNIQUE_ONLY_LOWER_BOUND,3,PIECE_PIECE,A203-1,A216-1,41.6568040288338,0
UNIQUE_ONLY_LOWER_BOUND,3,PIECE_PIECE,A203-1,A285-1,34.2780557531296,0
UNIQUE_ONLY_LOWER_BOUND,3,PIECE_PIECE,A204-1,A252-2,9.90055062042176e-12,0
UNIQUE_ONLY_LOWER_BOUND,3,PIECE_PIECE,A204-2,A242-1,37.4756749512618,0
UNIQUE_ONLY_LOWER_BOUND,3,PIECE_PIECE,A204-2,A246-1,4.82755300198311,0
UNIQUE_ONLY_LOWER_BOUND,3,PIECE_PIECE,A204-2,A252-1,1.13686837721616e-13,0
UNIQUE_ONLY_LOWER_BOUND,3,PIECE_PIECE,A205-1,A523-2,31.4649037375579,0
UNIQUE_ONLY_LOWER_BOUND,3,PIECE_PIECE,A206-1,A303-1,61.7786710871069,1.77867108710721
UNIQUE_ONLY_LOWER_BOUND,3,PIECE_PIECE,A207-1,A509-2,11.2080670232301,0
UNIQUE_ONLY_LOWER_BOUND,3,PIECE_PIECE,A208-1,A237-3,6.1179998952292e-12,0
UNIQUE_ONLY_LOWER_BOUND,3,PIECE_PIECE,A208-2,A237-2,1.57529103268542e-12,0
UNIQUE_ONLY_LOWER_BOUND,3,PIECE_PIECE,A208-3,A237-1,9.09494701772928e-13,0
UNIQUE_ONLY_LOWER_BOUND,3,PIECE_PIECE,A209-1,A218-2,41.4831763720649,0
UNIQUE_ONLY_LOWER_BOUND,3,PIECE_PIECE,A209-1,A239-2,6.62456547988393,0
UNIQUE_ONLY_LOWER_BOUND,3,PIECE_PIECE,A209-1,A519-3,2.73378434307035e-11,0
UNIQUE_ONLY_LOWER_BOUND,3,PIECE_PIECE,A209-2,A519-2,1.66340588822749e-11,0
UNIQUE_ONLY_LOWER_BOUND,3,PIECE_PIECE,A209-3,A473-2,48.4784430504751,0
UNIQUE_ONLY_LOWER_BOUND,3,PIECE_PIECE,A209-3,A493-1,48.4784430504725,0
UNIQUE_ONLY_LOWER_BOUND,3,PIECE_PIECE,A209-3,A519-1,1.0449298582058e-11,0
UNIQUE_ONLY_LOWER_BOUND,3,PIECE_PIECE,A210-1,A263-2,6.52685234599963e-12,0
UNIQUE_ONLY_LOWER_BOUND,3,PIECE_PIECE,A210-2,A263-1,0,0
UNIQUE_ONLY_LOWER_BOUND,3,PIECE_PIECE,A210-2,A276-1,3.96434762161836,0
UNIQUE_ONLY_LOWER_BOUND,3,PIECE_PIECE,A211-1,A285-1,0.225686257350192,0
UNIQUE_ONLY_LOWER_BOUND,3,PIECE_PIECE,A211-1,A342-2,23.7029149549996,0
UNIQUE_ONLY_LOWER_BOUND,3,PIECE_PIECE,A211-1,A362-1,23.7029149549851,0
UNIQUE_ONLY_LOWER_BOUND,3,PIECE_PIECE,A212-1,A371-2,5.92918004731714e-12,0
UNIQUE_ONLY_LOWER_BOUND,3,PIECE_PIECE,A212-2,A371-1,3.21554935538437e-13,0
UNIQUE_ONLY_LOWER_BOUND,3,PIECE_PIECE,A213-1,A304-2,7.29015461814988e-12,0
UNIQUE_ONLY_LOWER_BOUND,3,PIECE_PIECE,A213-2,A304-1,2.27373675443232e-13,0
UNIQUE_ONLY_LOWER_BOUND,3,PIECE_PIECE,A215-1,A258-2,6.31648127031184,0
UNIQUE_ONLY_LOWER_BOUND,3,PIECE_PIECE,A215-1,A297-3,8.6879359398803e-12,0
UNIQUE_ONLY_LOWER_BOUND,3,PIECE_PIECE,A215-2,A297-2,8.3974488518922e-12,0
UNIQUE_ONLY_LOWER_BOUND,3,PIECE_PIECE,A215-2,A526-3,28.845241844546,0
UNIQUE_ONLY_LOWER_BOUND,3,PIECE_PIECE,A215-3,A297-1,1.7239963278614e-11,0
UNIQUE_ONLY_LOWER_BOUND,3,PIECE_PIECE,A216-1,A264-1,54.9135831971758,0
UNIQUE_ONLY_LOWER_BOUND,3,PIECE_PIECE,A216-1,A285-1,44.757989538027,0
UNIQUE_ONLY_LOWER_BOUND,3,PIECE_PIECE,A216-1,A351-1,36.0279076579219,0
UNIQUE_ONLY_LOWER_BOUND,3,PIECE_PIECE,A217-1,A241-2,3.18517977718101e-11,0
UNIQUE_ONLY_LOWER_BOUND,3,PIECE_PIECE,A217-2,A241-1,0,0
UNIQUE_ONLY_LOWER_BOUND,3,PIECE_PIECE,A218-2,A519-3,41.4831763720833,0
UNIQUE_ONLY_LOWER_BOUND,3,PIECE_PIECE,A221-1,A299-1,47.2335760789479,0
UNIQUE_ONLY_LOWER_BOUND,3,PIECE_PIECE,A223-1,A317-1,29.2597627611843,0
UNIQUE_ONLY_LOWER_BOUND,3,PIECE_PIECE,A223-1,A345-2,29.2597627611845,0
UNIQUE_ONLY_LOWER_BOUND,3,PIECE_PIECE,A224-1,A238-1,56.3070499459327,0
UNIQUE_ONLY_LOWER_BOUND,3,PIECE_PIECE,A224-1,A315-2,1.36691876496929e-11,0
UNIQUE_ONLY_LOWER_BOUND,3,PIECE_PIECE,A224-2,A267-1,29.3224705777909,0
UNIQUE_ONLY_LOWER_BOUND,3,PIECE_PIECE,A224-2,A315-1,4.68742840168677e-13,0
UNIQUE_ONLY_LOWER_BOUND,3,PIECE_PIECE,A225-1,A271-1,12.8336530359692,0
UNIQUE_ONLY_LOWER_BOUND,3,PIECE_PIECE,A225-1,A295-1,20.0768414600122,0
UNIQUE_ONLY_LOWER_BOUND,3,PIECE_PIECE,A225-1,A300-2,12.833653035969,0
UNIQUE_ONLY_LOWER_BOUND,3,PIECE_PIECE,A226-1,A256-3,5.34207180156533e-12,0
UNIQUE_ONLY_LOWER_BOUND,3,PIECE_PIECE,A226-2,A256-2,4.98150764092467e-12,0
UNIQUE_ONLY_LOWER_BOUND,3,PIECE_PIECE,A226-3,A256-1,7.4584111038606e-12,0
UNIQUE_ONLY_LOWER_BOUND,3,PIECE_PIECE,A227-1,A281-1,12.7696251985406,0
UNIQUE_ONLY_LOWER_BOUND,3,PIECE_PIECE,A227-1,A310-2,12.7696251985392,0
UNIQUE_ONLY_LOWER_BOUND,3,PIECE_PIECE,A230-1,A359-2,1.20142838692326e-11,0
UNIQUE_ONLY_LOWER_BOUND,3,PIECE_PIECE,A230-2,A359-1,3.41060513164848e-13,0
UNIQUE_ONLY_LOWER_BOUND,3,PIECE_PIECE,A231-1,A235-2,6.12222357532858e-12,0
UNIQUE_ONLY_LOWER_BOUND,3,PIECE_PIECE,A231-2,A235-1,0,0
UNIQUE_ONLY_LOWER_BOUND,3,PIECE_PIECE,A233-1,A321-1,56.1458681276714,0
UNIQUE_ONLY_LOWER_BOUND,3,PIECE_PIECE,A233-1,A342-2,16.190259555084,0
UNIQUE_ONLY_LOWER_BOUND,3,PIECE_PIECE,A233-1,A362-1,16.190259555081,0
UNIQUE_ONLY_LOWER_BOUND,3,PIECE_PIECE,A233-1,A414-2,56.1458681276699,0
UNIQUE_ONLY_LOWER_BOUND,3,PIECE_PIECE,A238-1,A314-1,43.4188798625669,0
UNIQUE_ONLY_LOWER_BOUND,3,PIECE_PIECE,A238-1,A315-2,56.3070499459402,0
UNIQUE_ONLY_LOWER_BOUND,3,PIECE_PIECE,A238-1,A387-1,14.3571554951467,0
UNIQUE_ONLY_LOWER_BOUND,3,PIECE_PIECE,A239-2,A519-3,6.62456547989979,0
UNIQUE_ONLY_LOWER_BOUND,3,PIECE_PIECE,A242-1,A246-1,38.2306165778448,0
UNIQUE_ONLY_LOWER_BOUND,3,PIECE_PIECE,A242-1,A252-1,37.4756749512628,0
UNIQUE_ONLY_LOWER_BOUND,3,PIECE_PIECE,A246-1,A252-1,4.82755300198377,0
UNIQUE_ONLY_LOWER_BOUND,3,PIECE_PIECE,A249-1,A264-1,2.79432741462244,0
UNIQUE_ONLY_LOWER_BOUND,3,PIECE_PIECE,A249-1,A272-1,13.4521797025605,0
UNIQUE_ONLY_LOWER_BOUND,3,PIECE_PIECE,A251-1,A433-2,8.42510749573599e-12,0
UNIQUE_ONLY_LOWER_BOUND,3,PIECE_PIECE,A251-2,A433-1,0,0
UNIQUE_ONLY_LOWER_BOUND,3,PIECE_PIECE,A254-1,A273-2,7.74740557853912e-12,0
UNIQUE_ONLY_LOWER_BOUND,3,PIECE_PIECE,A254-2,A273-1,5.08422994585042e-13,0
UNIQUE_ONLY_LOWER_BOUND,3,PIECE_PIECE,A254-2,A294-1,35.6288745258658,0
UNIQUE_ONLY_LOWER_BOUND,3,PIECE_PIECE,A255-1,A289-1,14.3497488749474,0
UNIQUE_ONLY_LOWER_BOUND,3,PIECE_PIECE,A255-1,A313-1,23.783920388354,0
UNIQUE_ONLY_LOWER_BOUND,3,PIECE_PIECE,A257-1,A328-1,42.7556704026431,0
UNIQUE_ONLY_LOWER_BOUND,3,PIECE_PIECE,A258-2,A297-3,6.31648127030692,0
UNIQUE_ONLY_LOWER_BOUND,3,PIECE_PIECE,A260-1,A421-1,36.3908597288285,0
UNIQUE_ONLY_LOWER_BOUND,3,PIECE_PIECE,A263-1,A276-1,3.96434762161626,0
UNIQUE_ONLY_LOWER_BOUND,3,PIECE_PIECE,A265-1,A401-3,52.0981484594364,0
UNIQUE_ONLY_LOWER_BOUND,3,PIECE_PIECE,A265-1,A412-1,52.0981484594335,0
UNIQUE_ONLY_LOWER_BOUND,3,PIECE_PIECE,A267-1,A315-1,29.3224705777891,0
UNIQUE_ONLY_LOWER_BOUND,3,PIECE_PIECE,A271-1,A300-2,8.49538159503454e-12,0
UNIQUE_ONLY_LOWER_BOUND,3,PIECE_PIECE,A271-2,A276-1,40.7346370553564,0
UNIQUE_ONLY_LOWER_BOUND,3,PIECE_PIECE,A271-2,A300-1,0,0
UNIQUE_ONLY_LOWER_BOUND,3,PIECE_PIECE,A273-1,A294-1,35.6288745258629,0
UNIQUE_ONLY_LOWER_BOUND,3,PIECE_PIECE,A276-1,A300-1,40.7346370553546,0
UNIQUE_ONLY_LOWER_BOUND,3,PIECE_PIECE,A277-1,A317-1,4.7681121477755,0
UNIQUE_ONLY_LOWER_BOUND,3,PIECE_PIECE,A277-1,A345-2,4.76811214777533,0
UNIQUE_ONLY_LOWER_BOUND,3,PIECE_PIECE,A277-1,A355-2,3.7637040252882e-12,0
UNIQUE_ONLY_LOWER_BOUND,3,PIECE_PIECE,A277-2,A355-1,0,0
UNIQUE_ONLY_LOWER_BOUND,3,PIECE_PIECE,A278-1,A306-1,52.8427557790863,0
UNIQUE_ONLY_LOWER_BOUND,3,PIECE_PIECE,A279-1,A369-2,2.05493479874258e-11,0
UNIQUE_ONLY_LOWER_BOUND,3,PIECE_PIECE,A279-2,A369-1,3.59509347182254e-13,0
UNIQUE_ONLY_LOWER_BOUND,3,PIECE_PIECE,A281-1,A310-2,6.59775565898004e-12,0
UNIQUE_ONLY_LOWER_BOUND,3,PIECE_PIECE,A281-2,A310-1,0,0
UNIQUE_ONLY_LOWER_BOUND,3,PIECE_PIECE,A283-1,A292-1,25.6328402470529,0
UNIQUE_ONLY_LOWER_BOUND,3,PIECE_PIECE,A283-1,A308-2,25.6328402470521,0
UNIQUE_ONLY_LOWER_BOUND,3,PIECE_PIECE,A290-2,A504-2,57.7531825989924,0
UNIQUE_ONLY_LOWER_BOUND,3,PIECE_PIECE,A292-1,A308-2,2.45942233650384e-12,0
UNIQUE_ONLY_LOWER_BOUND,3,PIECE_PIECE,A292-2,A308-1,6.43109871076874e-13,0
UNIQUE_ONLY_LOWER_BOUND,3,PIECE_PIECE,A292-2,A317-1,14.4742497077522,0
UNIQUE_ONLY_LOWER_BOUND,3,PIECE_PIECE,A292-2,A345-2,14.4742497077515,0
UNIQUE_ONLY_LOWER_BOUND,3,PIECE_PIECE,A293-1,A449-1,61.4529593482506,1.4529593482527
UNIQUE_ONLY_LOWER_BOUND,3,PIECE_PIECE,A293-1,A476-2,29.4113930495136,0
UNIQUE_ONLY_LOWER_BOUND,3,PIECE_PIECE,A295-1,A436-1,1.47313520786347,0
UNIQUE_ONLY_LOWER_BOUND,3,PIECE_PIECE,A297-2,A526-3,28.8452418445429,0
UNIQUE_ONLY_LOWER_BOUND,3,PIECE_PIECE,A301-1,A376-2,8.49005509792214e-12,0
UNIQUE_ONLY_LOWER_BOUND,3,PIECE_PIECE,A301-2,A376-1,2.27373675443232e-13,0
UNIQUE_ONLY_LOWER_BOUND,3,PIECE_PIECE,A302-1,A307-2,4.19410451870515e-12,0
UNIQUE_ONLY_LOWER_BOUND,3,PIECE_PIECE,A302-2,A307-1,2.27373675443232e-13,0
UNIQUE_ONLY_LOWER_BOUND,3,PIECE_PIECE,A303-1,A328-1,19.2277501249868,0
UNIQUE_ONLY_LOWER_BOUND,3,PIECE_PIECE,A305-1,A479-1,28.9465780159926,0
UNIQUE_ONLY_LOWER_BOUND,3,PIECE_PIECE,A308-1,A317-1,14.4742497077561,0
UNIQUE_ONLY_LOWER_BOUND,3,PIECE_PIECE,A308-1,A345-2,14.4742497077555,0
UNIQUE_ONLY_LOWER_BOUND,3,PIECE_PIECE,A309-1,A396-1,7.72052057564008,0
UNIQUE_ONLY_LOWER_BOUND,3,PIECE_PIECE,A311-1,A378-1,10.2436980956247,0
UNIQUE_ONLY_LOWER_BOUND,3,PIECE_PIECE,A311-1,A408-2,1.9716392007888e-11,0
UNIQUE_ONLY_LOWER_BOUND,3,PIECE_PIECE,A311-2,A408-1,4.54747350886464e-13,0
UNIQUE_ONLY_LOWER_BOUND,3,PIECE_PIECE,A316-1,A321-1,16.8786268938651,0
UNIQUE_ONLY_LOWER_BOUND,3,PIECE_PIECE,A316-1,A414-2,16.8786268938666,0
UNIQUE_ONLY_LOWER_BOUND,3,PIECE_PIECE,A317-1,A345-2,1.76489432945573e-12,0
UNIQUE_ONLY_LOWER_BOUND,3,PIECE_PIECE,A317-1,A355-2,4.76811214777414,0
UNIQUE_ONLY_LOWER_BOUND,3,PIECE_PIECE,A317-2,A345-1,5.08422994585042e-13,0
UNIQUE_ONLY_LOWER_BOUND,3,PIECE_PIECE,A318-1,A339-1,23.4997252460221,0
UNIQUE_ONLY_LOWER_BOUND,3,PIECE_PIECE,A318-1,A484-1,56.2399236620715,1.20650185260693
UNIQUE_ONLY_LOWER_BOUND,3,PIECE_PIECE,A320-1,A324-1,39.1033609439143,0
UNIQUE_ONLY_LOWER_BOUND,3,PIECE_PIECE,A320-1,A328-1,14.8930291346296,0
UNIQUE_ONLY_LOWER_BOUND,3,PIECE_PIECE,A321-1,A414-2,1.83314517660132e-12,0
UNIQUE_ONLY_LOWER_BOUND,3,PIECE_PIECE,A321-2,A414-1,0,0
UNIQUE_ONLY_LOWER_BOUND,3,PIECE_PIECE,A323-1,A373-1,39.2887208843668,0
UNIQUE_ONLY_LOWER_BOUND,3,PIECE_PIECE,A324-1,A328-1,18.33523445013,0
UNIQUE_ONLY_LOWER_BOUND,3,PIECE_PIECE,A332-1,A335-2,2.0344862341714e-12,0
UNIQUE_ONLY_LOWER_BOUND,3,PIECE_PIECE,A332-2,A335-1,2.34371420084339e-13,0
UNIQUE_ONLY_LOWER_BOUND,3,PIECE_PIECE,A334-1,A465-2,2.12379214981822e-11,0
UNIQUE_ONLY_LOWER_BOUND,3,PIECE_PIECE,A334-2,A465-1,0,0
UNIQUE_ONLY_LOWER_BOUND,3,PIECE_PIECE,A338-1,A398-1,14.4864597071769,0
UNIQUE_ONLY_LOWER_BOUND,3,PIECE_PIECE,A340-1,A341-1,5.91773250368904,0
UNIQUE_ONLY_LOWER_BOUND,3,PIECE_PIECE,A342-1,A362-2,9.21424630994449e-12,0
UNIQUE_ONLY_LOWER_BOUND,3,PIECE_PIECE,A342-2,A362-1,5.6843418860808e-13,0
UNIQUE_ONLY_LOWER_BOUND,3,PIECE_PIECE,A343-1,A353-1,40.1938999976992,0
UNIQUE_ONLY_LOWER_BOUND,3,PIECE_PIECE,A343-1,A384-1,0.943321075035646,0
UNIQUE_ONLY_LOWER_BOUND,3,PIECE_PIECE,A345-2,A355-2,4.76811214777412,0
UNIQUE_ONLY_LOWER_BOUND,3,PIECE_PIECE,A346-1,A354-2,2.88742149534638e-12,0
UNIQUE_ONLY_LOWER_BOUND,3,PIECE_PIECE,A346-2,A354-1,1.60777467769219e-13,0
UNIQUE_ONLY_LOWER_BOUND,3,PIECE_PIECE,A347-1,A365-2,16.5371624342561,0
UNIQUE_ONLY_LOWER_BOUND,3,PIECE_PIECE,A347-1,A367-1,52.7599146661225,0
UNIQUE_ONLY_LOWER_BOUND,3,PIECE_PIECE,A347-1,A395-1,16.5371624342575,0
UNIQUE_ONLY_LOWER_BOUND,3,PIECE_PIECE,A350-1,A390-2,19.6071035548383,0
UNIQUE_ONLY_LOWER_BOUND,3,PIECE_PIECE,A350-1,A391-2,1.02457404517865e-11,0
UNIQUE_ONLY_LOWER_BOUND,3,PIECE_PIECE,A350-2,A390-1,21.730984422982,0
UNIQUE_ONLY_LOWER_BOUND,3,PIECE_PIECE,A350-2,A391-1,5.08422994585042e-13,0
UNIQUE_ONLY_LOWER_BOUND,3,PIECE_PIECE,A351-1,A451-1,8.25467915677045,0
UNIQUE_ONLY_LOWER_BOUND,3,PIECE_PIECE,A351-1,A475-2,8.25467915676529,0
UNIQUE_ONLY_LOWER_BOUND,3,PIECE_PIECE,A352-1,A356-1,39.7069139348631,0
UNIQUE_ONLY_LOWER_BOUND,3,PIECE_PIECE,A352-1,A418-2,1.27775420639582e-11,0
UNIQUE_ONLY_LOWER_BOUND,3,PIECE_PIECE,A352-2,A418-1,7.19018694364508e-13,0
UNIQUE_ONLY_LOWER_BOUND,3,PIECE_PIECE,A356-1,A418-2,39.706913934866,0
UNIQUE_ONLY_LOWER_BOUND,3,PIECE_PIECE,A357-1,A358-1,4.34320685143078,0
UNIQUE_ONLY_LOWER_BOUND,3,PIECE_PIECE,A360-1,A368-2,1.41224725766788e-12,0
UNIQUE_ONLY_LOWER_BOUND,3,PIECE_PIECE,A360-2,A368-1,5.6843418860808e-13,0
UNIQUE_ONLY_LOWER_BOUND,3,PIECE_PIECE,A365-1,A395-2,2.31946225575293e-12,0
UNIQUE_ONLY_LOWER_BOUND,3,PIECE_PIECE,A365-2,A394-1,49.9990251356842,0
UNIQUE_ONLY_LOWER_BOUND,3,PIECE_PIECE,A365-2,A395-1,0,0
UNIQUE_ONLY_LOWER_BOUND,3,PIECE_PIECE,A367-1,A428-1,35.6227525607524,0
UNIQUE_ONLY_LOWER_BOUND,3,PIECE_PIECE,A377-1,A500-1,15.6777169719661,0
UNIQUE_ONLY_LOWER_BOUND,3,PIECE_PIECE,A378-1,A408-2,10.2436980956273,0
UNIQUE_ONLY_LOWER_BOUND,3,PIECE_PIECE,A379-1,A388-1,28.7476065262159,0
UNIQUE_ONLY_LOWER_BOUND,3,PIECE_PIECE,A380-1,A479-1,1.59413842749224,0
UNIQUE_ONLY_LOWER_BOUND,3,PIECE_PIECE,A382-1,A393-1,48.498252334858,0
UNIQUE_ONLY_LOWER_BOUND,3,PIECE_PIECE,A383-1,A392-2,4.58286294150329e-12,0
UNIQUE_ONLY_LOWER_BOUND,3,PIECE_PIECE,A383-2,A392-1,0,0
UNIQUE_ONLY_LOWER_BOUND,3,PIECE_PIECE,A389-1,A472-1,20.832902694173,0
UNIQUE_ONLY_LOWER_BOUND,3,PIECE_PIECE,A389-1,A487-1,27.8588340662445,0
UNIQUE_ONLY_LOWER_BOUND,3,PIECE_PIECE,A390-1,A391-1,21.730984422982,0
UNIQUE_ONLY_LOWER_BOUND,3,PIECE_PIECE,A390-2,A391-2,19.6071035548377,0
UNIQUE_ONLY_LOWER_BOUND,3,PIECE_PIECE,A394-1,A395-1,49.9990251356868,0
UNIQUE_ONLY_LOWER_BOUND,3,PIECE_PIECE,A399-1,A434-2,5.00222085975111e-12,0
UNIQUE_ONLY_LOWER_BOUND,3,PIECE_PIECE,A399-2,A434-1,2.27373675443232e-13,0
UNIQUE_ONLY_LOWER_BOUND,3,PIECE_PIECE,A400-1,A425-2,1.07636882408266e-11,0
UNIQUE_ONLY_LOWER_BOUND,3,PIECE_PIECE,A400-2,A425-1,2.27373675443232e-13,0
UNIQUE_ONLY_LOWER_BOUND,3,PIECE_PIECE,A401-1,A412-3,1.41264759504421e-11,0
UNIQUE_ONLY_LOWER_BOUND,3,PIECE_PIECE,A401-2,A412-2,7.3466682903943e-12,0
UNIQUE_ONLY_LOWER_BOUND,3,PIECE_PIECE,A401-3,A412-1,1.11413100967184e-11,0
UNIQUE_ONLY_LOWER_BOUND,3,PIECE_PIECE,A406-1,A421-1,15.9751121152153,0
UNIQUE_ONLY_LOWER_BOUND,3,PIECE_PIECE,A406-1,A448-2,6.94513998919377e-12,0
UNIQUE_ONLY_LOWER_BOUND,3,PIECE_PIECE,A406-2,A428-1,25.2989207648069,0
UNIQUE_ONLY_LOWER_BOUND,3,PIECE_PIECE,A406-2,A437-1,27.6933624264312,0
UNIQUE_ONLY_LOWER_BOUND,3,PIECE_PIECE,A406-2,A448-1,4.54747350886464e-13,0
UNIQUE_ONLY_LOWER_BOUND,3,PIECE_PIECE,A411-1,A446-1,2.41327469723226,0
UNIQUE_ONLY_LOWER_BOUND,3,PIECE_PIECE,A417-1,A439-2,8.82080928080123e-12,0
UNIQUE_ONLY_LOWER_BOUND,3,PIECE_PIECE,A417-2,A439-1,0,0
UNIQUE_ONLY_LOWER_BOUND,3,PIECE_PIECE,A421-1,A448-2,15.9751121152118,0
UNIQUE_ONLY_LOWER_BOUND,3,PIECE_PIECE,A423-1,A432-2,5.79245315878188e-12,0
UNIQUE_ONLY_LOWER_BOUND,3,PIECE_PIECE,A423-2,A432-1,2.27373675443232e-13,0
UNIQUE_ONLY_LOWER_BOUND,3,PIECE_PIECE,A427-1,A436-1,7.44892212469342,0
UNIQUE_ONLY_LOWER_BOUND,3,PIECE_PIECE,A427-1,A458-2,1.16560892074415e-11,0
UNIQUE_ONLY_LOWER_BOUND,3,PIECE_PIECE,A427-2,A458-1,2.27373675443232e-13,0
UNIQUE_ONLY_LOWER_BOUND,3,PIECE_PIECE,A428-1,A448-1,25.2989207647996,0
UNIQUE_ONLY_LOWER_BOUND,3,PIECE_PIECE,A429-1,A499-1,36.7791838301886,0
UNIQUE_ONLY_LOWER_BOUND,3,PIECE_PIECE,A431-1,A513-2,1.33202943433178e-11,0
UNIQUE_ONLY_LOWER_BOUND,3,PIECE_PIECE,A431-2,A513-1,0,0
UNIQUE_ONLY_LOWER_BOUND,3,PIECE_PIECE,A436-1,A458-2,7.44892212468941,0
UNIQUE_ONLY_LOWER_BOUND,3,PIECE_PIECE,A437-1,A448-1,27.6933624264309,0
UNIQUE_ONLY_LOWER_BOUND,3,PIECE_PIECE,A442-1,A457-2,5.14487896861499e-12,0
UNIQUE_ONLY_LOWER_BOUND,3,PIECE_PIECE,A442-2,A457-1,0,0
UNIQUE_ONLY_LOWER_BOUND,3,PIECE_PIECE,A446-1,A492-2,47.5413815619988,0
UNIQUE_ONLY_LOWER_BOUND,3,PIECE_PIECE,A446-1,A494-1,47.5413815619815,0
UNIQUE_ONLY_LOWER_BOUND,3,PIECE_PIECE,A451-1,A475-2,8.13476791336066e-12,0
UNIQUE_ONLY_LOWER_BOUND,3,PIECE_PIECE,A451-2,A475-1,1.70530256582424e-13,0
UNIQUE_ONLY_LOWER_BOUND,3,PIECE_PIECE,A453-1,A487-1,37.6828374530386,0
UNIQUE_ONLY_LOWER_BOUND,3,PIECE_PIECE,A460-1,A509-1,41.2593338469237,0
UNIQUE_ONLY_LOWER_BOUND,3,PIECE_PIECE,A464-1,A524-1,27.4840681665256,0
UNIQUE_ONLY_LOWER_BOUND,3,PIECE_PIECE,A467-1,A495-2,2.6913062786755e-11,0
UNIQUE_ONLY_LOWER_BOUND,3,PIECE_PIECE,A467-2,A495-1,0,0
UNIQUE_ONLY_LOWER_BOUND,3,PIECE_PIECE,A472-1,A483-1,12.8643192195413,0
UNIQUE_ONLY_LOWER_BOUND,3,PIECE_PIECE,A472-1,A487-1,32.7451259003485,0
UNIQUE_ONLY_LOWER_BOUND,3,PIECE_PIECE,A473-1,A493-2,5.26408116583763e-12,0
UNIQUE_ONLY_LOWER_BOUND,3,PIECE_PIECE,A473-2,A493-1,0,0
UNIQUE_ONLY_LOWER_BOUND,3,PIECE_PIECE,A473-2,A519-1,48.4784430504652,0
UNIQUE_ONLY_LOWER_BOUND,3,PIECE_PIECE,A477-2,A530-2,32.6067186648401,0
UNIQUE_ONLY_LOWER_BOUND,3,PIECE_PIECE,A481-3,A528-3,26.8453359492028,0
UNIQUE_ONLY_LOWER_BOUND,3,PIECE_PIECE,A482-1,A529-1,58.524443773668,0
UNIQUE_ONLY_LOWER_BOUND,3,PIECE_PIECE,A483-1,A487-1,33.5549405121124,0
UNIQUE_ONLY_LOWER_BOUND,3,PIECE_PIECE,A492-1,A494-2,6.4481586889484e-12,0
UNIQUE_ONLY_LOWER_BOUND,3,PIECE_PIECE,A492-2,A494-1,1.13686837721616e-13,0
UNIQUE_ONLY_LOWER_BOUND,3,PIECE_PIECE,A493-1,A519-1,48.4784430504629,0
UNIQUE_ONLY_LOWER_BOUND,3,PIECE_PIECE,A505-2,A524-2,28.3609817785022,0
UNIQUE_ONLY_LOWER_BOUND,3,PIECE_PIECE,A509-2,A529-2,21.6690882153094,0
UNIQUE_ONLY_LOWER_BOUND,3,ELECTRODE,LEFT,A1-1,NaN,0
UNIQUE_ONLY_LOWER_BOUND,3,ELECTRODE,LEFT,A2-1,NaN,0
UNIQUE_ONLY_LOWER_BOUND,3,ELECTRODE,LEFT,A4-1,NaN,0
UNIQUE_ONLY_LOWER_BOUND,3,ELECTRODE,LEFT,A5-1,NaN,0
UNIQUE_ONLY_LOWER_BOUND,3,ELECTRODE,LEFT,A6-1,NaN,0
UNIQUE_ONLY_LOWER_BOUND,3,ELECTRODE,LEFT,A7-1,NaN,0
UNIQUE_ONLY_LOWER_BOUND,3,ELECTRODE,LEFT,A8-1,NaN,0
UNIQUE_ONLY_LOWER_BOUND,3,ELECTRODE,LEFT,A9-1,NaN,0
UNIQUE_ONLY_LOWER_BOUND,3,ELECTRODE,LEFT,A10-1,NaN,0
UNIQUE_ONLY_LOWER_BOUND,3,ELECTRODE,LEFT,A12-1,NaN,0
UNIQUE_ONLY_LOWER_BOUND,3,ELECTRODE,LEFT,A13-1,NaN,0
UNIQUE_ONLY_LOWER_BOUND,3,ELECTRODE,LEFT,A14-1,NaN,0
UNIQUE_ONLY_LOWER_BOUND,3,ELECTRODE,LEFT,A15-1,NaN,0
UNIQUE_ONLY_LOWER_BOUND,3,ELECTRODE,LEFT,A16-1,NaN,0
UNIQUE_ONLY_LOWER_BOUND,3,ELECTRODE,LEFT,A17-1,NaN,0
UNIQUE_ONLY_LOWER_BOUND,3,ELECTRODE,LEFT,A18-1,NaN,0
UNIQUE_ONLY_LOWER_BOUND,3,ELECTRODE,LEFT,A19-1,NaN,0
UNIQUE_ONLY_LOWER_BOUND,3,ELECTRODE,LEFT,A20-1,NaN,0
UNIQUE_ONLY_LOWER_BOUND,3,ELECTRODE,LEFT,A21-1,NaN,0
UNIQUE_ONLY_LOWER_BOUND,3,ELECTRODE,LEFT,A22-1,NaN,0
UNIQUE_ONLY_LOWER_BOUND,3,ELECTRODE,LEFT,A23-1,NaN,0
UNIQUE_ONLY_LOWER_BOUND,3,ELECTRODE,LEFT,A24-1,NaN,0
UNIQUE_ONLY_LOWER_BOUND,3,ELECTRODE,LEFT,A25-1,NaN,0
UNIQUE_ONLY_LOWER_BOUND,3,ELECTRODE,LEFT,A26-1,NaN,0
UNIQUE_ONLY_LOWER_BOUND,3,ELECTRODE,LEFT,A27-1,NaN,0
UNIQUE_ONLY_LOWER_BOUND,3,ELECTRODE,LEFT,A28-1,NaN,0
UNIQUE_ONLY_LOWER_BOUND,3,ELECTRODE,LEFT,A29-1,NaN,0
UNIQUE_ONLY_LOWER_BOUND,3,ELECTRODE,LEFT,A30-1,NaN,0
UNIQUE_ONLY_LOWER_BOUND,3,ELECTRODE,LEFT,A31-1,NaN,0
UNIQUE_ONLY_LOWER_BOUND,3,ELECTRODE,LEFT,A32-1,NaN,0
UNIQUE_ONLY_LOWER_BOUND,3,ELECTRODE,LEFT,A33-1,NaN,0
UNIQUE_ONLY_LOWER_BOUND,3,ELECTRODE,LEFT,A34-1,NaN,0
UNIQUE_ONLY_LOWER_BOUND,3,ELECTRODE,LEFT,A35-1,NaN,0
UNIQUE_ONLY_LOWER_BOUND,3,ELECTRODE,LEFT,A36-1,NaN,0
UNIQUE_ONLY_LOWER_BOUND,3,ELECTRODE,LEFT,A38-1,NaN,0
UNIQUE_ONLY_LOWER_BOUND,3,ELECTRODE,LEFT,A40-1,NaN,0
UNIQUE_ONLY_LOWER_BOUND,3,ELECTRODE,LEFT,A41-1,NaN,0
UNIQUE_ONLY_LOWER_BOUND,3,ELECTRODE,LEFT,A42-1,NaN,0
UNIQUE_ONLY_LOWER_BOUND,3,ELECTRODE,LEFT,A43-1,NaN,0
UNIQUE_ONLY_LOWER_BOUND,3,ELECTRODE,LEFT,A44-1,NaN,0
UNIQUE_ONLY_LOWER_BOUND,3,ELECTRODE,LEFT,A45-1,NaN,0
UNIQUE_ONLY_LOWER_BOUND,3,ELECTRODE,LEFT,A46-1,NaN,0
UNIQUE_ONLY_LOWER_BOUND,3,ELECTRODE,LEFT,A47-1,NaN,0
UNIQUE_ONLY_LOWER_BOUND,3,ELECTRODE,LEFT,A49-1,NaN,0
UNIQUE_ONLY_LOWER_BOUND,3,ELECTRODE,LEFT,A50-1,NaN,0
UNIQUE_ONLY_LOWER_BOUND,3,ELECTRODE,LEFT,A51-1,NaN,0
UNIQUE_ONLY_LOWER_BOUND,3,ELECTRODE,LEFT,A52-1,NaN,0
UNIQUE_ONLY_LOWER_BOUND,3,ELECTRODE,LEFT,A53-1,NaN,0
UNIQUE_ONLY_LOWER_BOUND,3,ELECTRODE,LEFT,A54-1,NaN,0
UNIQUE_ONLY_LOWER_BOUND,3,ELECTRODE,LEFT,A55-1,NaN,0
UNIQUE_ONLY_LOWER_BOUND,3,ELECTRODE,LEFT,A57-1,NaN,0
UNIQUE_ONLY_LOWER_BOUND,3,ELECTRODE,LEFT,A58-1,NaN,0
UNIQUE_ONLY_LOWER_BOUND,3,ELECTRODE,LEFT,A59-1,NaN,0
UNIQUE_ONLY_LOWER_BOUND,3,ELECTRODE,LEFT,A60-1,NaN,0
UNIQUE_ONLY_LOWER_BOUND,3,ELECTRODE,LEFT,A61-1,NaN,0
UNIQUE_ONLY_LOWER_BOUND,3,ELECTRODE,LEFT,A62-1,NaN,0
UNIQUE_ONLY_LOWER_BOUND,3,ELECTRODE,LEFT,A63-1,NaN,0
UNIQUE_ONLY_LOWER_BOUND,3,ELECTRODE,LEFT,A64-1,NaN,0
UNIQUE_ONLY_LOWER_BOUND,3,ELECTRODE,LEFT,A65-1,NaN,0
UNIQUE_ONLY_LOWER_BOUND,3,ELECTRODE,LEFT,A66-1,NaN,0
UNIQUE_ONLY_LOWER_BOUND,3,ELECTRODE,LEFT,A67-1,NaN,0
UNIQUE_ONLY_LOWER_BOUND,3,ELECTRODE,LEFT,A68-1,NaN,0
UNIQUE_ONLY_LOWER_BOUND,3,ELECTRODE,LEFT,A69-1,NaN,0
UNIQUE_ONLY_LOWER_BOUND,3,ELECTRODE,LEFT,A70-1,NaN,0
UNIQUE_ONLY_LOWER_BOUND,3,ELECTRODE,LEFT,A71-1,NaN,0
UNIQUE_ONLY_LOWER_BOUND,3,ELECTRODE,LEFT,A72-1,NaN,0
UNIQUE_ONLY_LOWER_BOUND,3,ELECTRODE,LEFT,A74-1,NaN,0
UNIQUE_ONLY_LOWER_BOUND,3,ELECTRODE,LEFT,A75-1,NaN,0
UNIQUE_ONLY_LOWER_BOUND,3,ELECTRODE,LEFT,A77-1,NaN,0
UNIQUE_ONLY_LOWER_BOUND,3,ELECTRODE,LEFT,A78-1,NaN,0
UNIQUE_ONLY_LOWER_BOUND,3,ELECTRODE,LEFT,A79-1,NaN,0
UNIQUE_ONLY_LOWER_BOUND,3,ELECTRODE,LEFT,A80-1,NaN,0
UNIQUE_ONLY_LOWER_BOUND,3,ELECTRODE,LEFT,A82-1,NaN,0
UNIQUE_ONLY_LOWER_BOUND,3,ELECTRODE,LEFT,A83-1,NaN,0
UNIQUE_ONLY_LOWER_BOUND,3,ELECTRODE,LEFT,A84-1,NaN,0
UNIQUE_ONLY_LOWER_BOUND,3,ELECTRODE,LEFT,A86-1,NaN,0
UNIQUE_ONLY_LOWER_BOUND,3,ELECTRODE,LEFT,A87-1,NaN,0
UNIQUE_ONLY_LOWER_BOUND,3,ELECTRODE,LEFT,A89-1,NaN,0
UNIQUE_ONLY_LOWER_BOUND,3,ELECTRODE,LEFT,A90-1,NaN,0
UNIQUE_ONLY_LOWER_BOUND,3,ELECTRODE,LEFT,A92-1,NaN,0
UNIQUE_ONLY_LOWER_BOUND,3,ELECTRODE,LEFT,A99-2,NaN,0
UNIQUE_ONLY_LOWER_BOUND,3,ELECTRODE,LEFT,A102-2,NaN,0
UNIQUE_ONLY_LOWER_BOUND,3,ELECTRODE,LEFT,A110-2,NaN,0
UNIQUE_ONLY_LOWER_BOUND,3,ELECTRODE,LEFT,A124-2,NaN,0
UNIQUE_ONLY_LOWER_BOUND,3,ELECTRODE,LEFT,A133-2,NaN,0
UNIQUE_ONLY_LOWER_BOUND,3,ELECTRODE,LEFT,A134-2,NaN,0
UNIQUE_ONLY_LOWER_BOUND,3,ELECTRODE,LEFT,A139-2,NaN,0
UNIQUE_ONLY_LOWER_BOUND,3,ELECTRODE,LEFT,A140-2,NaN,0
UNIQUE_ONLY_LOWER_BOUND,3,ELECTRODE,LEFT,A142-2,NaN,0
UNIQUE_ONLY_LOWER_BOUND,3,ELECTRODE,LEFT,A146-2,NaN,0
UNIQUE_ONLY_LOWER_BOUND,3,ELECTRODE,LEFT,A169-2,NaN,0
UNIQUE_ONLY_LOWER_BOUND,3,ELECTRODE,LEFT,A178-3,NaN,0
UNIQUE_ONLY_LOWER_BOUND,3,ELECTRODE,LEFT,A209-2,NaN,0
UNIQUE_ONLY_LOWER_BOUND,3,ELECTRODE,LEFT,A351-2,NaN,0
UNIQUE_ONLY_LOWER_BOUND,3,ELECTRODE,LEFT,A363-2,NaN,0
UNIQUE_ONLY_LOWER_BOUND,3,ELECTRODE,LEFT,A367-2,NaN,0
UNIQUE_ONLY_LOWER_BOUND,3,ELECTRODE,LEFT,A374-2,NaN,0
UNIQUE_ONLY_LOWER_BOUND,3,ELECTRODE,LEFT,A375-3,NaN,0
UNIQUE_ONLY_LOWER_BOUND,3,ELECTRODE,LEFT,A381-2,NaN,0
UNIQUE_ONLY_LOWER_BOUND,3,ELECTRODE,LEFT,A386-2,NaN,0
UNIQUE_ONLY_LOWER_BOUND,3,ELECTRODE,LEFT,A388-2,NaN,0
UNIQUE_ONLY_LOWER_BOUND,3,ELECTRODE,LEFT,A389-2,NaN,0
UNIQUE_ONLY_LOWER_BOUND,3,ELECTRODE,LEFT,A393-2,NaN,0
UNIQUE_ONLY_LOWER_BOUND,3,ELECTRODE,LEFT,A398-2,NaN,0
UNIQUE_ONLY_LOWER_BOUND,3,ELECTRODE,LEFT,A402-2,NaN,0
UNIQUE_ONLY_LOWER_BOUND,3,ELECTRODE,LEFT,A403-2,NaN,0
UNIQUE_ONLY_LOWER_BOUND,3,ELECTRODE,LEFT,A411-2,NaN,0
UNIQUE_ONLY_LOWER_BOUND,3,ELECTRODE,LEFT,A413-2,NaN,0
UNIQUE_ONLY_LOWER_BOUND,3,ELECTRODE,LEFT,A416-2,NaN,0
UNIQUE_ONLY_LOWER_BOUND,3,ELECTRODE,LEFT,A419-2,NaN,0
UNIQUE_ONLY_LOWER_BOUND,3,ELECTRODE,LEFT,A420-3,NaN,0
UNIQUE_ONLY_LOWER_BOUND,3,ELECTRODE,LEFT,A422-2,NaN,0
UNIQUE_ONLY_LOWER_BOUND,3,ELECTRODE,LEFT,A424-3,NaN,0
UNIQUE_ONLY_LOWER_BOUND,3,ELECTRODE,LEFT,A426-3,NaN,0
UNIQUE_ONLY_LOWER_BOUND,3,ELECTRODE,LEFT,A428-2,NaN,0
UNIQUE_ONLY_LOWER_BOUND,3,ELECTRODE,LEFT,A429-2,NaN,0
UNIQUE_ONLY_LOWER_BOUND,3,ELECTRODE,LEFT,A435-2,NaN,0
UNIQUE_ONLY_LOWER_BOUND,3,ELECTRODE,LEFT,A438-3,NaN,0
UNIQUE_ONLY_LOWER_BOUND,3,ELECTRODE,LEFT,A440-3,NaN,0
UNIQUE_ONLY_LOWER_BOUND,3,ELECTRODE,LEFT,A443-2,NaN,0
UNIQUE_ONLY_LOWER_BOUND,3,ELECTRODE,LEFT,A444-2,NaN,0
UNIQUE_ONLY_LOWER_BOUND,3,ELECTRODE,LEFT,A447-2,NaN,0
UNIQUE_ONLY_LOWER_BOUND,3,ELECTRODE,LEFT,A450-2,NaN,0
UNIQUE_ONLY_LOWER_BOUND,3,ELECTRODE,LEFT,A452-2,NaN,0
UNIQUE_ONLY_LOWER_BOUND,3,ELECTRODE,LEFT,A454-2,NaN,0
UNIQUE_ONLY_LOWER_BOUND,3,ELECTRODE,LEFT,A455-2,NaN,0
UNIQUE_ONLY_LOWER_BOUND,3,ELECTRODE,LEFT,A456-2,NaN,0
UNIQUE_ONLY_LOWER_BOUND,3,ELECTRODE,LEFT,A459-2,NaN,0
UNIQUE_ONLY_LOWER_BOUND,3,ELECTRODE,LEFT,A461-2,NaN,0
UNIQUE_ONLY_LOWER_BOUND,3,ELECTRODE,LEFT,A462-2,NaN,0
UNIQUE_ONLY_LOWER_BOUND,3,ELECTRODE,LEFT,A463-2,NaN,0
UNIQUE_ONLY_LOWER_BOUND,3,ELECTRODE,LEFT,A464-2,NaN,0
UNIQUE_ONLY_LOWER_BOUND,3,ELECTRODE,LEFT,A466-2,NaN,0
UNIQUE_ONLY_LOWER_BOUND,3,ELECTRODE,LEFT,A471-2,NaN,0
UNIQUE_ONLY_LOWER_BOUND,3,ELECTRODE,LEFT,A472-2,NaN,0
UNIQUE_ONLY_LOWER_BOUND,3,ELECTRODE,LEFT,A474-3,NaN,0
UNIQUE_ONLY_LOWER_BOUND,3,ELECTRODE,LEFT,A477-2,NaN,0
UNIQUE_ONLY_LOWER_BOUND,3,ELECTRODE,LEFT,A478-2,NaN,0
UNIQUE_ONLY_LOWER_BOUND,3,ELECTRODE,LEFT,A479-2,NaN,0
UNIQUE_ONLY_LOWER_BOUND,3,ELECTRODE,LEFT,A480-2,NaN,0
UNIQUE_ONLY_LOWER_BOUND,3,ELECTRODE,LEFT,A481-2,NaN,0
UNIQUE_ONLY_LOWER_BOUND,3,ELECTRODE,LEFT,A482-2,NaN,0
UNIQUE_ONLY_LOWER_BOUND,3,ELECTRODE,LEFT,A485-2,NaN,0
UNIQUE_ONLY_LOWER_BOUND,3,ELECTRODE,LEFT,A489-2,NaN,0
UNIQUE_ONLY_LOWER_BOUND,3,ELECTRODE,LEFT,A490-2,NaN,0
UNIQUE_ONLY_LOWER_BOUND,3,ELECTRODE,LEFT,A491-2,NaN,0
UNIQUE_ONLY_LOWER_BOUND,3,ELECTRODE,LEFT,A497-2,NaN,0
UNIQUE_ONLY_LOWER_BOUND,3,ELECTRODE,LEFT,A498-2,NaN,0
UNIQUE_ONLY_LOWER_BOUND,3,ELECTRODE,LEFT,A499-2,NaN,0
UNIQUE_ONLY_LOWER_BOUND,3,ELECTRODE,LEFT,A500-2,NaN,0
UNIQUE_ONLY_LOWER_BOUND,3,ELECTRODE,LEFT,A501-2,NaN,0
UNIQUE_ONLY_LOWER_BOUND,3,ELECTRODE,LEFT,A502-2,NaN,0
UNIQUE_ONLY_LOWER_BOUND,3,ELECTRODE,LEFT,A503-3,NaN,0
UNIQUE_ONLY_LOWER_BOUND,3,ELECTRODE,LEFT,A504-2,NaN,0
UNIQUE_ONLY_LOWER_BOUND,3,ELECTRODE,LEFT,A505-2,NaN,0
UNIQUE_ONLY_LOWER_BOUND,3,ELECTRODE,LEFT,A506-2,NaN,0
UNIQUE_ONLY_LOWER_BOUND,3,ELECTRODE,LEFT,A507-2,NaN,0
UNIQUE_ONLY_LOWER_BOUND,3,ELECTRODE,LEFT,A508-2,NaN,0
UNIQUE_ONLY_LOWER_BOUND,3,ELECTRODE,LEFT,A509-2,NaN,0
UNIQUE_ONLY_LOWER_BOUND,3,ELECTRODE,LEFT,A510-2,NaN,0
UNIQUE_ONLY_LOWER_BOUND,3,ELECTRODE,LEFT,A512-2,NaN,0
UNIQUE_ONLY_LOWER_BOUND,3,ELECTRODE,LEFT,A514-2,NaN,0
UNIQUE_ONLY_LOWER_BOUND,3,ELECTRODE,LEFT,A515-2,NaN,0
UNIQUE_ONLY_LOWER_BOUND,3,ELECTRODE,LEFT,A516-2,NaN,0
UNIQUE_ONLY_LOWER_BOUND,3,ELECTRODE,LEFT,A517-2,NaN,0
UNIQUE_ONLY_LOWER_BOUND,3,ELECTRODE,LEFT,A518-3,NaN,0
UNIQUE_ONLY_LOWER_BOUND,3,ELECTRODE,LEFT,A519-2,NaN,0
UNIQUE_ONLY_LOWER_BOUND,3,ELECTRODE,LEFT,A520-2,NaN,0
UNIQUE_ONLY_LOWER_BOUND,3,ELECTRODE,LEFT,A521-2,NaN,0
UNIQUE_ONLY_LOWER_BOUND,3,ELECTRODE,LEFT,A522-2,NaN,0
UNIQUE_ONLY_LOWER_BOUND,3,ELECTRODE,LEFT,A523-2,NaN,0
UNIQUE_ONLY_LOWER_BOUND,3,ELECTRODE,LEFT,A524-2,NaN,0
UNIQUE_ONLY_LOWER_BOUND,3,ELECTRODE,LEFT,A525-2,NaN,0
UNIQUE_ONLY_LOWER_BOUND,3,ELECTRODE,LEFT,A526-2,NaN,0
UNIQUE_ONLY_LOWER_BOUND,3,ELECTRODE,LEFT,A528-2,NaN,0
UNIQUE_ONLY_LOWER_BOUND,3,ELECTRODE,LEFT,A529-2,NaN,0
UNIQUE_ONLY_LOWER_BOUND,3,ELECTRODE,LEFT,A530-2,NaN,0
UNIQUE_ONLY_LOWER_BOUND,3,ELECTRODE,LEFT,A531-2,NaN,0
UNIQUE_ONLY_LOWER_BOUND,3,ELECTRODE,LEFT,A533-2,NaN,0
UNIQUE_ONLY_LOWER_BOUND,3,ELECTRODE,LEFT,A534-2,NaN,0
UNIQUE_ONLY_LOWER_BOUND,3,ELECTRODE,LEFT,A535-2,NaN,0
UNIQUE_ONLY_LOWER_BOUND,3,ELECTRODE,A1-2,RIGHT,NaN,0
UNIQUE_ONLY_LOWER_BOUND,3,ELECTRODE,A2-2,RIGHT,NaN,0
UNIQUE_ONLY_LOWER_BOUND,3,ELECTRODE,A4-2,RIGHT,NaN,0
UNIQUE_ONLY_LOWER_BOUND,3,ELECTRODE,A5-2,RIGHT,NaN,0
UNIQUE_ONLY_LOWER_BOUND,3,ELECTRODE,A6-2,RIGHT,NaN,0
UNIQUE_ONLY_LOWER_BOUND,3,ELECTRODE,A7-2,RIGHT,NaN,0
UNIQUE_ONLY_LOWER_BOUND,3,ELECTRODE,A8-2,RIGHT,NaN,0
UNIQUE_ONLY_LOWER_BOUND,3,ELECTRODE,A9-2,RIGHT,NaN,0
UNIQUE_ONLY_LOWER_BOUND,3,ELECTRODE,A10-2,RIGHT,NaN,0
UNIQUE_ONLY_LOWER_BOUND,3,ELECTRODE,A12-2,RIGHT,NaN,0
UNIQUE_ONLY_LOWER_BOUND,3,ELECTRODE,A13-2,RIGHT,NaN,0
UNIQUE_ONLY_LOWER_BOUND,3,ELECTRODE,A14-2,RIGHT,NaN,0
UNIQUE_ONLY_LOWER_BOUND,3,ELECTRODE,A15-2,RIGHT,NaN,0
UNIQUE_ONLY_LOWER_BOUND,3,ELECTRODE,A16-2,RIGHT,NaN,0
UNIQUE_ONLY_LOWER_BOUND,3,ELECTRODE,A17-2,RIGHT,NaN,0
UNIQUE_ONLY_LOWER_BOUND,3,ELECTRODE,A18-2,RIGHT,NaN,0
UNIQUE_ONLY_LOWER_BOUND,3,ELECTRODE,A19-2,RIGHT,NaN,0
UNIQUE_ONLY_LOWER_BOUND,3,ELECTRODE,A20-2,RIGHT,NaN,0
UNIQUE_ONLY_LOWER_BOUND,3,ELECTRODE,A21-2,RIGHT,NaN,0
UNIQUE_ONLY_LOWER_BOUND,3,ELECTRODE,A22-2,RIGHT,NaN,0
UNIQUE_ONLY_LOWER_BOUND,3,ELECTRODE,A23-2,RIGHT,NaN,0
UNIQUE_ONLY_LOWER_BOUND,3,ELECTRODE,A24-2,RIGHT,NaN,0
UNIQUE_ONLY_LOWER_BOUND,3,ELECTRODE,A25-2,RIGHT,NaN,0
UNIQUE_ONLY_LOWER_BOUND,3,ELECTRODE,A26-2,RIGHT,NaN,0
UNIQUE_ONLY_LOWER_BOUND,3,ELECTRODE,A27-2,RIGHT,NaN,0
UNIQUE_ONLY_LOWER_BOUND,3,ELECTRODE,A28-2,RIGHT,NaN,0
UNIQUE_ONLY_LOWER_BOUND,3,ELECTRODE,A29-2,RIGHT,NaN,0
UNIQUE_ONLY_LOWER_BOUND,3,ELECTRODE,A30-2,RIGHT,NaN,0
UNIQUE_ONLY_LOWER_BOUND,3,ELECTRODE,A31-2,RIGHT,NaN,0
UNIQUE_ONLY_LOWER_BOUND,3,ELECTRODE,A32-2,RIGHT,NaN,0
UNIQUE_ONLY_LOWER_BOUND,3,ELECTRODE,A33-2,RIGHT,NaN,0
UNIQUE_ONLY_LOWER_BOUND,3,ELECTRODE,A34-2,RIGHT,NaN,0
UNIQUE_ONLY_LOWER_BOUND,3,ELECTRODE,A35-2,RIGHT,NaN,0
UNIQUE_ONLY_LOWER_BOUND,3,ELECTRODE,A36-2,RIGHT,NaN,0
UNIQUE_ONLY_LOWER_BOUND,3,ELECTRODE,A38-2,RIGHT,NaN,0
UNIQUE_ONLY_LOWER_BOUND,3,ELECTRODE,A40-2,RIGHT,NaN,0
UNIQUE_ONLY_LOWER_BOUND,3,ELECTRODE,A41-2,RIGHT,NaN,0
UNIQUE_ONLY_LOWER_BOUND,3,ELECTRODE,A42-2,RIGHT,NaN,0
UNIQUE_ONLY_LOWER_BOUND,3,ELECTRODE,A43-2,RIGHT,NaN,0
UNIQUE_ONLY_LOWER_BOUND,3,ELECTRODE,A44-2,RIGHT,NaN,0
UNIQUE_ONLY_LOWER_BOUND,3,ELECTRODE,A45-2,RIGHT,NaN,0
UNIQUE_ONLY_LOWER_BOUND,3,ELECTRODE,A46-2,RIGHT,NaN,0
UNIQUE_ONLY_LOWER_BOUND,3,ELECTRODE,A47-2,RIGHT,NaN,0
UNIQUE_ONLY_LOWER_BOUND,3,ELECTRODE,A49-2,RIGHT,NaN,0
UNIQUE_ONLY_LOWER_BOUND,3,ELECTRODE,A50-2,RIGHT,NaN,0
UNIQUE_ONLY_LOWER_BOUND,3,ELECTRODE,A51-2,RIGHT,NaN,0
UNIQUE_ONLY_LOWER_BOUND,3,ELECTRODE,A52-2,RIGHT,NaN,0
UNIQUE_ONLY_LOWER_BOUND,3,ELECTRODE,A53-2,RIGHT,NaN,0
UNIQUE_ONLY_LOWER_BOUND,3,ELECTRODE,A54-2,RIGHT,NaN,0
UNIQUE_ONLY_LOWER_BOUND,3,ELECTRODE,A55-2,RIGHT,NaN,0
UNIQUE_ONLY_LOWER_BOUND,3,ELECTRODE,A57-2,RIGHT,NaN,0
UNIQUE_ONLY_LOWER_BOUND,3,ELECTRODE,A58-2,RIGHT,NaN,0
UNIQUE_ONLY_LOWER_BOUND,3,ELECTRODE,A59-2,RIGHT,NaN,0
UNIQUE_ONLY_LOWER_BOUND,3,ELECTRODE,A60-2,RIGHT,NaN,0
UNIQUE_ONLY_LOWER_BOUND,3,ELECTRODE,A61-2,RIGHT,NaN,0
UNIQUE_ONLY_LOWER_BOUND,3,ELECTRODE,A62-2,RIGHT,NaN,0
UNIQUE_ONLY_LOWER_BOUND,3,ELECTRODE,A63-2,RIGHT,NaN,0
UNIQUE_ONLY_LOWER_BOUND,3,ELECTRODE,A64-2,RIGHT,NaN,0
UNIQUE_ONLY_LOWER_BOUND,3,ELECTRODE,A65-2,RIGHT,NaN,0
UNIQUE_ONLY_LOWER_BOUND,3,ELECTRODE,A66-2,RIGHT,NaN,0
UNIQUE_ONLY_LOWER_BOUND,3,ELECTRODE,A67-2,RIGHT,NaN,0
UNIQUE_ONLY_LOWER_BOUND,3,ELECTRODE,A68-2,RIGHT,NaN,0
UNIQUE_ONLY_LOWER_BOUND,3,ELECTRODE,A69-2,RIGHT,NaN,0
UNIQUE_ONLY_LOWER_BOUND,3,ELECTRODE,A70-2,RIGHT,NaN,0
UNIQUE_ONLY_LOWER_BOUND,3,ELECTRODE,A71-2,RIGHT,NaN,0
UNIQUE_ONLY_LOWER_BOUND,3,ELECTRODE,A72-2,RIGHT,NaN,0
UNIQUE_ONLY_LOWER_BOUND,3,ELECTRODE,A74-2,RIGHT,NaN,0
UNIQUE_ONLY_LOWER_BOUND,3,ELECTRODE,A75-2,RIGHT,NaN,0
UNIQUE_ONLY_LOWER_BOUND,3,ELECTRODE,A77-2,RIGHT,NaN,0
UNIQUE_ONLY_LOWER_BOUND,3,ELECTRODE,A78-2,RIGHT,NaN,0
UNIQUE_ONLY_LOWER_BOUND,3,ELECTRODE,A79-2,RIGHT,NaN,0
UNIQUE_ONLY_LOWER_BOUND,3,ELECTRODE,A80-2,RIGHT,NaN,0
UNIQUE_ONLY_LOWER_BOUND,3,ELECTRODE,A82-2,RIGHT,NaN,0
UNIQUE_ONLY_LOWER_BOUND,3,ELECTRODE,A83-2,RIGHT,NaN,0
UNIQUE_ONLY_LOWER_BOUND,3,ELECTRODE,A84-2,RIGHT,NaN,0
UNIQUE_ONLY_LOWER_BOUND,3,ELECTRODE,A86-2,RIGHT,NaN,0
UNIQUE_ONLY_LOWER_BOUND,3,ELECTRODE,A87-2,RIGHT,NaN,0
UNIQUE_ONLY_LOWER_BOUND,3,ELECTRODE,A89-2,RIGHT,NaN,0
UNIQUE_ONLY_LOWER_BOUND,3,ELECTRODE,A90-2,RIGHT,NaN,0
UNIQUE_ONLY_LOWER_BOUND,3,ELECTRODE,A99-3,RIGHT,NaN,0
UNIQUE_ONLY_LOWER_BOUND,3,ELECTRODE,A102-3,RIGHT,NaN,0
UNIQUE_ONLY_LOWER_BOUND,3,ELECTRODE,A110-3,RIGHT,NaN,0
UNIQUE_ONLY_LOWER_BOUND,3,ELECTRODE,A124-3,RIGHT,NaN,0
UNIQUE_ONLY_LOWER_BOUND,3,ELECTRODE,A133-3,RIGHT,NaN,0
UNIQUE_ONLY_LOWER_BOUND,3,ELECTRODE,A134-3,RIGHT,NaN,0
UNIQUE_ONLY_LOWER_BOUND,3,ELECTRODE,A139-3,RIGHT,NaN,0
UNIQUE_ONLY_LOWER_BOUND,3,ELECTRODE,A142-3,RIGHT,NaN,0
UNIQUE_ONLY_LOWER_BOUND,3,ELECTRODE,A146-3,RIGHT,NaN,0
UNIQUE_ONLY_LOWER_BOUND,3,ELECTRODE,A169-3,RIGHT,NaN,0
UNIQUE_ONLY_LOWER_BOUND,3,ELECTRODE,A178-4,RIGHT,NaN,0
UNIQUE_ONLY_LOWER_BOUND,3,ELECTRODE,A209-3,RIGHT,NaN,0
UNIQUE_ONLY_LOWER_BOUND,3,ELECTRODE,A351-1,RIGHT,NaN,0
UNIQUE_ONLY_LOWER_BOUND,3,ELECTRODE,A363-1,RIGHT,NaN,0
UNIQUE_ONLY_LOWER_BOUND,3,ELECTRODE,A367-1,RIGHT,NaN,0
UNIQUE_ONLY_LOWER_BOUND,3,ELECTRODE,A374-1,RIGHT,NaN,0
UNIQUE_ONLY_LOWER_BOUND,3,ELECTRODE,A375-2,RIGHT,NaN,0
UNIQUE_ONLY_LOWER_BOUND,3,ELECTRODE,A381-1,RIGHT,NaN,0
UNIQUE_ONLY_LOWER_BOUND,3,ELECTRODE,A386-1,RIGHT,NaN,0
UNIQUE_ONLY_LOWER_BOUND,3,ELECTRODE,A388-1,RIGHT,NaN,0
UNIQUE_ONLY_LOWER_BOUND,3,ELECTRODE,A389-1,RIGHT,NaN,0
UNIQUE_ONLY_LOWER_BOUND,3,ELECTRODE,A393-1,RIGHT,NaN,0
UNIQUE_ONLY_LOWER_BOUND,3,ELECTRODE,A398-1,RIGHT,NaN,0
UNIQUE_ONLY_LOWER_BOUND,3,ELECTRODE,A402-1,RIGHT,NaN,0
UNIQUE_ONLY_LOWER_BOUND,3,ELECTRODE,A403-1,RIGHT,NaN,0
UNIQUE_ONLY_LOWER_BOUND,3,ELECTRODE,A411-1,RIGHT,NaN,0
UNIQUE_ONLY_LOWER_BOUND,3,ELECTRODE,A413-1,RIGHT,NaN,0
UNIQUE_ONLY_LOWER_BOUND,3,ELECTRODE,A416-1,RIGHT,NaN,0
UNIQUE_ONLY_LOWER_BOUND,3,ELECTRODE,A419-1,RIGHT,NaN,0
UNIQUE_ONLY_LOWER_BOUND,3,ELECTRODE,A420-2,RIGHT,NaN,0
UNIQUE_ONLY_LOWER_BOUND,3,ELECTRODE,A422-1,RIGHT,NaN,0
UNIQUE_ONLY_LOWER_BOUND,3,ELECTRODE,A424-2,RIGHT,NaN,0
UNIQUE_ONLY_LOWER_BOUND,3,ELECTRODE,A426-2,RIGHT,NaN,0
UNIQUE_ONLY_LOWER_BOUND,3,ELECTRODE,A428-1,RIGHT,NaN,0
UNIQUE_ONLY_LOWER_BOUND,3,ELECTRODE,A429-1,RIGHT,NaN,0
UNIQUE_ONLY_LOWER_BOUND,3,ELECTRODE,A435-1,RIGHT,NaN,0
UNIQUE_ONLY_LOWER_BOUND,3,ELECTRODE,A438-2,RIGHT,NaN,0
UNIQUE_ONLY_LOWER_BOUND,3,ELECTRODE,A440-2,RIGHT,NaN,0
UNIQUE_ONLY_LOWER_BOUND,3,ELECTRODE,A443-1,RIGHT,NaN,0
UNIQUE_ONLY_LOWER_BOUND,3,ELECTRODE,A444-1,RIGHT,NaN,0
UNIQUE_ONLY_LOWER_BOUND,3,ELECTRODE,A447-1,RIGHT,NaN,0
UNIQUE_ONLY_LOWER_BOUND,3,ELECTRODE,A450-1,RIGHT,NaN,0
UNIQUE_ONLY_LOWER_BOUND,3,ELECTRODE,A452-1,RIGHT,NaN,0
UNIQUE_ONLY_LOWER_BOUND,3,ELECTRODE,A454-1,RIGHT,NaN,0
UNIQUE_ONLY_LOWER_BOUND,3,ELECTRODE,A455-1,RIGHT,NaN,0
UNIQUE_ONLY_LOWER_BOUND,3,ELECTRODE,A456-1,RIGHT,NaN,0
UNIQUE_ONLY_LOWER_BOUND,3,ELECTRODE,A459-1,RIGHT,NaN,0
UNIQUE_ONLY_LOWER_BOUND,3,ELECTRODE,A461-1,RIGHT,NaN,0
UNIQUE_ONLY_LOWER_BOUND,3,ELECTRODE,A462-1,RIGHT,NaN,0
UNIQUE_ONLY_LOWER_BOUND,3,ELECTRODE,A463-1,RIGHT,NaN,0
UNIQUE_ONLY_LOWER_BOUND,3,ELECTRODE,A464-1,RIGHT,NaN,0
UNIQUE_ONLY_LOWER_BOUND,3,ELECTRODE,A466-1,RIGHT,NaN,0
UNIQUE_ONLY_LOWER_BOUND,3,ELECTRODE,A471-1,RIGHT,NaN,0
UNIQUE_ONLY_LOWER_BOUND,3,ELECTRODE,A472-1,RIGHT,NaN,0
UNIQUE_ONLY_LOWER_BOUND,3,ELECTRODE,A474-2,RIGHT,NaN,0
UNIQUE_ONLY_LOWER_BOUND,3,ELECTRODE,A477-1,RIGHT,NaN,0
UNIQUE_ONLY_LOWER_BOUND,3,ELECTRODE,A478-1,RIGHT,NaN,0
UNIQUE_ONLY_LOWER_BOUND,3,ELECTRODE,A479-1,RIGHT,NaN,0
UNIQUE_ONLY_LOWER_BOUND,3,ELECTRODE,A480-1,RIGHT,NaN,0
UNIQUE_ONLY_LOWER_BOUND,3,ELECTRODE,A481-1,RIGHT,NaN,0
UNIQUE_ONLY_LOWER_BOUND,3,ELECTRODE,A482-1,RIGHT,NaN,0
UNIQUE_ONLY_LOWER_BOUND,3,ELECTRODE,A485-1,RIGHT,NaN,0
UNIQUE_ONLY_LOWER_BOUND,3,ELECTRODE,A489-1,RIGHT,NaN,0
UNIQUE_ONLY_LOWER_BOUND,3,ELECTRODE,A490-1,RIGHT,NaN,0
UNIQUE_ONLY_LOWER_BOUND,3,ELECTRODE,A491-1,RIGHT,NaN,0
UNIQUE_ONLY_LOWER_BOUND,3,ELECTRODE,A497-1,RIGHT,NaN,0
UNIQUE_ONLY_LOWER_BOUND,3,ELECTRODE,A498-1,RIGHT,NaN,0
UNIQUE_ONLY_LOWER_BOUND,3,ELECTRODE,A499-1,RIGHT,NaN,0
UNIQUE_ONLY_LOWER_BOUND,3,ELECTRODE,A500-1,RIGHT,NaN,0
UNIQUE_ONLY_LOWER_BOUND,3,ELECTRODE,A501-1,RIGHT,NaN,0
UNIQUE_ONLY_LOWER_BOUND,3,ELECTRODE,A502-1,RIGHT,NaN,0
UNIQUE_ONLY_LOWER_BOUND,3,ELECTRODE,A503-2,RIGHT,NaN,0
UNIQUE_ONLY_LOWER_BOUND,3,ELECTRODE,A504-1,RIGHT,NaN,0
UNIQUE_ONLY_LOWER_BOUND,3,ELECTRODE,A505-1,RIGHT,NaN,0
UNIQUE_ONLY_LOWER_BOUND,3,ELECTRODE,A506-1,RIGHT,NaN,0
UNIQUE_ONLY_LOWER_BOUND,3,ELECTRODE,A507-1,RIGHT,NaN,0
UNIQUE_ONLY_LOWER_BOUND,3,ELECTRODE,A508-1,RIGHT,NaN,0
UNIQUE_ONLY_LOWER_BOUND,3,ELECTRODE,A509-1,RIGHT,NaN,0
UNIQUE_ONLY_LOWER_BOUND,3,ELECTRODE,A510-1,RIGHT,NaN,0
UNIQUE_ONLY_LOWER_BOUND,3,ELECTRODE,A512-1,RIGHT,NaN,0
UNIQUE_ONLY_LOWER_BOUND,3,ELECTRODE,A514-1,RIGHT,NaN,0
UNIQUE_ONLY_LOWER_BOUND,3,ELECTRODE,A515-1,RIGHT,NaN,0
UNIQUE_ONLY_LOWER_BOUND,3,ELECTRODE,A516-1,RIGHT,NaN,0
UNIQUE_ONLY_LOWER_BOUND,3,ELECTRODE,A517-1,RIGHT,NaN,0
UNIQUE_ONLY_LOWER_BOUND,3,ELECTRODE,A518-2,RIGHT,NaN,0
UNIQUE_ONLY_LOWER_BOUND,3,ELECTRODE,A519-1,RIGHT,NaN,0
UNIQUE_ONLY_LOWER_BOUND,3,ELECTRODE,A520-1,RIGHT,NaN,0
UNIQUE_ONLY_LOWER_BOUND,3,ELECTRODE,A521-1,RIGHT,NaN,0
UNIQUE_ONLY_LOWER_BOUND,3,ELECTRODE,A522-1,RIGHT,NaN,0
UNIQUE_ONLY_LOWER_BOUND,3,ELECTRODE,A523-1,RIGHT,NaN,0
UNIQUE_ONLY_LOWER_BOUND,3,ELECTRODE,A524-1,RIGHT,NaN,0
UNIQUE_ONLY_LOWER_BOUND,3,ELECTRODE,A525-1,RIGHT,NaN,0
UNIQUE_ONLY_LOWER_BOUND,3,ELECTRODE,A526-1,RIGHT,NaN,0
UNIQUE_ONLY_LOWER_BOUND,3,ELECTRODE,A528-1,RIGHT,NaN,0
UNIQUE_ONLY_LOWER_BOUND,3,ELECTRODE,A529-1,RIGHT,NaN,0
UNIQUE_ONLY_LOWER_BOUND,3,ELECTRODE,A530-1,RIGHT,NaN,0
UNIQUE_ONLY_LOWER_BOUND,3,ELECTRODE,A531-1,RIGHT,NaN,0
UNIQUE_ONLY_LOWER_BOUND,3,ELECTRODE,A533-1,RIGHT,NaN,0
UNIQUE_ONLY_LOWER_BOUND,3,ELECTRODE,A534-1,RIGHT,NaN,0
UNIQUE_ONLY_LOWER_BOUND,3,ELECTRODE,A535-1,RIGHT,NaN,0
