Group,MediumID,CandidateIndex,CandidateType,a,b,OriginalStartX,OriginalStartY,OriginalStartZ,OriginalEndX,OriginalEndY,OriginalEndZ,Valid,MatchedPieceIndex
1,A1,1,BOUNDARY_EVENT,2552.18615205291,0,-7514.74698018023,-527.508669386136,-576.16978737989,-2588.09423943591,263.800242732266,-256.916004757901,1,2
1,A2,1,BOUNDARY_EVENT,2684.46563018304,0,-7669.26746487694,75.6211298477729,-262.64252357348,-2697.57508248102,420.228820486022,141.734026660795,1,2
1,A3,1,BOUNDARY_EVENT,3937.85882102586,0,-8933.0358623267,105.066056981,-242.602515764392,-3939.15969626586,318.937665072886,-118.26517904821,1,2
1,A4,1,DIRECT,0,0,-4192.3186063671,261.813019412782,-199.977019550071,806.624526775099,321.530792400596,-283.651025070759,1,1
1,A5,1,DIRECT,0,0,-2777.97743793496,-159.004834417892,-249.729794262883,2215.33209763938,97.7058633389306,-280.705584803122,1,1
1,A8,1,BOUNDARY_EVENT,0,576.688470535782,577.038075568308,-500,-306.636481677966,5576.64289084053,-468.709098793001,-252.115195849156,1,1
1,A9,1,BOUNDARY_EVENT,0,1062.14117897414,1066.9641376733,105.066056981001,-242.602515764394,6060.84030373414,318.937665072886,-118.26517904821,1,1
1,A10,1,BOUNDARY_EVENT,0,2315.53436981696,2330.73253512306,75.6211298477722,-262.64252357348,7302.42491751898,420.228820486022,141.734026660795,1,1
1,A12,1,BOUNDARY_EVENT,0,3640.74861530234,3660.68808804375,-338.712686789317,-500,8587.34082878807,452.596225329087,-180.746217378014,1,1
2,A1,1,BOUNDARY_EVENT,3493.90581966046,0,-8451.63794343944,-590.62216203489,252.833230701372,-3512.12594512394,-404.979103320158,-500,1,2
2,A2,1,BOUNDARY_EVENT,769.814150159529,0,-5759.45994359387,-268.781254298442,150.427922936673,-826.711283177028,226.126989945019,-500,1,2
2,A3,1,BOUNDARY_EVENT,3155.33275537634,0,-8109.99496107919,-648.469093654031,48.4670910637463,-3181.83808795686,151.850100006258,318.205894642448,1,2
2,A4,1,BOUNDARY_EVENT,1919.87724795564,0,-6913.85908644009,-119.195940929907,-324.340629772121,-1929.53238410003,108.400845346282,-0.786882742922217,1,2
2,A5,1,BOUNDARY_EVENT,1982.85577666722,0,-6955.54249614789,288.172608706274,-62.6130768044481,-2024.41608957997,-500,-313.165070078707,1,2
2,A6,1,BOUNDARY_EVENT,2322.73618141134,0,-7322.16963646283,35.3271229399665,268.103692349086,-2323.38920016757,-71.012294660458,297.870754283097,1,2
2,A7,1,BOUNDARY_EVENT,3443.51203030501,0,-8429.97102577644,285.388425939954,66.2105465060162,-3449.63264509039,-144.842051888255,171.715758761894,1,2
2,A8,1,BOUNDARY_EVENT,4170.56161209929,0,-9153.5551509294,349.017421057368,-177.861668869039,-4173.94384524883,33.2672984059111,-500,1,2
2,A9,1,BOUNDARY_EVENT,3055.94400270754,0,-8019.03517775782,532.248719292468,145.814521648708,-3079.42375967721,104.273670959877,-500,1,2
2,A10,1,BOUNDARY_EVENT,3125.3223103724,0,-8120.60302705075,314.745567026609,-55.6435126372188,-3128.15310165583,291.66119757681,218.054960707695,1,2
2,A11,1,BOUNDARY_EVENT,1946.42642463386,0,-6938.54445731346,430.74380997312,-6.82452456142585,-1958.79173514694,114.169942843126,-325.954298674494,1,2
2,A12,1,DIRECT,0,0,-4850.28126750738,82.5010658474648,-222.18011252894,147.723911234192,170.890609581654,-332.323300384175,1,1
2,A14,1,DIRECT,0,0,-4320.97782889831,-411.653921511031,368.315645023836,669.713064161411,-154.034754426643,205.10787964038,1,1
2,A16,1,DIRECT,0,0,-3571.27624542796,181.81815690851,361.831173792362,1420.41208784988,34.5184054987683,114.141112117339,1,1
2,A18,1,DIRECT,0,0,-3511.51171165783,-474.333842855282,-463.533330394968,1481.8651122767,-242.86501776371,-351.238730327768,1,1
2,A21,1,DIRECT,0,0,-2678.97911623744,295.087071499692,-78.7997608836554,2315.72959335963,490.579233198023,-199.910127862549,1,1
2,A24,1,DIRECT,0,0,-1977.25732408147,66.8052381259813,-477.030271691909,2995.23503720289,342.918909852125,-31.9674028131336,1,1
2,A25,1,DIRECT,0,0,-1838.56689459812,294.257902005536,-367.771364687737,3100.77004810686,216.528673349028,404.82732379311,1,1
2,A26,1,DIRECT,0,0,-1779.52317608205,-232.026520024825,339.790039270438,3220.45837798502,-243.703331153308,346.726253723034,1,1
2,A29,1,DIRECT,0,0,-1028.3713146442,-236.936150294581,-334.043480856211,3965.06458500721,-14.6318438933278,-206.847917144566,1,1
2,A31,1,DIRECT,0,0,-568.823774163553,-394.401820150427,-168.577848702974,4417.58197113286,-166.578870825741,120.998474631548,1,1
2,A33,1,DIRECT,0,0,-134.813541478156,-364.233142148315,427.977499036112,4824.09874614606,143.9163178571,39.4249930014681,1,1
2,A34,1,BOUNDARY_EVENT,0,74.486898564579,74.4923033113464,-195.552670819329,257.81445243288,5074.48681683039,-202.353389003721,260.749586441446,1,1
2,A38,1,BOUNDARY_EVENT,0,1556.48796969499,1570.02897422356,285.388425939953,66.2105465060182,6550.36735490961,-144.842051888255,171.715758761893,1,1
2,A39,1,BOUNDARY_EVENT,0,1874.67768962761,1879.39697294925,314.745567026607,-55.6435126372199,6871.84689834417,291.661197576811,218.054960707696,1,1
2,A42,1,BOUNDARY_EVENT,0,2677.26381858866,2677.83036353717,35.3271229399666,268.103692349086,7676.61079983243,-71.0122946604581,297.870754283097,1,1
2,A43,1,BOUNDARY_EVENT,0,2772.22899017547,2804.23899723811,-500,98.5069701618498,7732.39587036044,300.31919366029,368.245773740552,1,1
2,A44,1,BOUNDARY_EVENT,0,3053.57357536613,3061.45554268653,430.743809973119,-6.82452456142613,8041.20826485305,114.169942843128,-325.954298674493,1,1
2,A45,1,BOUNDARY_EVENT,0,3080.12275204437,3086.14091355992,-119.195940929906,-324.34062977212,8070.46761589998,108.400845346282,-0.786882742921591,1,1
2,A46,1,BOUNDARY_EVENT,0,3065.48707067615,3092.13444207282,280.552107085691,-65.0355561569352,8023.26084864074,-507.620501620581,-315.587549431193,1,1
2,A47,1,BOUNDARY_EVENT,0,3946.85772577717,3959.59822010861,-500,-114.664350356616,8899.11021842411,-314.356941285264,-867.497581057993,1,1
2,A48,1,BOUNDARY_EVENT,0,3965.08191267927,3977.58135981847,359.25898652865,-115.227055308326,8917.19277789908,-68.7160618039371,-761.041576957033,1,1
2,A49,1,BOUNDARY_EVENT,0,4422.52604986024,4430.2932292045,-249.743104160598,125.407235577456,9363.04188962134,245.165140082868,-525.020687359217,1,1
3,A1,1,BOUNDARY_EVENT,125.192846639874,0,-5119.7502408185,-4877.43388806041,2520.58924842467,-337.119122805609,-4694.65516508342,3967.32057366848,1,2
3,A2,1,BOUNDARY_EVENT,1463.45856285632,0,-6034.66440059518,-4944.15626562438,-316.987420275034,-2499.66714527227,-4677.41226432862,-3842.98260498987,1,2
3,A3,1,BOUNDARY_EVENT,0,3220.94736301593,-5000,-4706.61459072279,-4108.45905076322,-577.587787101104,-5531.16975895707,-6290.74661058223,1,1
3,A3,2,EVENT_INTERVAL_REPRESENTATIVE,1478.66238431163,1742.2849787043,-6307.85091742679,-4462.76684851123,-3463.0857454721,-1885.43870452789,-5287.32201674552,-5645.37330529112,1,2
3,A3,3,BOUNDARY_EVENT,2957.32476862325,263.622594392675,-7615.70183485357,-4218.91910629968,-2817.71244018099,-3193.28962195468,-5043.47427453396,-5000,1,2
3,A3,4,EVENT_INTERVAL_REPRESENTATIVE,3089.13606581959,131.811297196338,-7732.2866129574,-4197.1819690327,-2760.18240935795,-3309.8744000585,-5021.73713726698,-4942.46996917697,1,2
3,A3,5,BOUNDARY_EVENT,3220.94736301593,0,-7848.87139106123,-4175.44483176572,-2702.65237853492,-3426.45917816233,-5000,-4884.93993835393,1,2
3,A4,1,BOUNDARY_EVENT,3521.93086086851,0,-8322.87206415158,-5531.15487574788,1611.97860567497,-3605.47101992416,-4152.45454528847,692.569672330724,1,3
3,A5,1,BOUNDARY_EVENT,577.203678034864,0,-5328.43298613041,-4610.19129894059,59.5967397559424,-2483.39752786214,-4066.21125355775,-4015.92273037563,1,2
3,A6,1,BOUNDARY_EVENT,1557.90756635058,0,-6557.69750778923,-4498.08055405592,3039.0523260015,-1558.37167667412,-4567.34509022482,2994.96538491327,1,2
3,A7,1,BOUNDARY_EVENT,2502.40172362163,0,-7480.57516863928,-4562.50005729551,701.261118186282,-2524.18638177167,-4309.12018384298,92.9776044016462,1,2
3,A8,1,BOUNDARY_EVENT,2502.87175150866,0,-7485.47437372652,-4260.34208156522,-2304.59192919242,-2520.22920639355,-4593.9107173629,-2789.43457736672,1,2
3,A9,1,BOUNDARY_EVENT,2095.98920912094,0,-6092.752250677,-5948.31105281666,-4381.70758343812,-3485.9825070119,-1935.54048003478,-2931.73384790774,1,3
3,A10,1,BOUNDARY_EVENT,657.818778121274,0,-5642.48288923202,-4345.88343765613,1246.1786196431,-759.049103205538,-3308.26191366606,1520.79841217019,1,2
3,A11,1,BOUNDARY_EVENT,0,4086.48489857234,-5000,-4113.79464480424,-1483.19311457291,-3788.19740354866,-8964.31848294757,-1546.06570667072,1,1
3,A11,2,EVENT_INTERVAL_REPRESENTATIVE,2043.24244928617,2043.24244928617,-5495.20130104491,-2131.63540333046,-1457.50032475873,-4283.39870459358,-6982.15924147378,-1520.37291685654,1,2
3,A11,3,BOUNDARY_EVENT,4086.48489857234,0,-5990.40260208983,-149.476161856671,-1431.80753494455,-4778.60000563849,-5000,-1494.68012704236,1,2
3,A12,1,BOUNDARY_EVENT,2939.61725961887,0,-7778.54547893462,-3691.2417493783,5196.66973964978,-3052.51274483836,-4340.69143386373,3699.06174568995,1,3
3,A13,1,BOUNDARY_EVENT,471.840857525615,0,-5453.62257371063,-3956.33374593534,1118.95031819287,-646.677960123347,-4404.32707824943,2419.94434435375,1,2
3,A14,1,BOUNDARY_EVENT,1490.06942095495,0,-6487.12407589988,-3908.89270220084,833.536155343552,-1497.00732366556,-3996.37334061972,1135.33399657542,1,2
3,A15,1,BOUNDARY_EVENT,4195.09741469954,0,-8804.62101200746,-3347.19192764942,-4035.17894862001,-4270.0171209558,-3898.40520002173,-2002.07012722856,1,2
3,A16,1,BOUNDARY_EVENT,2502.15905539494,0,-7427.26396874057,-3554.92440223894,3045.22702639136,-2576.92489156017,-3456.76012690378,1835.03092185925,1,2
3,A17,1,BOUNDARY_EVENT,4018.61202373739,0,-8675.72172827145,-4469.59705159465,4630.74058319827,-4102.34949606856,-2841.41616101726,3433.53825557183,1,2
3,A18,1,BOUNDARY_EVENT,3528.7768458041,0,-7302.53214933889,-338.839092535155,1065.68879817128,-4040.0246999422,-3964.39042857365,-34.9576720364012,1,2
3,A19,1,BOUNDARY_EVENT,4117.58358432122,0,-6991.79517712893,-5656.5587290294,-1074.47554257817,-4573.14946376295,-2163.19389376176,-3710.10735315639,1,3
3,A20,1,BOUNDARY_EVENT,3159.53961503674,0,-7713.05490052306,-1448.60950391369,1283.25446944978,-3419.62099703407,-3553.43041143183,2744.81331658726,1,2
3,A21,1,BOUNDARY_EVENT,1808.25933949856,0,-6788.65712040849,-2934.55467460004,-1233.640012785,-1842.85902237545,-2262.68910855129,-937.535580783762,1,2
3,A22,1,BOUNDARY_EVENT,2234.71193815159,0,-6650.92957248635,-1449.86954706891,1910.41866420061,-2957.09873840603,-4028.25170916487,4080.1097010496,1,2
3,A23,1,BOUNDARY_EVENT,1549.95603994325,0,-5717.12861181137,-1914.2426538574,-120.190611144001,-3403.74489856223,-4013.07197165803,-4024.44102447742,1,2
3,A24,1,BOUNDARY_EVENT,1184.47771030474,0,-5472.51478078056,-3051.06585963938,-3566.15000961059,-3477.9024015447,-539.990915338504,269.997026244971,1,2
3,A25,1,BOUNDARY_EVENT,1334.31573317426,0,-5709.12319512214,-1961.10631399334,-4070.08071759942,-3051.86907793065,-3726.31167480155,-220.009212959164,1,2
3,A26,1,BOUNDARY_EVENT,525.697382049064,0,-5453.93427541205,-2333.10564612701,1439.41223578663,-1136.48576879498,-3251.23992689051,-909.346550295275,1,2
3,A27,1,BOUNDARY_EVENT,2694.22579578813,0,-7260.99489663987,-930.100019087664,-1850.99938562975,-3064.99376678937,-3445.2491194506,-817.752309061515,1,2
3,A28,1,BOUNDARY_EVENT,963.463356057905,0,-5883.99784397859,-2323.41298522059,2932.9824985829,-1296.39293705433,-544.587260835758,3821.61080121073,1,2
3,A29,1,BOUNDARY_EVENT,1288.44457259974,0,-6058.02143002854,-2592.15662376051,4508.83742012003,-1952.21256355269,148.897971568059,3715.77168678109,1,2
3,A30,1,BOUNDARY_EVENT,4168.36454623819,0,-9041.20796233372,-879.348926666654,-4810.58496730685,-4193.73371013477,-2022.79385410491,-4369.53273436392,1,2
3,A31,1,BOUNDARY_EVENT,1722.13766497525,0,-5527.62453100125,-1620.35756654936,-1336.03639488305,-3995.73616419977,-2209.34600138377,3386.92990346057,1,2
3,A32,1,BOUNDARY_EVENT,1065.53029507632,0,-5978.59993946937,-1357.76387813388,2505.56433286008,-1386.52055894232,-3296.09996253492,2900.10227380758,1,2
3,A33,1,BOUNDARY_EVENT,1567.74408518393,0,-6470.47697297513,-1770.42110056799,-1042.75460219955,-1780.69058860293,-1643.08063301096,-2771.82605077521,1,2
3,A34,1,BOUNDARY_EVENT,1034.27501952958,0,-6033.40012484487,-1723.44607031509,1110.01620415164,-1037.62963183377,-1563.14982673259,981.243942181346,1,2
3,A35,1,BOUNDARY_EVENT,1897.59503084703,0,-6618.14457213507,-2559.68555181577,-734.93467313441,-2354.47254035077,51.3673451435429,-675.743671616226,1,2
3,A36,1,BOUNDARY_EVENT,831.340044694938,0,-5515.7806928964,-1361.26582898101,2855.42176825384,-2413.6764685915,-2347.43049850611,-939.89490181865,1,2
3,A37,1,BOUNDARY_EVENT,0,3924.90806437602,-5000,-1332.26025692466,4449.60978106156,-748.622812481157,-721.076408112897,7009.34537529703,1,1
3,A37,2,EVENT_INTERVAL_REPRESENTATIVE,1962.45403218801,1962.45403218801,-6668.6264607997,-1572.14429862643,3444.93709341305,-2417.24927328085,-960.960449814663,6004.67268764851,1,2
3,A37,3,BOUNDARY_EVENT,3924.90806437602,0,-8337.25292159939,-1812.02834032819,2440.26440576453,-4085.87573408055,-1200.84449151643,5000,1,2
3,A38,1,BOUNDARY_EVENT,4438.28169518885,0,-8163.2137965135,1880.89202961122,3275.34317478256,-4599.65698133606,-1583.8638820847,2730.79813773728,1,2
3,A39,1,BOUNDARY_EVENT,0,4188.9785764957,-5000,-1126.71993264818,4747.84309165573,-451.472865597249,249.59119342411,6302.40688637485,1,1
3,A39,2,EVENT_INTERVAL_REPRESENTATIVE,2094.48928824785,2094.48928824785,-6905.36827206225,-1703.25371481913,4096.6396484683,-2356.8411376595,-326.942588746839,5651.20344318743,1,2
3,A39,3,BOUNDARY_EVENT,4188.9785764957,0,-8810.7365441245,-2279.78749699008,3445.43620528088,-4262.20940972175,-903.476370917789,5000,1,2
3,A40,1,BOUNDARY_EVENT,2782.1878034517,0,-7460.30859986854,-1371.64340868336,2509.40607726431,-3038.77279122151,-908.420118048348,4797.51561919305,1,2
3,A41,1,BOUNDARY_EVENT,806.481531517576,0,-5796.26722387823,-1221.95108410428,-3535.95774239944,-859.593581892434,-464.39271979464,-3300.67349476013,1,2
3,A42,1,BOUNDARY_EVENT,3777.41966060062,0,-8580.06616719511,-2237.29236449687,-3963.72843475645,-3841.2940835211,-642.904872072403,-3919.37008726385,1,2
3,A43,1,BOUNDARY_EVENT,3429.28924354136,0,-8353.4218941714,-493.065215503684,477.228413794833,-3464.03861965299,-1273.96671209501,-218.561818589242,1,2
3,A44,1,BOUNDARY_EVENT,3998.22456055297,0,-8237.87098457833,-1726.8632933773,5373.96463449328,-4188.73500491925,-770.048269359104,2601.05951025203,1,3
3,A45,1,BOUNDARY_EVENT,2280.39609365513,0,-7241.11142302339,-704.783373269199,-1028.25735121264,-2327.24705257705,-763.909003116404,-1950.45099072288,1,2
3,A46,1,BOUNDARY_EVENT,3866.12514579897,0,-8609.92690992662,650.083027888508,1952.36995680638,-3941.26413545687,-1135.38813308892,1827.14762813308,1,2
3,A47,1,BOUNDARY_EVENT,3478.70078524956,0,-8391.37254664874,213.044832449732,2413.27886626428,-3516.89101459389,-899.92465203099,2440.27368559865,1,2
3,A48,1,BOUNDARY_EVENT,0,3130.97638408635,-5000,-514.068744165381,4019.84708744789,-749.387451573915,-275.550619361459,6641.94587797862,1,1
3,A48,2,EVENT_INTERVAL_REPRESENTATIVE,1565.48819204318,1565.48819204318,-6330.85675070232,-588.748205759145,3198.87414845858,-2080.24420227623,-350.230080955223,5820.97293898931,1,2
3,A48,3,BOUNDARY_EVENT,3130.97638408635,0,-7661.71350140464,-663.427667352909,2377.90120946927,-3411.10095297855,-424.909542548987,5000,1,2
3,A49,1,BOUNDARY_EVENT,9.71721946176967,0,-5008.42542479918,-472.086118532311,-1278.82993245206,-673.118996697684,-2802.85269639203,-2157.83239774665,1,2
3,A50,1,BOUNDARY_EVENT,1209.48823648582,0,-6165.37706344597,-506.295200470953,2125.67594923217,-1347.73176400929,-169.264629335002,3420.55206799234,1,2
3,A51,1,BOUNDARY_EVENT,3833.53100532821,0,-7038.40663166911,2963.392879765,931.959038464291,-4379.75247074549,-1271.17341410157,934.480040778632,1,2
3,A52,1,BOUNDARY_EVENT,341.911238822037,0,-5332.97631947522,-311.562106379373,3464.80199746974,-463.63770658839,124.771338411342,4513.20773858641,1,2
3,A53,1,BOUNDARY_EVENT,1639.95347962272,0,-6128.37508129907,844.908496831237,-4276.14084971973,-2688.10956364959,-2232.55516649171,-2354.21718604344,1,2
3,A54,1,BOUNDARY_EVENT,2649.43093338651,0,-7636.49077427042,12.1807173140578,-3788.92078205069,-2660.91141296876,-61.3227277094073,-3300.85596774969,1,2
3,A55,1,BOUNDARY_EVENT,1887.05459794778,0,-6667.73402243825,-711.651708220178,-977.579563814855,-2248.85280868866,1511.80528368367,-1705.40359744172,1,2
3,A56,1,BOUNDARY_EVENT,0,4472.3231996802,-5000,215.344816075578,-4722.96002279038,-781.725961924337,-345.956109142615,-7348.05152806139,1,1
3,A56,2,EVENT_INTERVAL_REPRESENTATIVE,2236.1615998401,2236.1615998401,-6886.54848430945,466.376731061106,-3548.93425875968,-2668.27444623378,-94.9241941570864,-6174.0257640307,1,2
3,A56,3,BOUNDARY_EVENT,4472.3231996802,0,-8773.09696861889,717.408646046635,-2374.90849472899,-4554.82293054323,156.107720828442,-5000,1,2
3,A57,1,BOUNDARY_EVENT,1141.4659969434,0,-6111.25448927516,-31.3664051409532,1617.80884706798,-1243.59092220063,1068.96624807133,1309.39443422368,1,2
3,A58,1,BOUNDARY_EVENT,3164.97109680155,0,-8159.6892267564,419.667746797315,-187.62864204453,-3168.03348944253,304.854789176287,-452.564454844165,1,2
3,A59,1,BOUNDARY_EVENT,1148.58733283153,0,-6135.71479726242,319.864290043192,-282.432451387935,-1191.75117865526,518.842460481699,-1001.89852117701,1,2
3,A60,1,BOUNDARY_EVENT,1587.28211237536,0,-5493.31076386729,-883.760623992503,39.3922598071502,-3939.3627919814,3784.94787024668,-848.530426292623,1,2
3,A61,1,BOUNDARY_EVENT,1031.10633016777,0,-6002.66994460483,936.385010562742,3995.20101820592,-1140.56253982493,30.9393602218937,3260.29982847812,1,2
3,A62,1,BOUNDARY_EVENT,2314.32397124191,0,-7314.30630950978,1007.78727821895,1133.76916204769,-2314.34446694224,992.637982139226,1146.10089740263,1,2
3,A63,1,BOUNDARY_EVENT,6.46248586236106,0,-5006.38243805304,1003.56486866728,-3285.52913673929,-68.3151146029868,637.107139705193,-3979.21483066616,1,2
3,A64,1,BOUNDARY_EVENT,958.862649891061,0,-5780.11990132241,598.3532223583,-5218.21873367755,-1712.1759605972,2828.3771307533,-3353.05775855939,1,3
3,A65,1,BOUNDARY_EVENT,1649.93993334928,0,-6291.18036038046,73.4954595251478,2118.95903323431,-2378.37015958896,3020.94096491727,1117.71913924,1,2
3,A66,1,BOUNDARY_EVENT,3948.06644981402,0,-7706.96101336831,3878.20935848707,1496.82686801208,-4278.74995388142,479.023569555252,2797.94365905574,1,2
3,A67,1,BOUNDARY_EVENT,205.357646958231,0,-5157.53510171841,1189.23628512208,-4552.89507062527,-1321.90725800691,3096.10853520288,-1973.78722751036,1,2
3,A68,1,BOUNDARY_EVENT,907.509694121693,0,-5792.4054780267,2069.91400679435,467.110873810386,-1426.58171239957,-365.593857143029,378.317336970383,1,2
3,A69,1,BOUNDARY_EVENT,4296.34215837076,0,-9255.47616518555,1840.10995910312,-1515.10522800037,-4303.035218537,1847.3209924815,-827.154160731464,1,2
3,A70,1,BOUNDARY_EVENT,1136.35422869053,0,-5700.20103219462,1349.80283907628,1835.79803419742,-2619.29098444703,4561.01415799683,4115.29691397877,1,2
3,A71,1,BOUNDARY_EVENT,2118.58631190606,0,-6745.80600475513,1204.43391370057,-3055.72089647053,-2625.59151327081,3326.08016801863,-1178.90185466049,1,2
3,A72,1,BOUNDARY_EVENT,1673.94697484988,0,-6490.39101327038,2590.92582646437,-3055.11953957642,-2038.66394048171,1713.47815093003,-954.593023176349,1,2
3,A73,1,BOUNDARY_EVENT,0,406.484515046343,-5000,2315.81765375918,4091.04323119117,-610.616363737617,135.355242437497,5080.4344412417,1,1
3,A73,2,EVENT_INTERVAL_REPRESENTATIVE,203.242257523172,203.242257523172,-5178.42164787385,2404.45007434347,4050.82601057032,-789.038011611464,223.987663021785,5040.21722062085,1,2
3,A73,3,BOUNDARY_EVENT,406.484515046343,0,-5356.84329574769,2493.08249492775,4010.60878994947,-967.459659485311,312.620083606072,5000,1,2
3,A74,1,BOUNDARY_EVENT,4309.28897913352,0,-8987.05074681052,3316.58486137682,-3012.16634408452,-4360.93868271287,2198.50476408577,-4544.80591895259,1,2
3,A75,1,BOUNDARY_EVENT,1274.20891334185,0,-5806.35548357729,2188.20628558915,846.644790812001,-2642.21389292369,3910.39189723333,4313.9614353286,1,2
3,A76,1,BOUNDARY_EVENT,0,2047.97175449189,-5000,2685.05139773563,-3256.3901885425,-969.819630587469,2495.26897388695,-6209.63058200863,1,1
3,A76,2,EVENT_INTERVAL_REPRESENTATIVE,1023.98587724595,1023.98587724595,-5825.36955620646,2723.91830208974,-2651.57489753818,-1795.18918679392,2534.13587824106,-5604.81529100432,1,2
3,A76,3,BOUNDARY_EVENT,2047.97175449189,0,-6650.73911241291,2762.78520644385,-2046.75960653387,-2620.55874300038,2573.00278259517,-5000,1,2
3,A77,1,BOUNDARY_EVENT,679.33513476608,0,-5678.35745007737,2847.06674126332,401.469916902103,-685.553343817277,2637.72908546581,233.884409242303,1,2
3,A78,1,BOUNDARY_EVENT,4080.5928834967,0,-8965.2921707139,3820.47445882235,3290.55746507902,-4106.5715338784,2850.17217161023,3962.38128470717,1,2
3,A79,1,BOUNDARY_EVENT,1600.14228195965,0,-6127.83749999956,4296.49481642619,2348.90129974546,-2603.65870441669,1039.7209558079,944.056882182582,1,2
3,A80,1,BOUNDARY_EVENT,4228.69909073507,0,-7837.01188118525,825.498980122529,5060.12679389344,-4482.53829449633,3883.67840956613,2963.6904047954,1,3
3,A81,1,BOUNDARY_EVENT,0,3129.99947076423,-5000,3498.43532509654,-3572.39428580983,-2727.16307276404,7513.31299873312,-5499.81991807871,1,1
3,A81,2,EVENT_INTERVAL_REPRESENTATIVE,648.29987433853,2481.6995964257,-5294.69597886381,2977.86638683591,-3322.48432677047,-3021.85905162785,6992.74406047249,-5249.90995903936,1,2
3,A81,3,BOUNDARY_EVENT,1296.59974867706,1833.39972208717,-5589.39195772762,2457.29744857527,-3072.57436773112,-3316.55503049166,6472.17512221186,-5000,1,2
3,A81,4,EVENT_INTERVAL_REPRESENTATIVE,2213.29960972064,916.699861043584,-6006.093816802,1721.20988746934,-2719.20020587657,-3733.25688956604,5736.08756110593,-4646.62583814545,1,2
3,A81,5,BOUNDARY_EVENT,3129.99947076423,0,-6422.79567587639,985.122326363416,-2365.82604402203,-4149.95874864043,5000,-4293.25167629091,1,2
3,A82,1,BOUNDARY_EVENT,4188.03275943499,0,-7339.79774002756,167.983263353901,-2854.89884709209,-4546.36479139988,4224.19290758382,-1992.40497257619,1,2
3,A83,1,BOUNDARY_EVENT,2424.22470404118,0,-7270.65280103613,4049.13681900675,956.225516721767,-2587.39716625327,3249.44185661583,-601.851704214715,1,2
3,A84,1,BOUNDARY_EVENT,911.292016089827,0,-5882.11384255241,3795.58849197618,-3708.8664967722,-1042.20617861071,3853.29927026519,-4962.64609087465,1,2
3,A85,1,BOUNDARY_EVENT,0,3331.6695954022,-5000,4268.99144661317,2473.37106164901,-1843.24282511566,6459.83011793458,5672.60691651481,1,1
3,A85,2,EVENT_INTERVAL_REPRESENTATIVE,525.59966428532,2806.06993111688,-5331.8381022699,4038.69063258321,2137.06760339161,-2175.08092738556,6229.52930390461,5336.3034582574,1,2
3,A85,3,BOUNDARY_EVENT,1051.19932857064,2280.47026683156,-5663.67620453979,3808.38981855324,1800.7641451342,-2506.91902965545,5999.22848987464,5000,1,2
3,A85,4,EVENT_INTERVAL_REPRESENTATIVE,2191.43446198642,1140.23513341578,-6383.56529223289,3308.77557361592,1071.18792077391,-3226.80811734855,5499.61424493732,4270.42377563971,1,2
3,A85,5,BOUNDARY_EVENT,3331.6695954022,0,-7103.45437992598,2809.1613286786,341.61169641362,-3946.69720504164,5000,3540.84755127942,1,2
3,A86,1,BOUNDARY_EVENT,1404.52305180969,0,-5974.69020335337,5049.72385303712,-4299.49605472247,-2504.86390859264,2456.65557167601,-1802.23708289236,1,3
3,A87,1,BOUNDARY_EVENT,4299.59683654196,0,-8269.94221695632,7292.8858288737,-160.856788314693,-4467.32729598824,4063.70432695529,174.563232702057,1,3
3,A88,1,BOUNDARY_EVENT,0,4172.75098223545,-5000,4583.30546841803,-4734.57668717026,-469.012844779854,3206.16048336372,-6338.82950059146,1,1
3,A88,2,EVENT_INTERVAL_REPRESENTATIVE,756.44637293861,3416.30460929684,-5685.48975987954,4791.65273420901,-4491.87044277245,-1154.5026046594,3414.50774915471,-6096.12325619365,1,2
3,A88,3,BOUNDARY_EVENT,1512.89274587722,2659.85823635823,-6370.97951975908,5000,-4249.16419837465,-1839.99236453894,3622.8550149457,-5853.41701179585,1,2
3,A88,4,EVENT_INTERVAL_REPRESENTATIVE,2842.82186405634,1329.92911817912,-7576.15787012365,5366.30104311561,-3822.45569247672,-3045.1707149035,3989.15605806131,-5426.70850589792,1,3
3,A88,5,BOUNDARY_EVENT,4172.75098223545,0,-8781.33622048822,5732.60208623123,-3395.7471865788,-4250.34906526807,4355.45710117692,-5000,1,3
3,A89,1,BOUNDARY_EVENT,2933.10815102543,0,-7805.24690143064,5115.31246903009,254.963652473301,-3023.20894546589,4221.01331886411,-899.307553840379,1,3
3,A90,1,BOUNDARY_EVENT,3405.32114895935,0,-8287.81738886369,4203.87659559688,3212.89182525609,-3460.34701963225,4970.55812487301,4265.37900658388,1,2
3,A91,1,BOUNDARY_EVENT,0,4338.74378188307,-5000,4917.7334003533,2912.43041845257,-193.546718828795,5539.78123440597,4141.68358524488,1,1
3,A91,2,EVENT_INTERVAL_REPRESENTATIVE,2169.37189094153,2169.37189094153,-7085.3969286593,4647.84278315031,2379.08896507455,-2278.9436474881,5269.89061720299,3608.34213186686,1,2
3,A91,3,BOUNDARY_EVENT,4338.74378188307,0,-9170.7938573186,4377.95216594733,1845.74751169653,-4364.3405761474,5000,3075.00067848884,1,2
3,A92,1,BOUNDARY_EVENT,0,1199.7458398299,-4995.91838936805,1956.76737973369,1769.17430952256,-3869.57462378038,-422.734885853253,6019.9764326269,1,1
3,A93,1,DIRECT,0,0,-4902.46883794863,-94.4166207700482,672.934600297983,97.3763590855169,-82.0764201731013,710.294005322419,1,1
3,A94,1,DIRECT,0,0,-4897.9224016491,-4362.03473939685,1312.21633831054,-3012.14751113252,238.568230852889,1839.76289779741,1,1
3,A95,1,DIRECT,0,0,-4845.08073283386,1462.43827903822,-85.8584979188063,-257.976588278578,-503.036407640955,222.985836701638,1,1
3,A96,1,BOUNDARY_EVENT,0,3468.55682447279,-4833.38316603981,1700.44016001606,-4028.8396946924,-3365.18508309815,-1875.98677250877,-7199.57537991712,1,1
3,A97,1,DIRECT,0,0,-4801.86959698975,-3582.07213390288,-1984.64462751909,-2690.87373362849,-3968.24918667436,2531.38944551273,1,1
3,A98,1,DIRECT,0,0,-4779.75109652657,-2344.06989304822,-3220.67869193697,183.472108314943,-1901.26852208205,-3633.40422397159,1,1
3,A99,1,BOUNDARY_EVENT,3697.79022887765,0,-5674.79836573578,8587.2439307249,-1448.18219569767,-4462.99576928441,3736.72009258158,-1511.05478779547,1,3
3,A100,1,DIRECT,0,0,-4745.53953435397,3309.54611875961,-4101.31881632114,-3133.25193614438,-375.504264302602,-1131.31336599743,1,1
3,A101,1,DIRECT,0,0,-4741.19356786378,-378.567447110398,1578.804023168,169.012165270613,561.698729085063,1654.82491632829,1,1
3,A102,1,BOUNDARY_EVENT,3809.84978492098,0,-7439.32554554398,-7686.52682828981,3733.12410882794,-3894.04947168852,-4160.76206070917,3732.52092145894,1,3
3,A103,1,DIRECT,0,0,-4677.06527617311,1542.78684951119,-2987.78613940108,-232.43418966324,1953.7437089671,-734.706255221154,1,1
3,A104,1,BOUNDARY_EVENT,0,1094.77172751242,-4668.25542612177,2564.41390693882,1131.01493516207,-4123.31609818373,5682.77975282283,-2739.23513170577,1,1
3,A105,1,BOUNDARY_EVENT,0,2089.19110431191,-4645.06298240691,-4013.03042006628,-4280.17502219044,198.922395809063,-4096.39787008145,-5516.64399628879,1,1
3,A106,1,DIRECT,0,0,-4642.45937836692,-4593.49833680742,3474.40935702149,-1330.03038400753,-3673.72855897134,-156.270705047679,1,1
3,A107,1,DIRECT,0,0,-4628.93500514492,-4623.92424534162,-3379.01806989156,347.663690561501,-4719.99669224236,-3852.55318668825,1,1
3,A108,1,DIRECT,0,0,-4571.84128933919,-731.76490888297,4020.15092057908,-918.340568478979,-4145.25624114645,4017.08379880479,1,1
3,A109,1,BOUNDARY_EVENT,0,185.515742548142,-4565.75792650676,973.668456715803,-249.852342702499,-3561.55100321278,5155.14598159528,2300.99343157243,1,1
3,A110,1,BOUNDARY_EVENT,3919.87956405494,0,-7861.84817003047,596.154126038027,7058.00850905724,-3643.57413195483,34.8532008198337,4432.91700378619,1,3
3,A111,1,DIRECT,0,0,-4537.55944532078,2428.70864022709,-631.52951422848,-418.27972558606,-214.860659395111,-1652.84041139802,1,1
3,A112,1,BOUNDARY_EVENT,0,4294.78737603299,-4531.87720662466,656.546568365086,-4461.362601052,-2710.87881632283,-2007.92723570655,-8280.33421785333,1,1
3,A113,1,DIRECT,0,0,-4518.7611476125,2882.08375528358,694.061209470425,-105.926251516752,2788.08677966835,3043.11479514591,1,1
3,A114,1,DIRECT,0,0,-4464.31365797202,-3357.94869264603,1667.83281348784,-3780.03862899474,1578.01319683164,2077.76928459312,1,1
3,A115,1,DIRECT,0,0,-4463.68735379139,-4886.22789661029,-2725.99859426592,-1902.45867861374,-608.74850625676,-3104.51905414699,1,1
3,A116,1,DIRECT,0,0,-4437.424910375,-1542.88317408878,3661.64513403437,393.788811329587,-1730.25327255817,2387.17802131123,1,1
3,A117,1,DIRECT,0,0,-4422.28950725118,715.442990850514,4148.53114128022,-528.062227498771,345.954062170818,1034.29418414043,1,1
3,A118,1,BOUNDARY_EVENT,166.213231362195,0,-4505.40874964374,-1168.75732035559,-5057.73516523807,-1643.83896399538,2545.40656668242,-3320.95510371989,1,2
3,A119,1,DIRECT,0,0,-4403.60727755624,-4592.70038720672,-3723.58682101653,-1184.96159580262,-871.28701203014,-2833.97878014365,1,1
3,A120,1,DIRECT,0,0,-4397.29493631101,1830.1361867125,-2506.42937971872,-327.237248089884,2386.60773512022,344.003890920108,1,1
3,A121,1,BOUNDARY_EVENT,1531.44317552722,0,-4833.38316603981,1700.44016001606,5971.1603053076,-3365.18508309814,-1875.98677250877,2800.42462008289,1,2
3,A122,1,DIRECT,0,0,-4367.72812969583,2076.92333379447,1425.12626491372,423.899947702362,3460.13217657474,1068.7084410836,1,1
3,A123,1,BOUNDARY_EVENT,0,2900.62872052658,-4366.88748213927,-3819.61253713339,-2675.94087134222,-4232.39723628018,-6630.90055085406,-6808.56377667477,1,1
3,A124,1,BOUNDARY_EVENT,1277.37261722067,0,-5592.2669376111,-5158.91737396406,2760.95781151036,-785.813656439914,-4536.86953991139,3990.21097830275,1,3
3,A125,1,DIRECT,0,0,-4326.70685705914,-3313.35506887951,-3148.29031733543,611.160511270979,-2743.99181004891,-3689.85410145916,1,1
3,A126,1,DIRECT,0,0,-4325.93534522974,-1636.01576929022,687.287707327499,283.385320464921,194.607517827582,52.4795619306548,1,1
3,A127,1,BOUNDARY_EVENT,0,2787.70943077469,-4314.49442587369,3019.10780590509,406.19185737708,-3722.00288186128,7496.12412024161,2552.18316477757,1,1
3,A128,1,DIRECT,0,0,-4313.76832575146,-563.93752595661,-133.083517332063,-2857.92470190704,-2445.58479963247,4264.63439999503,1,1
3,A129,1,BOUNDARY_EVENT,0,4287.52613669627,-4310.41849023409,5000,-4411.12283861205,-4175.92824437492,2188.71198627931,-8543.74574394458,1,1
3,A129,2,EVENT_INTERVAL_REPRESENTATIVE,2143.76306834814,2143.76306834814,-4368.08153465928,6205.34708366084,-2639.24996663976,-4233.59128880011,3394.05906994015,-6771.87287197229,1,2
3,A129,3,BOUNDARY_EVENT,4287.52613669627,0,-4425.74457908447,7410.69416732168,-867.377094667468,-4291.2543332253,4599.40615360099,-5000,1,2
3,A130,1,BOUNDARY_EVENT,2811.84514277715,0,-4366.88748213927,6180.3874628666,7324.05912865779,-4232.39723628016,3369.09944914594,3191.43622332523,1,3
3,A131,1,DIRECT,0,0,-4283.65344231607,782.214621001764,4731.05726019267,-441.016747520069,-925.388000762852,2025.83332899032,1,1
3,A132,1,BOUNDARY_EVENT,705.21262396702,0,-4531.87720662466,656.54656836509,5538.63739894801,-2710.87881632285,-2007.92723570653,1719.66578214666,1,2
3,A133,1,BOUNDARY_EVENT,1419.80572755943,0,-5553.81438519865,-1294.29525485803,-5441.43571591975,-1005.2872507959,82.0158712142527,-3886.8719212006,1,3
3,A134,1,BOUNDARY_EVENT,2348.28211385382,0,-6378.35628420904,5002.24208849422,5753.44763757134,-1847.3691289889,3625.09710343992,4149.19482415013,1,4
3,A135,1,BOUNDARY_EVENT,3905.22827248758,0,-4668.25542612175,-7435.58609306118,1131.01493516208,-4123.31609818374,-4317.22024717717,-2739.23513170577,1,2
3,A136,1,DIRECT,0,0,-4224.87904616298,1018.43605070981,1905.69831751946,751.900062945494,1373.51986922207,2230.63705170217,1,1
3,A137,1,DIRECT,0,0,-4223.07600315043,-1771.37115843877,1892.94507460088,433.368702860982,-644.452482854297,3323.88078191874,1,1
3,A138,1,BOUNDARY_EVENT,0,702.880085911632,-4210.6959543032,-1730.15353464306,-1888.43185450096,-2867.5144942155,1445.95168125994,-5508.95933303091,1,1
3,A139,1,BOUNDARY_EVENT,3961.06678993493,0,-5950.53052292286,-8180.63972373862,-2766.319343881,-3677.69359568689,-4165.76205010203,-4693.74497614987,1,3
3,A140,1,BOUNDARY_EVENT,3800.25416017011,0,-4995.91838936806,1956.76737973369,-8230.82569047744,-3869.57462378038,-422.734885853251,-3980.0235673731,1,2
3,A141,1,DIRECT,0,0,-4102.31621428781,4431.47429291086,-2415.60705080457,894.504935331985,4605.85934665772,-2378.61716378044,1,1
3,A142,1,BOUNDARY_EVENT,3512.44629812578,0,-7072.42254692794,-1630.19458096303,-6798.18676243065,-2821.0453594091,-1019.01073215131,-4238.45116819516,1,3
3,A143,1,BOUNDARY_EVENT,2212.29056922532,0,-4314.49442587369,-6980.89219409491,406.191857377074,-3722.00288186128,-2503.8758797584,2552.18316477757,1,2
3,A144,1,DIRECT,0,0,-4012.39270998318,-1834.8453603863,3726.07429706474,344.762915275798,-943.423431913583,1441.21942142996,1,1
3,A145,1,BOUNDARY_EVENT,0,3774.73158533446,-3949.01857827991,-2074.5740788911,-4102.45285721345,-1518.95391061229,-4457.7951544819,-7765.10804379781,1,1
3,A146,1,BOUNDARY_EVENT,3240.15807213739,0,-5992.37565343746,-6419.73272112655,1467.64157531646,-2835.61847855312,-4228.89404980516,4666.87743018227,1,3
3,A147,1,BOUNDARY_EVENT,0,667.488506046918,-3941.62191782659,-2541.21008300394,4386.14290663014,754.381618800537,-4105.07590102375,5094.57391047932,1,1
3,A148,1,BOUNDARY_EVENT,195.994578301715,0,-4098.16451854473,-915.620954808949,5047.26635185887,19.8734899426172,1651.04826883585,3841.45871502447,1,2
3,A149,1,DIRECT,0,0,-3935.66950286621,-221.024131726583,1238.27483308518,-924.248509871287,-1698.47073322929,4946.17115615808,1,1
3,A150,1,BOUNDARY_EVENT,0,2883.43576518429,-3927.63123837517,3971.44880669682,3989.56636951461,-125.956377071754,6401.21487848517,1834.68700274722,1,1
3,A151,1,DIRECT,0,0,-3902.89572773884,-3088.9993237149,1630.40870061951,476.949011720593,-766.260515050205,980.91313870055,1,1
3,A152,1,BOUNDARY_EVENT,0,984.33972830584,-3868.12247744941,1284.55208881491,2507.95188151583,-2780.31758623079,5910.75009836115,953.933704301926,1,1
3,A153,1,BOUNDARY_EVENT,0,3179.03713608869,-3831.21985516059,3507.15877538373,965.904437966886,-3040.34197400664,7606.20234788619,3717.6954852355,1,1
3,A154,1,DIRECT,0,0,-3786.81574078267,4843.24926450574,1101.85560042605,-1801.77961053379,1129.35410692689,-1593.81023942112,1,1
3,A155,1,DIRECT,0,0,-3779.58706323983,2768.76779575297,-2930.32195471563,-2949.65479393071,601.473047834658,1498.4528085801,1,1
3,A156,1,BOUNDARY_EVENT,0,1063.93797030768,-3767.53791624575,756.658513759222,2570.50459685003,-428.855427418373,-1323.86186994544,5656.70520144248,1,1
3,A157,1,DIRECT,0,0,-3736.69743835885,-973.397803807633,2686.98807733915,-1053.83607794081,-4905.37937369601,4217.27427764092,1,1
3,A158,1,BOUNDARY_EVENT,365.313534831005,0,-3969.63994957215,-2528.71336772644,5184.11108996032,324.917711790812,-2983.52391990687,2664.20596181481,1,2
3,A159,1,BOUNDARY_EVENT,0,435.778813032651,-3634.45936732771,1213.13905013493,4050.24673685265,-847.366423340802,5361.55867611411,4201.00325700726,1,1
3,A160,1,DIRECT,0,0,-3628.8074308068,-4587.61306219392,4681.3589361279,346.901667158697,-3755.04279473817,1765.78627915242,1,1
3,A161,1,BOUNDARY_EVENT,2.61068724573124,0,-3559.09130558383,-5002.58457833135,3337.22458473296,-3253.21910971766,-52.5884890382549,2701.62965415288,1,2
3,A162,1,BOUNDARY_EVENT,1820.96286391131,0,-3831.21985516059,-6492.84122461626,965.904437966884,-3040.34197400664,-2393.79765211381,3717.69548523551,1,2
3,A163,1,BOUNDARY_EVENT,0,2806.56510977727,-3496.54007033917,-4290.83309731229,1172.81001896321,811.858336284925,-5907.40012159195,-782.800940765374,1,1
3,A164,1,DIRECT,0,0,-3496.37091092846,-696.631470477054,1531.62191440463,247.096691063384,2229.7953930502,3088.05248634269,1,1
3,A165,1,BOUNDARY_EVENT,0,3285.71691578967,-3482.77574037465,2116.61032978454,4198.39286257169,623.763177438714,3750.61767381569,6536.41726709285,1,1
3,A166,1,BOUNDARY_EVENT,0,1016.60813700444,-3457.83167560648,-4229.12624197928,1555.86418738945,1441.91732220165,-5196.73598831367,1792.91088590469,1,1
3,A167,1,BOUNDARY_EVENT,0,4440.77693575228,-3453.7495830052,-2903.72992487522,4589.29175869421,-1039.80189382136,-518.714363966994,8261.42429008651,1,1
3,A168,1,BOUNDARY_EVENT,467.843178771001,0,-3472.10504475694,5409.61197528972,1215.22681622013,-2896.96682537518,1031.94875525788,3561.56028795574,1,2
3,A169,1,BOUNDARY_EVENT,3792.23615892789,0,-6634.96627372537,-605.812954037211,-6988.72356914633,-2384.35372529927,-367.294829233286,-4366.62477861562,1,3
3,A170,1,DIRECT,0,0,-3381.94352263597,-2014.29877013302,-4270.86180286394,1445.20194002736,-742.106703383865,-3987.67630254788,1,1
3,A171,1,DIRECT,0,0,-3381.48967918435,2792.75267863163,3344.15385990426,1447.60182498836,1898.6392594994,2405.83811451012,1,1
3,A172,1,DIRECT,0,0,-3365.54201309952,3426.34108505962,-2178.65524259573,1568.31768688051,4133.78797753554,-2574.315899269,1,1
3,A173,1,BOUNDARY_EVENT,1225.26841466554,0,-3949.01857827991,-2074.5740788911,5897.54714278655,-1518.9539106123,-4457.79515448191,2234.89195620219,1,2
3,A174,1,BOUNDARY_EVENT,0,2707.35081718518,-3353.12058222035,3082.95543817606,2986.00711651426,-1340.60998055355,1795.4580035895,7378.29028522183,1,1
3,A175,1,DIRECT,0,0,-3330.97683930299,-192.554020631002,767.786431203294,-964.278987507449,-3933.94320669486,-1556.16456585125,1,1
3,A176,1,DIRECT,0,0,-3286.85924593133,-2974.02552709837,3459.42089366925,-1003.25046987847,-2627.96721279353,-975.144992754681,1,1
3,A177,1,BOUNDARY_EVENT,0,676.805547918691,-3252.76362536888,386.447498381996,875.664562809716,-1827.05136089992,-76.5395901988716,5645.67373415836,1,1
3,A178,1,BOUNDARY_EVENT,2415.43689720084,0,-5329.70114868821,5354.85792089218,6054.23557845786,-907.288935789322,4530.30275265791,3871.94801863882,1,4
3,A179,1,BOUNDARY_EVENT,559.223064247717,0,-3453.7495830052,-2903.72992487521,-5410.70824130579,-1039.80189382133,-518.714363967028,-1738.57570991348,1,2
3,A180,1,DIRECT,0,0,-3132.55886825909,-2477.77804858886,-18.8121899238568,-733.401974794709,-529.811963343794,3911.76974298091,1,1
3,A181,1,DIRECT,0,0,-3127.03672616569,2903.73641347257,467.769085676664,-3029.66894210302,-1619.45701440739,2596.44020367734,1,1
3,A182,1,BOUNDARY_EVENT,0,2698.83497667176,-3118.66362985694,3167.45706181989,926.242622903726,-661.620361661811,7149.22916334794,-836.831201333331,1,1
3,A183,1,DIRECT,0,0,-3115.7239937972,-814.320182024368,-801.001503680503,-1631.39949981614,3935.44525802039,-1287.32347637384,1,1
3,A184,1,DIRECT,0,0,-3093.68097161333,504.855793962775,190.215289626727,1309.4637032721,159.848374049618,2533.99148462336,1,1
3,A185,1,BOUNDARY_EVENT,0,3492.91194306935,-3089.67308499266,-3525.67520974636,-3568.40727676765,-2274.31421009608,-2192.58424977129,-8317.93971665688,1,1
3,A186,1,DIRECT,0,0,-3084.82362850467,594.686233675939,1354.51266409409,288.152295570044,-2163.34240434362,3807.32970730712,1,1
3,A187,1,BOUNDARY_EVENT,4297.11991408837,0,-4210.69595430325,-1730.15353464306,8111.56814549902,-2867.51449421549,1445.95168125994,4491.04066696909,1,2
3,A188,1,BOUNDARY_EVENT,0,533.661288030949,-3048.36888233805,-2547.3639288818,2298.33794672485,923.460774613492,-2269.61120961485,5322.80857860409,1,1
3,A189,1,BOUNDARY_EVENT,4015.66027169415,0,-3868.1224774494,-8715.44791118509,2507.95188151582,-2780.31758623079,-4089.24990163884,953.933704301927,1,2
3,A190,1,DIRECT,0,0,-2986.51011041048,-3997.31782735063,2302.07283132353,1942.1340348178,-4063.26347848573,3141.19026100985,1,1
3,A191,1,DIRECT,0,0,-2986.31280160509,-4387.10103169164,-366.71570439906,1962.46839744592,-4564.87028875375,-1058.06419478782,1,1
3,A192,1,BOUNDARY_EVENT,0,271.412406860033,-2969.40250126496,1406.65104185053,2094.97168441098,731.489436439067,40.0430323388269,5166.74339040995,1,1
3,A193,1,DIRECT,0,0,-2968.73708555886,-835.022338979809,-4918.29134699381,166.542246581075,-3757.3536433087,-2343.41207658218,1,1
3,A194,1,DIRECT,0,0,-2895.93436936923,1368.51452280352,-2002.05617326184,2103.42009067578,1354.80752479818,-1922.89114920624,1,1
3,A195,1,BOUNDARY_EVENT,1507.08805693065,0,-3089.67308499266,-3525.67520974637,6431.59272323235,-2274.31421009608,-2192.58424977127,1682.06028334313,1,2
3,A196,1,BOUNDARY_EVENT,459.195038356004,0,-3010.14056035205,-5419.78260147442,391.144742045802,-1180.52502181864,-848.929626044734,1262.81558483149,1,2
3,A197,1,BOUNDARY_EVENT,0,2205.67730689246,-2834.85811065107,-2402.68161026534,3706.40903851621,-2758.70458362982,-7050.1734624791,5548.96707666016,1,1
3,A198,1,BOUNDARY_EVENT,0,1292.62934453983,-2793.92468518926,-3116.18560171035,-513.773974660901,1464.97649824839,-5656.81961616368,-1151.6920840732,1,1
3,A199,1,BOUNDARY_EVENT,0,4284.0100334671,-2792.29860490794,5000,4736.14938638688,-2716.1450778867,352.508147786229,6578.70742453082,1,1
3,A199,2,EVENT_INTERVAL_REPRESENTATIVE,2142.00501673355,2142.00501673355,-2824.92285229223,6990.99017253404,3946.79567412147,-2748.76932527099,2343.49832032027,5789.35371226541,1,2
3,A199,3,BOUNDARY_EVENT,4284.0100334671,0,-2857.54709967652,8981.98034506808,3157.44196185606,-2781.39357265528,4334.48849285431,5000,1,2
3,A200,1,BOUNDARY_EVENT,3510.31265964044,0,-2834.85811065106,7597.31838973466,-6293.5909614838,-2758.70458362983,2949.8265375209,-4451.03292333984,1,3
3,A201,1,BOUNDARY_EVENT,0,3337.20070911334,-2746.01690991268,3619.88483228078,3319.02036967736,-962.579873953304,7769.86004361041,5463.09548126232,1,1
3,A202,1,DIRECT,0,0,-2735.73864867041,4334.7976314327,-1158.0041120667,-2304.00169128125,318.681575067157,-4104.93726730237,1,1
3,A203,1,DIRECT,0,0,-2732.62655978701,3173.87799493308,-1253.96384006569,6.86960683836378,-247.520179918855,-3660.03850269874,1,1
3,A204,1,BOUNDARY_EVENT,0,615.916843591338,-2713.51983737423,2768.20364613302,-4216.7934866811,-1801.5631203054,5313.54354303317,-10.8952763767437,1,1
3,A205,1,DIRECT,0,0,-2705.11635183855,2724.75473679113,209.559653063315,358.693964527135,3894.63999047646,3983.7396750735,1,1
3,A206,1,DIRECT,0,0,-2677.92026474569,-2636.29494613645,-4264.98243282158,272.65986457879,-1223.98345351364,-483.520658819213,1,1
3,A207,1,BOUNDARY_EVENT,0,379.375398654873,-2639.76796077274,-2885.06730731208,2684.63195984258,1683.19389069427,-2699.01166730076,5190.10279974092,1,1
3,A208,1,BOUNDARY_EVENT,0,2082.03197151653,-2629.90751246813,-2843.64608887052,-2734.93360670101,-1875.78605505326,-6538.604172853,-6018.0092356013,1,1
3,A209,1,BOUNDARY_EVENT,3863.99804278066,0,-5735.08055489299,2719.66656545628,7282.26302004279,-1704.90018548046,2529.88414160758,4329.02262657665,1,3
3,A210,1,BOUNDARY_EVENT,0,2060.10598259062,-2558.61843911067,-2372.71621498393,3461.18778183696,-1138.79801143588,1644.09630013757,6078.30970706717,1,1
3,A211,1,DIRECT,0,0,-2558.22695403246,2942.37905225634,-2002.4004020602,2339.82657173754,2979.80168390297,-998.572127237908,1,1
3,A212,1,BOUNDARY_EVENT,0,1303.09036824858,-2556.99566448664,4442.37920643136,-3160.32796331038,1716.83020877822,5196.550729559,-677.257743055793,1,1
3,A213,1,BOUNDARY_EVENT,0,2198.00233586492,-2520.59504579702,2704.46472649792,2786.33384317137,332.497919081817,6800.71238381113,2502.40486663859,1,1
3,A214,1,DIRECT,0,0,-2514.9777610282,-1076.90801464736,-2360.48997091467,2219.74083863324,-2656.87033186128,-2066.96167891529,1,1
3,A215,1,BOUNDARY_EVENT,0,4377.41087354165,-2470.45984035823,-3863.37174097604,-4506.98479799321,-59.3396500873428,-5736.78947975126,-8466.37937344416,1,1
3,A216,1,DIRECT,0,0,-2446.27314653107,1373.72966518059,-2438.82758059225,2551.99180759701,1375.05774147409,-2570.53059706634,1,1
3,A217,1,BOUNDARY_EVENT,0,876.499959740629,-2438.33403198682,1949.28385329019,-4240.40876203936,-1947.18525291026,5648.46672818343,-912.523707698062,1,1
3,A218,1,BOUNDARY_EVENT,2292.64918281481,0,-3353.12058222035,3082.95543817607,-7013.99288348573,-1340.60998055355,1795.45800358949,-2621.70971477817,1,2
3,A219,1,BOUNDARY_EVENT,0,412.9236594023,-2429.25437488962,-1243.579648126,2720.59759159582,-1642.52178296891,3023.48675097003,5205.18934367812,1,1
3,A220,1,DIRECT,0,0,-2414.47353666484,-849.026396101761,-3329.22657332843,1356.42189347572,-3862.29170084743,-2025.16374579248,1,1
3,A221,1,DIRECT,0,0,-2406.55684813261,1553.72190916102,2981.06732438274,2590.26838778432,1411.12145989842,3087.85062632555,1,1
3,A222,1,DIRECT,0,0,-2404.00490826933,117.226869004377,-4832.9411747539,676.714848596792,2426.64187272604,-1642.9931939492,1,1
3,A223,1,DIRECT,0,0,-2395.64019653782,-119.973703180315,2506.29549538455,1357.798453951,-2985.68846615203,4149.27364323153,1,1
3,A224,1,BOUNDARY_EVENT,0,1957.18336858998,-2392.33093833262,-2788.67312895647,-153.262345847898,469.851244695019,-6422.35721004225,1745.22472285258,1,1
3,A225,1,DIRECT,0,0,-2357.32332415099,-3978.94082377783,-3712.33910970985,2596.33596851486,-3342.34894670237,-3475.67395759219,1,1
3,A226,1,BOUNDARY_EVENT,0,2652.87788735309,-2345.28127734759,-3451.81618422104,2481.30622919476,-1598.90617389862,-6749.8631998342,6164.48557423848,1,1
3,A227,1,BOUNDARY_EVENT,2116.56423481571,0,-3927.63123837517,-6028.55119330319,3989.56636951461,-125.956377071757,-3598.78512151482,1834.68700274722,1,2
3,A228,1,DIRECT,0,0,-2274.23620732417,1886.7944044507,3789.67674392776,2714.709817092,2185.72391823163,3644.56054478786,1,1
3,A229,1,DIRECT,0,0,-2273.23100033529,-997.119451403975,3158.27000080394,2708.44274581757,-1382.38882162524,3343.99614129194,1,1
3,A230,1,BOUNDARY_EVENT,0,1169.70854302965,-2254.24596254165,2436.54255627196,2425.05814136151,1225.57553846407,3698.52167673884,5786.34524909925,1,1
3,A231,1,BOUNDARY_EVENT,0,3221.29830891757,-2253.4458059737,1535.25248123995,-3228.86436047797,-2010.1093423263,1144.07517434065,-8207.59589371277,1,1
3,A232,1,BOUNDARY_EVENT,0,4468.35758795624,-2189.80705200214,5000,-4650.91555074587,-1435.68559458727,1305.04191601753,-7933.99117964616,1,1
3,A232,2,EVENT_INTERVAL_REPRESENTATIVE,2234.17879397812,2234.17879397812,-2526.77548565018,6651.03939917433,-3183.91996092279,-1772.6540282353,2956.08131519186,-6466.99558982308,1,2
3,A232,3,BOUNDARY_EVENT,4468.35758795624,0,-2863.74391929821,8302.07879834866,-1716.92437109971,-2109.62246188334,4607.12071436619,-5000,1,2
3,A233,1,DIRECT,0,0,-2188.50524220757,2097.4606904741,-4434.40067871513,883.230792207638,4540.63601007918,-1336.76737366629,1,1
3,A234,1,BOUNDARY_EVENT,0,2589.0204901139,-2170.23239774886,-4096.64564367117,5000,240.887792522055,-5970.06338244637,1040.60542454905,1,1
3,A234,2,EVENT_INTERVAL_REPRESENTATIVE,1294.51024505695,1294.51024505695,-2794.47635542273,-3611.61395244799,6025.09536842883,-383.356165151817,-5485.03169122318,2065.70079297789,1,2
3,A234,3,BOUNDARY_EVENT,2589.0204901139,0,-3418.72031309661,-3126.5822612248,7050.19073685767,-1007.60012282569,-5000,3090.79616140672,1,2
3,A235,1,BOUNDARY_EVENT,1778.70169108243,0,-2253.44580597369,1535.25248123995,6771.13563952204,-2010.10934232631,1144.07517434065,1792.40410628723,1,2
3,A236,1,BOUNDARY_EVENT,0,2742.74159038936,-2152.91734216583,-5000,4032.0536847076,-369.480306206424,-850.024788670379,6176.12879629255,1,1
3,A236,2,EVENT_INTERVAL_REPRESENTATIVE,1371.37079519468,1371.37079519468,-2642.06803540249,-6138.23096111986,3443.98928656133,-858.630999443082,-1988.25574979024,5588.06439814627,1,2
3,A236,3,BOUNDARY_EVENT,2742.74159038936,0,-3131.21872863915,-7276.46192223972,2855.92488841505,-1347.78169267974,-3126.4867109101,5000,1,2
3,A237,1,BOUNDARY_EVENT,3449.61044052723,0,-2629.90751246813,7156.35391112948,7265.06639329898,-1875.78605505326,3461.395827147,3981.9907643987,1,3
3,A238,1,DIRECT,0,0,-2108.23336608646,-3665.72367124177,389.165966663762,2878.66509324681,-4025.37325495226,350.488670528782,1,1
3,A239,1,BOUNDARY_EVENT,1714.28308421032,0,-3482.77574037465,2116.61032978455,-5801.60713742831,623.763177438724,3750.61767381568,-3463.58273290715,1,2
3,A240,1,DIRECT,0,0,-2071.1049254666,4244.89005528479,-2447.3561755707,2802.62036856449,4053.76307960668,-3547.47991292472,1,1
3,A241,1,BOUNDARY_EVENT,4123.50004025937,0,-2438.33403198685,-8050.71614670981,-4240.40876203935,-1947.18525291025,-4351.53327181657,-912.523707698063,1,2
3,A242,1,DIRECT,0,0,-2033.25644272164,-4865.30820637923,2322.528469226,-1547.66880763091,-4682.87130466361,-2650.49087776426,1,1
3,A243,1,BOUNDARY_EVENT,4323.19445208131,0,-3252.76362536887,386.447498381997,-9124.33543719029,-1827.05136089992,-76.5395901988716,-4354.32626584164,1,2
3,A244,1,BOUNDARY_EVENT,0,3927.93784974302,-1994.91457542075,5000,4210.28056631406,-1248.53947197181,1701.95298438686,7893.4599113578,1,1
3,A244,2,EVENT_INTERVAL_REPRESENTATIVE,1963.96892487151,1963.96892487151,-2288.08607731505,6295.45237028589,2763.55061063516,-1541.7109738661,2997.40535467274,6446.7299556789,1,2
3,A244,3,BOUNDARY_EVENT,3927.93784974302,0,-2581.25757920934,7590.90474057177,1316.82065495626,-1834.8824757604,4292.85772495863,5000,1,2
3,A245,1,DIRECT,0,0,-1993.0511691762,-583.626826635024,-4381.51774328181,2970.46485508624,-232.395679875713,-4871.56402521457,1,1
3,A246,1,BOUNDARY_EVENT,2301.16502332825,0,-3118.66362985694,-6832.54293818011,926.242622903728,-661.620361661812,-2850.77083665206,-836.831201333332,1,2
3,A247,1,DIRECT,0,0,-1979.2166521355,-3031.76700765613,1464.07268224517,1593.33253453891,-116.438784863866,-469.254414286326,1,1
3,A248,1,DIRECT,0,0,-1976.3601228957,-636.977474317082,-2204.53441950196,2104.54289273436,-3328.89966613609,-1155.82783984592,1,1
3,A249,1,BOUNDARY_EVENT,0,58.8501378396386,-1967.20584138617,735.587853598221,-1791.44236131533,-172.246150349493,5050.79004879869,-14.6053620127613,1,1
3,A250,1,DIRECT,0,0,-1959.7032688218,-3760.91767555766,4797.89980168489,3039.74010150104,-3753.46937823196,4872.13260980926,1,1
3,A251,1,BOUNDARY_EVENT,0,1018.09999875675,-1921.17214367799,4023.54136107669,-4239.69943339324,2966.29088949712,4472.16281423261,-5194.39513942475,1,1
3,A252,1,BOUNDARY_EVENT,4384.08315640866,0,-2713.51983737422,-7231.79635386699,-4216.79348668109,-1801.5631203054,-4686.45645696683,-10.8952763767429,1,2
3,A253,1,DIRECT,0,0,-1913.65157229474,658.792262492777,-2053.58803643263,2896.3161635127,1004.33478139584,-732.67518990504,1,1
3,A254,1,BOUNDARY_EVENT,0,4212.51144664144,-1903.57591142826,4616.10307835296,-3945.18109835403,69.9962521548625,7053.57928044985,-51.1186079282325,1,1
3,A255,1,DIRECT,0,0,-1838.89283938742,45.9084458449079,-3327.47236662416,875.431190135028,3155.76205410684,-505.902662020478,1,1
3,A256,1,BOUNDARY_EVENT,3419.1842629039,0,-2345.28127734759,6548.18381577896,-7518.69377080524,-1598.90617389863,3250.13680016581,-3835.51442576151,1,3
3,A257,1,DIRECT,0,0,-1827.4342002489,-1648.39626907614,-1547.27202047728,1900.74434373872,-1068.43932429652,1733.63253259223,1,1
3,A258,1,BOUNDARY_EVENT,2910.80889568809,0,-4645.06298240691,-4013.03042006627,5719.82497780956,198.922395809066,-4096.39787008146,4483.35600371121,1,2
3,A259,1,DIRECT,0,0,-1824.9495825332,-4478.62663682293,2381.53247841767,-1760.73036069822,-23.933804265962,111.821558694086,1,1
3,A260,1,DIRECT,0,0,-1804.43496642929,-125.481945182031,-2904.76845004073,2961.94331755027,-1166.95184877341,-3998.83357329502,1,1
3,A261,1,DIRECT,0,0,-1768.36631086668,3611.11350022682,1302.35594993159,2600.5213962355,4559.00000040452,-936.914329760507,1,1
3,A262,1,DIRECT,0,0,-1760.28009020591,-100.847387880996,-2161.86617951344,2430.10000398021,2622.9702440665,-2015.127724633,1,1
3,A263,1,BOUNDARY_EVENT,2939.89401740938,0,-2558.61843911066,-2372.71621498393,-6538.81221816304,-1138.79801143588,1644.09630013757,-3921.69029293283,1,2
3,A264,1,DIRECT,0,0,-1714.324078827,2687.77286668013,-322.869727028028,-62.3824690924421,322.61173875842,-4406.63046401982,1,1
3,A265,1,DIRECT,0,0,-1696.85726928882,4633.57939662882,4469.7931162593,3269.10056783173,4054.68853600402,4405.38712720526,1,1
3,A266,1,DIRECT,0,0,-1688.02675109733,3264.63107973665,-3397.74222253306,3024.24235084434,4009.94075078403,-1901.40221934895,1,1
3,A267,1,BOUNDARY_EVENT,42.6607093291077,0,-1729.88519084865,5007.85995525576,1177.87547292652,3183.78868966805,4086.64282368784,1093.21147565664,1,2
3,A268,1,BOUNDARY_EVENT,0,155.831553567588,-1678.84298934076,-3136.82305666654,1160.98133744767,2838.34532808452,-5059.93634632272,214.067941162474,1,1
3,A269,1,BOUNDARY_EVENT,0,732.188803508217,-1668.94292631907,-2095.64445248237,2000.7498810709,-126.126354104637,-5300.78109173443,5514.55353924882,1,1
3,A270,1,DIRECT,0,0,-1638.21381065445,-2001.95466930316,1739.68347518704,2612.1045022839,-4424.66491892332,707.564642355113,1,1
3,A271,1,BOUNDARY_EVENT,0,1069.97886056311,-1630.79438494195,-1627.7545400243,-2431.43756672781,-763.662178220514,-5918.12008810745,-4848.22162822102,1,1
3,A272,1,BOUNDARY_EVENT,2193.43489022273,0,-3496.54007033917,5709.16690268772,1172.81001896321,811.85833628492,4092.59987840804,-782.800940765375,1,2
3,A273,1,BOUNDARY_EVENT,787.488553358564,0,-1903.57591142827,-5383.89692164705,-3945.18109835403,69.996252154885,-2946.42071955013,-51.1186079282602,1,2
3,A274,1,DIRECT,0,0,-1574.65981391307,298.460551002785,2855.46447150688,232.462995940462,202.716371570795,-1805.55904293842,1,1
3,A275,1,DIRECT,0,0,-1561.9368141303,4624.04884276696,3593.21278741863,3426.54560476326,4962.26087065698,3618.8210005628,1,1
3,A276,1,DIRECT,0,0,-1548.58886727104,-98.2144255899202,-4227.9844913351,-768.385068247016,4808.10762137702,-4793.03847409661,1,1
3,A277,1,BOUNDARY_EVENT,0,2125.65013170616,-1538.64137353927,-650.382714172144,2840.70790805912,1758.47884087487,-793.248857021624,6596.84788906741,1,1
3,A278,1,DIRECT,0,0,-1489.57061795279,4386.19018971233,1992.54195980958,1540.97012933524,550.103182441659,943.609525533649,1,1
3,A279,1,BOUNDARY_EVENT,0,881.262725683096,-1465.67232088247,-2716.32934866515,2555.56071368742,993.322869022494,-5488.62398563444,-801.182514779062,1,1
3,A280,1,DIRECT,0,0,-1462.5326550549,-2061.1894796973,4271.08530302224,3482.02142277178,-1913.35280985366,4998.77293552472,1,1
3,A281,1,BOUNDARY_EVENT,0,1739.64513987755,-1410.4247519827,-1801.71988954496,2327.68588257511,-439.686213597374,-6706.52358066054,2303.86484749095,1,1
3,A282,1,DIRECT,0,0,-1370.47673295522,544.724842807719,-2522.27527979119,3254.3599382504,1055.73116491742,-692.040785679673,1,1
3,A283,1,BOUNDARY_EVENT,3920.0577004973,0,-2746.01690991268,-6380.11516771922,-6680.97963032264,-962.579873953287,-2230.1399563896,-4536.90451873769,1,3
3,A284,1,DIRECT,0,0,-1289.85348481225,-922.684354973808,2795.09947323115,2697.27621127285,-1616.50014374302,-141.125388364235,1,1
3,A285,1,DIRECT,0,0,-1287.5492143397,510.037087201225,-3113.48050250706,1991.96950774375,3481.76950960515,-786.773954371387,1,1
3,A286,1,DIRECT,0,0,-1195.86508286475,1713.51827928881,-2864.80604719042,3280.3796441118,-513.312515087985,-2931.57248658817,1,1
3,A287,1,DIRECT,0,0,-1191.06447425374,4854.01252903279,3310.70161072481,3250.65348246953,2564.3602456412,3141.48573061371,1,1
3,A288,1,DIRECT,0,0,-1172.37821295477,3442.62672615013,-67.954334003678,3798.65040662973,3948.14092733008,-250.518995636845,1,1
3,A289,1,DIRECT,0,0,-1164.21722372438,4444.28286971334,3053.98346259342,726.959080512002,2620.85584286194,-1200.2574878045,1,1
3,A290,1,BOUNDARY_EVENT,3936.06202969233,0,-3767.53791624576,756.65851375922,-7429.49540314996,-428.855427418372,-1323.86186994544,-4343.29479855752,1,2
3,A291,1,DIRECT,0,0,-1122.31996570061,-2622.92397988768,-1872.3566919596,2775.91924704288,-149.022610723488,-3791.61255188984,1,1
3,A292,1,BOUNDARY_EVENT,0,4335.42819571237,-1115.62918680786,-2644.33441256991,-4686.32069539784,810.181279259431,1320.71336413672,-7046.33132614073,1,1
3,A293,1,DIRECT,0,0,-1061.35395684506,-3390.18109115154,-2144.22934907679,3325.6147854483,-4782.55634713434,-4097.63570738216,1,1
3,A294,1,DIRECT,0,0,-1042.35387041865,-3835.56683670731,1322.40942771576,297.191363687103,-3081.76415771512,-3435.46825954447,1,1
3,A295,1,BOUNDARY_EVENT,152.070434873646,0,-1141.59646748062,-5078.96038859851,-2253.1035908447,2558.25111562526,-2482.78222076087,-4391.09020975249,1,2
3,A296,1,DIRECT,0,0,-1021.46911361414,4270.80141946141,-2415.39333624588,3776.25490871123,3333.24044315314,-3465.54743032255,1,1
3,A297,1,BOUNDARY_EVENT,3033.56863634445,0,-2470.45984035822,6136.62825902396,5493.0152020068,-59.3396500873241,4263.21052024876,1533.62062655584,1,3
3,A298,1,DIRECT,0,0,-1001.0229248571,-1870.25182089103,120.667151387046,3968.80440840674,-1600.3748282402,-356.80817402925,1,1
3,A299,1,DIRECT,0,0,-950.257296144078,1499.49936863303,2966.68000651468,2461.7418969606,-459.051505773072,-119.148890008285,1,1
3,A300,1,BOUNDARY_EVENT,3930.02113943689,0,-1630.79438494194,8372.2454599757,-2431.43756672781,-763.662178220516,4081.87991189255,-4848.22162822102,1,2
3,A301,1,BOUNDARY_EVENT,0,1341.3685670014,-943.883047879913,-1796.63283259212,-2999.87574297452,1410.40281713073,-6174.45446627116,-3540.2606146196,1,1
3,A302,1,BOUNDARY_EVENT,0,3545.89903509446,-939.621197616654,-3684.98516091987,-605.647591962363,-751.984807019841,-8206.73045515241,-2731.35031788846,1,1
3,A303,1,DIRECT,0,0,-924.116992474872,-1871.61122667849,-1439.10685171816,3252.41366437023,163.48285637705,408.860611616995,1,1
3,A304,1,BOUNDARY_EVENT,2801.99766413508,0,-2520.59504579702,-7295.53527350208,2786.33384317136,332.497919081818,-3199.28761618887,2502.4048666386,1,2
3,A305,1,DIRECT,0,0,-910.643496863629,-450.056741007482,-1105.08540016829,4080.52349906419,-697.387397598801,-940.526702218454,1,1
3,A306,1,DIRECT,0,0,-908.524734493589,3603.37968043794,1710.26256478597,3956.85337702761,3624.65202077418,2862.4966206388,1,1
3,A307,1,BOUNDARY_EVENT,1454.10096490554,0,-939.621197616653,6315.01483908013,-605.647591962359,-751.984807019842,1793.26954484759,-2731.35031788847,1,2
3,A308,1,BOUNDARY_EVENT,664.57180428763,0,-1115.62918680786,-2644.33441256991,5313.67930460216,810.181279259444,1320.71336413673,2953.66867385928,1,2
3,A309,1,DIRECT,0,0,-816.786552340955,1153.60241984912,3248.23555409033,3846.87436003794,1929.17934483832,4875.73281300462,1,1
3,A310,1,BOUNDARY_EVENT,3260.35486012244,0,-1410.4247519827,8198.28011045503,2327.6858825751,-439.686213597374,3293.47641933945,2303.86484749095,1,2
3,A311,1,BOUNDARY_EVENT,0,1726.9768992687,-775.312506684465,1207.43249816536,3820.471398528,2748.22555484773,4263.22290114178,5622.36610744169,1,1
3,A312,1,DIRECT,0,0,-720.662959498911,1395.74107118604,-3368.76689505706,4131.43149099703,2501.62059165755,-3852.71929939884,1,1
3,A313,1,DIRECT,0,0,-704.26011590517,1397.35574361483,-2062.10024317056,4274.26865519084,1541.76761242385,-2501.86891817634,1,1
3,A314,1,BOUNDARY_EVENT,0,206.495820120316,-658.666884309651,-2631.64145942732,2307.07644646147,-220.920713262763,-5102.02476535376,-2017.91888434916,1,1
3,A315,1,BOUNDARY_EVENT,3042.81663141003,0,-2392.33093833262,7211.32687104353,-153.262345847913,469.851244695014,3577.64278995776,1745.22472285259,1,2
3,A316,1,DIRECT,0,0,-628.303131437458,3941.83493952219,-2970.13746682894,3448.15566079556,3483.4251532117,-111.406247731752,1,1
3,A317,1,BOUNDARY_EVENT,0,2370.38205526125,-611.897627660977,-1832.7227813926,3058.5871537184,533.822001779337,1339.12726701702,6750.02234902104,1,1
3,A318,1,DIRECT,0,0,-600.293524099337,2058.66606159803,544.869717003619,3535.89127867356,-549.669822608702,-498.470684049675,1,1
3,A319,1,DIRECT,0,0,-541.389696544848,-4477.10912074193,229.79011253271,4409.93296649692,-4134.97285589825,-376.301186470811,1,1
3,A320,1,DIRECT,0,0,-533.710007971979,-580.055111920089,-1355.23468988366,2552.91086491322,-2685.61035636179,1967.3258738493,1,1
3,A321,1,BOUNDARY_EVENT,0,1020.81691033837,-514.141679471809,3603.84491387508,-1790.11529514643,2115.63177548291,4951.58707436648,-5823.46162845944,1,1
3,A322,1,DIRECT,0,0,-503.316277716019,-2536.20202748796,434.485855444772,4367.71549417358,-3230.90696665853,-454.577991944181,1,1
3,A323,1,DIRECT,0,0,-465.372955518574,308.12634250627,-2814.46533546512,4220.95132692436,-730.463145720607,-1414.57369868376,1,1
3,A324,1,DIRECT,0,0,-436.455355049266,-1018.12076494026,319.488721381171,3381.58948285985,-2131.10870961898,-2710.98837813888,1,1
3,A325,1,BOUNDARY_EVENT,0,1.01880578100099,-425.685083763202,-2747.83684877655,-2647.37640701039,3243.73882156064,-5000.45899689338,-105.522425985623,1,1
3,A326,1,DIRECT,0,0,-418.74576243275,632.329806281322,-4816.96976636464,3867.1642306188,-1594.10859772961,-3523.15851096216,1,1
3,A327,1,DIRECT,0,0,-414.147359128009,-213.361934866363,-3902.442133719,4392.53058126761,734.006471408728,-4901.61192915214,1,1
3,A328,1,DIRECT,0,0,-403.88275820486,-1325.2405856818,-4191.238712224,631.091769525115,-1223.82665823466,699.420030958747,1,1
3,A329,1,DIRECT,0,0,-397.875958023511,2315.67886379874,-4449.70523441582,828.086612497854,2054.78407850822,390.640795228022,1,1
3,A330,1,BOUNDARY_EVENT,0,418.161469297359,-392.074020409426,-1116.11102244978,-1281.25884910726,2128.60978117055,-5354.46310701638,-2107.40942842213,1,1
3,A331,1,DIRECT,0,0,-381.467276296109,172.279256578303,-1186.26355630822,3962.00297077972,-2303.12253986502,-1267.8243246482,1,1
3,A332,1,BOUNDARY_EVENT,0,3608.4712312289,-371.3647187537,-1299.16849353423,-4433.05606033993,-219.791386921234,3264.50792062441,-6470.18224983566,1,1
3,A333,1,DIRECT,0,0,-368.865902150036,-3149.50771607562,-931.872482803781,3294.3013204958,-3316.50174300868,2467.14485959121,1,1
3,A334,1,BOUNDARY_EVENT,0,1478.20023687317,-330.447858179871,2793.11421678497,-3911.93531027542,4042.54040666104,4661.45590507463,-5456.69191614012,1,1
3,A335,1,BOUNDARY_EVENT,1391.52876877111,0,-371.3647187537,-1299.16849353424,5566.94393966007,-219.791386921234,3264.5079206244,3529.81775016435,1,2
3,A336,1,DIRECT,0,0,-282.135790835826,-1268.68413518342,1519.21346714945,4085.23625867751,983.672379599244,595.659726728388,1,1
3,A337,1,DIRECT,0,0,-270.578233818549,261.710661713484,2529.95981221472,920.427495625266,-1402.39506345766,-2032.0855062674,1,1
3,A338,1,DIRECT,0,0,-203.022377696583,-4050.4016749952,4380.48543607846,4788.13732617284,-3885.56832088296,4133.19051934494,1,1
3,A339,1,DIRECT,0,0,-185.834471623048,-1015.99448022286,3503.63552234271,2622.38106001486,226.556192561225,-442.247566831559,1,1
3,A340,1,DIRECT,0,0,-155.293961348396,2767.08119774224,421.095504509658,4270.51116369474,4550.77926535305,-1072.44733007642,1,1
3,A341,1,DIRECT,0,0,-86.1455555047714,2126.88721944666,-4115.80358825911,878.232853230145,3262.75545695612,657.012942028117,1,1
3,A342,1,BOUNDARY_EVENT,0,3572.56132645472,-81.7282437599506,-3707.73601417115,-1895.37735052434,1809.28949784527,-8234.24916593864,-928.562689997193,1,1
3,A343,1,DIRECT,0,0,-63.0604605725512,-2575.97595484392,2693.87582587505,4526.91315842301,-3415.55032132768,897.419018693707,1,1
3,A344,1,DIRECT,0,0,-38.4408876811713,-4330.4626423527,-3595.37063258734,4911.22760106878,-4967.03507292936,-3286.24704548102,1,1
3,A345,1,BOUNDARY_EVENT,2629.61794473876,0,-611.897627660978,-1832.72278139261,-6941.41284628161,533.822001779335,1339.12726701702,-3249.97765097897,1,2
3,A346,1,BOUNDARY_EVENT,0,4172.78665550132,-2.83675374090944,1276.58331143327,-4501.5357393613,1685.48554287637,-2338.92868318993,-7514.44809113669,1,1
3,A347,1,DIRECT,0,0,92.0145236920653,2387.73542071801,1936.39342771548,3128.88296811596,-405.599433226992,4760.34640979547,1,1
3,A348,1,DIRECT,0,0,106.998054848587,-132.056937913214,-3311.95882972781,1456.99076751935,1058.32567570105,1352.85723405656,1,1
3,A349,1,BOUNDARY_EVENT,4332.51149395308,0,-3941.62191782658,-2541.21008300392,-5613.85709336985,754.381618800539,-4105.07590102375,-4905.42608952068,1,2
3,A350,1,BOUNDARY_EVENT,0,3843.49710319745,156.891365494355,4807.07204571865,4591.63849545779,4201.02333156296,5641.17265547393,1772.1930156111,1,1
3,A351,1,BOUNDARY_EVENT,0,62.0943457354679,211.148240821421,1136.46844059657,-2525.87633098532,5060.21998750696,2334.9346924017,-2749.88936359783,1,1
3,A352,1,BOUNDARY_EVENT,0,3004.53900865856,231.672702700437,3630.53732214301,-763.977686007768,3687.49791492892,7061.98169464455,-1896.4359064086,1,1
3,A353,1,DIRECT,0,0,254.41793273461,-4059.37458782871,2455.57122246777,1528.4648257635,769.288514533416,2208.95987185719,1,1
3,A354,1,BOUNDARY_EVENT,827.213344498678,0,-2.83675374091081,1276.58331143327,5498.4642606387,1685.48554287638,-2338.92868318992,2485.5519088633,1,2
3,A355,1,BOUNDARY_EVENT,2874.34986829384,0,-1538.64137353927,-650.382714172145,-7159.29209194088,1758.47884087487,-793.248857021623,-3403.15211093259,1,2
3,A356,1,BOUNDARY_EVENT,3707.37065546016,0,-2793.92468518925,6883.81439828965,-513.773974660912,1464.97649824839,4343.18038383631,-1151.6920840732,1,2
3,A357,1,DIRECT,0,0,383.107705224529,-3933.65443276843,3435.6812403306,3773.68094695761,-310.867463698459,2819.70423655496,1,1
3,A358,1,DIRECT,0,0,406.992942192289,-3542.14741296542,4705.67555745157,3186.65675752132,-1440.87990592643,1119.85013816348,1,1
3,A359,1,BOUNDARY_EVENT,3830.29145697034,0,-2254.24596254164,2436.54255627197,-7574.94185863849,1225.57553846407,3698.52167673884,-4213.65475090074,1,2
3,A360,1,BOUNDARY_EVENT,0,4105.73668694713,423.332418198398,4343.36116556851,-201.674718098,1135.97832618508,8014.75651885563,3116.9081074002,1,1
3,A361,1,BOUNDARY_EVENT,3983.39186299556,0,-3457.83167560648,5770.87375802072,1555.86418738947,1441.91732220165,4803.26401168633,1792.91088590468,1,2
3,A362,1,BOUNDARY_EVENT,1427.43867354529,0,-81.7282437599533,6292.26398582886,-1895.37735052433,1809.28949784527,1765.75083406136,-928.562689997217,1,2
3,A363,1,BOUNDARY_EVENT,0,491.355260888316,492.402131071251,4580.44511070799,3968.11088999173,5491.2411722427,4472.77018582978,3971.89916302633,1,1
3,A364,1,DIRECT,0,0,494.068620001137,942.193442097078,2484.59737919321,3857.25553069977,4186.36553741314,705.743472972127,1,1
3,A365,1,BOUNDARY_EVENT,0,3932.06995656889,496.859678960925,712.458250662728,-4286.60260672017,4129.08378437841,-94.2130848114811,-7626.69682762898,1,1
3,A366,1,BOUNDARY_EVENT,4466.33871196905,0,-3048.36888233806,-2547.3639288818,-7701.66205327514,923.460774613493,-2269.61120961485,-4677.19142139591,1,2
3,A367,1,BOUNDARY_EVENT,0,496.672458331413,532.308645355847,1283.98753616482,3280.54272597601,5492.74213959461,701.842661514543,3045.58125221352,1,1
3,A368,1,BOUNDARY_EVENT,894.263313052873,0,423.332418198398,-5656.63883443149,-201.674718098001,1135.97832618508,-1985.24348114437,3116.90810740019,1,2
3,A369,1,BOUNDARY_EVENT,4118.73727431691,0,-1465.67232088248,7283.67065133484,2555.56071368743,993.322869022494,4511.37601436557,-801.18251477906,1,2
3,A370,1,DIRECT,0,0,565.209734297242,633.01202140712,3085.50967980725,3522.52757176336,970.653529289325,-931.985736538582,1,1
3,A371,1,BOUNDARY_EVENT,3696.90963175141,0,-2556.99566448664,-5557.62079356864,-3160.32796331037,1716.83020877823,-4803.449270441,-677.257743055791,1,2
3,A372,1,DIRECT,0,0,622.398518405673,2145.01866127435,2978.00711759627,1861.07804864094,1944.07693344368,-1861.96141984202,1,1
3,A373,1,DIRECT,0,0,668.604709862218,-1843.80610746591,1098.49883344741,3594.72932523208,-130.067116783526,-2575.85735602872,1,1
3,A374,1,BOUNDARY_EVENT,0,703.657841629244,744.523834814451,1840.10995910313,-1515.10522800037,5696.964781463,1847.3209924815,-827.154160731464,1,1
3,A375,1,BOUNDARY_EVENT,0,4088.5053368656,757.860120215932,-4541.93098739454,-1391.3961700317,5073.80920286162,-7054.66655860611,-1633.76668221892,1,1
3,A376,1,BOUNDARY_EVENT,3658.6314329986,0,-943.883047879906,8203.36716740788,-2999.87574297452,1410.40281713073,3825.54553372884,-3540.2606146196,1,2
3,A377,1,DIRECT,0,0,795.178926303391,-2265.60079922479,-2290.95730866955,4375.56717019288,665.520410398012,-4185.51490281054,1,1
3,A378,1,BOUNDARY_EVENT,0,458.375122319732,806.518284429546,2527.15196887878,4996.79605034444,3391.81054572472,5249.5785207435,1694.57594965622,1,1
3,A379,1,DIRECT,0,0,865.062607610237,4615.61376860144,1397.25611195393,3959.30677832254,2720.58144630926,4837.38772418635,1,1
3,A380,1,DIRECT,0,0,944.769247035697,3429.39133366972,-1769.06720844637,3992.39449337547,-471.284012373614,-1064.28908545856,1,1
3,A381,1,BOUNDARY_EVENT,0,831.635453761808,958.792037666284,-879.348926666641,-4810.58496730686,5806.26628986523,-2022.79385410491,-4369.53273436392,1,1
3,A382,1,BOUNDARY_EVENT,22.0345208612689,0,978.797473355521,-5020.72475238267,-3644.30726399944,2409.08897076284,-317.933048138722,-4559.73963121102,1,2
3,A383,1,BOUNDARY_EVENT,0,3485.86689700153,1001.72112666501,-3492.79544373779,3262.43978050237,1394.08758069983,-8469.91586095031,3535.05841213711,1,1
3,A384,1,DIRECT,0,0,1002.39598117343,-4014.10029880713,1094.16799460625,3499.80247603267,-619.434814750036,3784.74545135904,1,1
3,A385,1,DIRECT,0,0,1005.10802619205,196.204502359582,-1972.62336370054,3062.99599368352,-1826.00529473745,2110.97365973096,1,1
3,A386,1,BOUNDARY_EVENT,0,690.711020866488,1012.94925318949,3316.58486137686,-3012.16634408452,5639.06131728713,2198.50476408576,-4544.80591895259,1,1
3,A387,1,DIRECT,0,0,1023.47987152438,-4386.14471858764,3623.31623564462,2842.29276522477,-3797.61979296937,-996.809094867012,1,1
3,A388,1,BOUNDARY_EVENT,0,919.407116503294,1034.7078292861,3820.47445882237,3290.55746507901,5893.42846612159,2850.17217161023,3962.38128470717,1,1
3,A389,1,BOUNDARY_EVENT,0,95.6989266344144,1051.01118043376,3708.3829333319,632.90013712865,5077.05766543905,773.514833941854,1054.20636751124,1,1
3,A390,1,BOUNDARY_EVENT,88.129833288287,0,1029.38407740025,-5071.62526369451,3959.27349642597,3424.32782395823,-1008.00338776219,2300.59278565999,1,2
3,A391,1,BOUNDARY_EVENT,1156.50289680254,0,156.891365494354,-5192.92795428135,4591.63849545778,4201.02333156298,-4358.82734452606,1772.19301561112,1,2
3,A392,1,BOUNDARY_EVENT,1514.13310299848,0,1001.72112666501,6507.20455626221,3262.43978050237,1394.08758069982,1530.08413904969,3535.05841213711,1,2
3,A393,1,BOUNDARY_EVENT,0,804.902585300457,1195.37898799255,-3347.19192764941,-4035.17894862004,5729.9828790442,-3898.40520002173,-2002.07012722856,1,1
3,A394,1,DIRECT,0,0,1264.70298217998,-1415.80394084898,4551.81403118693,3397.58477766525,3061.02806532083,3912.4468166528,1,1
3,A395,1,BOUNDARY_EVENT,1067.93004343112,0,496.859678960922,712.458250662729,5713.39739327984,4129.0837843784,-94.2130848114791,2373.30317237102,1,2
3,A396,1,BOUNDARY_EVENT,0,304.458878874628,1279.67638853253,1669.55766104041,378.06144762305,2158.00633558242,1591.17742255464,5299.68648843328,1,1
3,A397,1,DIRECT,0,0,1292.77038055592,2549.40480193222,-3104.88593942965,2666.86445734986,1273.81108064308,1530.27599154186,1,1
3,A398,1,BOUNDARY_EVENT,0,981.387976262607,1324.27827172855,-4469.59705159468,4630.74058319824,5897.65050393144,-2841.41616101725,3433.53825557184,1,1
3,A399,1,BOUNDARY_EVENT,0,4087.29525463526,1325.22768636215,-2584.48341698145,-4372.3883568322,4868.58396922642,-1794.90668184373,-7810.5848073009,1,1
3,A400,1,BOUNDARY_EVENT,0,4394.93182014722,1351.85435908598,4559.32913990164,2603.46126235044,4691.30334014605,8200.82669977644,3369.9963393839,1,1
3,A401,1,BOUNDARY_EVENT,0,3660.47736362298,1388.23379378314,-2412.71707588015,-4610.4379747046,1703.26033903741,-7186.21989755403,-6064.54563483732,1,1
3,A402,1,BOUNDARY_EVENT,0,1133.87485420103,1390.07309007338,650.083027888496,1952.36995680637,6058.73586454313,-1135.38813308892,1827.14762813308,1,1
3,A403,1,BOUNDARY_EVENT,0,1222.58033939938,1419.93383280489,-2237.29236449688,-3963.72843475643,6158.7059164789,-642.904872072399,-3919.37008726386,1,1
3,A404,1,DIRECT,0,0,1458.74307874793,-3341.53860868994,-785.100297677509,4570.36314986726,-2238.73326115861,2970.11486239836,1,1
3,A405,1,DIRECT,0,0,1458.90090187067,4790.72702281352,1077.24372965009,4937.82698629505,2307.04390686284,3671.15804563146,1,1
3,A406,1,BOUNDARY_EVENT,0,2941.61219685432,1468.51011214792,-1375.25243452281,-3332.68098216493,3704.70262669963,521.179258242848,-7382.74145980436,1,1
3,A407,1,BOUNDARY_EVENT,0,3629.47613512389,1472.63083146869,-3691.5600927685,5000,1787.65737672292,-8465.06291444238,3545.89233986728,1,1
3,A407,2,EVENT_INTERVAL_REPRESENTATIVE,1814.73806756195,1814.73806756195,1358.29269867561,-1959.02863554731,5527.76490503525,1673.31924392985,-6732.53145722119,4073.65724490254,1,2
3,A407,3,BOUNDARY_EVENT,3629.47613512389,0,1243.95456588254,-226.497178326117,6055.52981007051,1558.98111113677,-5000,4601.42214993779,1,2
3,A408,1,BOUNDARY_EVENT,3273.0231007313,0,-775.312506684476,1207.43249816537,-6179.52860147199,2748.22555484774,4263.22290114178,-4377.63389255832,1,2
3,A409,1,DIRECT,0,0,1540.90076270817,-4926.41172089898,-254.469495786169,4418.33125602811,-4548.88207826306,-4326.06195145309,1,1
3,A410,1,BOUNDARY_EVENT,0,997.002162699675,1544.6530312542,5000,-1435.58005570366,5860.60211389989,2487.26442878842,-1677.95056789084,1,1
3,A410,2,EVENT_INTERVAL_REPRESENTATIVE,498.501081349838,498.501081349838,1114.35197430426,5250.52027987904,-1411.41566322114,5430.30105694994,2737.78470866746,-1653.78617540831,1,2
3,A410,3,BOUNDARY_EVENT,997.002162699675,0,684.050917354314,5501.04055975807,-1387.25127073861,5000,2988.30498854649,-1629.62178292579,1,2
3,A411,1,BOUNDARY_EVENT,0,444.896097016428,1549.12759581782,-1814.93600226961,-2644.84019768204,5337.04602499116,-3955.8395060977,-181.467273980566,1,1
3,A412,1,BOUNDARY_EVENT,2710.04650125313,0,1388.23379378314,7587.28292411985,5389.56202529539,1703.26033903739,2813.78010244596,3935.45436516269,1,3
3,A413,1,BOUNDARY_EVENT,0,360.058500209911,1574.93897247575,350.248784313318,-991.22432516025,5265.78402696534,2604.11752410441,-3500.75386026086,1,1
3,A414,1,BOUNDARY_EVENT,3979.18308966162,0,-514.141679471808,3603.84491387508,8209.88470485357,2115.63177548291,4951.58707436648,4176.53837154056,1,2
3,A415,1,BOUNDARY_EVENT,482.95700089821,0,1414.8263483411,5071.56935804512,-5362.20877014337,3251.13420872606,2320.90203147463,-1612.30174457247,1,3
3,A416,1,BOUNDARY_EVENT,0,1521.29921475044,1608.62745335126,213.044832449734,2413.27886626429,6483.10898540611,-899.924652030992,2440.27368559865,1,1
3,A417,1,BOUNDARY_EVENT,0,3731.70504944882,1610.76934659088,-3979.80019859528,2246.94024709132,3956.01334515131,-8001.7345324084,4070.08993971437,1,1
3,A418,1,BOUNDARY_EVENT,1995.46099134145,0,231.672702700443,-6369.462677857,-763.97768600776,3687.49791492891,-2938.01830535544,-1896.43590640861,1,2
3,A419,1,BOUNDARY_EVENT,0,1570.71075645864,1646.5781058286,-493.065215503701,477.228413794834,6535.96138034701,-1273.966712095,-218.561818589242,1,1
3,A420,1,BOUNDARY_EVENT,0,3073.71165432706,1677.12793584843,4468.84512425212,1611.97860567496,6394.52898007585,5847.54545471153,692.569672330721,1,1
3,A421,1,BOUNDARY_EVENT,365.126382518919,0,1642.24313785464,-2184.01401063254,-5275.88751441902,2222.6813460659,1039.34020203186,-1497.91463122529,1,2
3,A422,1,BOUNDARY_EVENT,0,1594.67885104065,1712.18261113632,4203.87659559688,3212.89182525608,6539.65298036775,4970.55812487301,4265.37900658389,1,1
3,A423,1,BOUNDARY_EVENT,0,4434.94541215416,1714.24096612677,-4509.69307651047,4366.8980464371,3858.8603322988,-8848.27322465799,3110.98002668419,1,1
3,A424,1,BOUNDARY_EVENT,0,1449.74147858904,1730.0577830437,-2707.11417112629,-160.856788314695,5532.67270401177,-5936.29567304472,174.563232702058,1,1
3,A425,1,BOUNDARY_EVENT,605.06817985279,0,1351.85435908598,-5440.67086009837,2603.46126235043,4691.30334014602,-1799.17330022355,3369.99633938397,1,2
3,A426,1,BOUNDARY_EVENT,0,4325.68079732697,1762.12901542166,-1726.8632933773,-4626.03536550674,5811.26499508076,-770.048269359143,-7398.94048974796,1,1
3,A427,1,BOUNDARY_EVENT,0,2329.6597781678,1828.82464848207,-2792.90530448755,-2844.97552689135,3356.6154178603,-266.301848361812,-6880.08771126692,1,1
3,A428,1,BOUNDARY_EVENT,0,561.718304811161,1836.78620348649,1880.8920296112,3275.3431747825,5400.34301866395,-1583.8638820847,2730.79813773729,1,1
3,A429,1,BOUNDARY_EVENT,0,1835.02890319845,1840.31077324359,419.667746797315,-187.628642044528,6831.96651055746,304.854789176287,-452.564454844166,1,1
3,A430,1,DIRECT,0,0,1906.75071034775,2762.6565602304,-704.023328117305,3839.79242642769,347.126966157744,3223.89806927011,1,1
3,A431,1,BOUNDARY_EVENT,0,1261.88226650321,1926.06627797377,-1140.09737839039,1970.71161337905,4855.53160722755,-1160.59520774185,6022.60163208537,1,1
3,A432,1,BOUNDARY_EVENT,565.05458784584,0,1714.24096612677,5490.30692348953,4366.89804643709,3858.8603322988,1151.72677534199,3110.98002668423,1,2
3,A433,1,BOUNDARY_EVENT,3981.90000124325,0,-1921.17214367799,4023.54136107669,5760.30056660675,2966.29088949712,4472.16281423261,4805.60486057525,1,2
3,A434,1,BOUNDARY_EVENT,912.704745364737,0,1325.22768636215,-2584.48341698145,5627.61164316779,4868.58396922644,-1794.90668184374,2189.41519269911,1,2
3,A435,1,BOUNDARY_EVENT,0,1607.79723626486,2138.15182996952,596.154126038026,-2941.99149094277,6356.42586804517,34.8532008198345,-5567.08299621381,1,1
3,A436,1,BOUNDARY_EVENT,0,305.396398835969,2157.93527938752,-370.819460230364,-4072.21494380238,2775.67517943145,-5301.14045540643,-4629.28971474414,1,1
3,A437,1,DIRECT,0,0,2185.9855598441,1984.51628984381,781.369893030972,2651.80374283138,-684.01134952795,4983.98499059908,1,1
3,A438,1,BOUNDARY_EVENT,0,4355.29140887203,2194.75309856935,-4884.68753096991,254.963652473301,6976.79105453411,-5778.9866811359,-899.307553840377,1,1
3,A439,1,BOUNDARY_EVENT,1268.29495055118,0,1610.76934659088,6020.19980140473,2246.94024709133,3956.0133451513,1998.26546759159,4070.08993971435,1,2
3,A440,1,BOUNDARY_EVENT,0,4343.3871198505,2221.45452106537,-3691.24174937831,-4803.33026035023,6947.48725516164,-4340.69143386373,-6300.93825431003,1,1
3,A441,1,BOUNDARY_EVENT,0,914.703290100576,2259.19601857106,913.209022363478,5000,5613.66960525996,3971.3884518071,2903.56361090197,1,1
3,A441,2,EVENT_INTERVAL_REPRESENTATIVE,457.351645050288,457.351645050288,1952.36121594108,633.47634378048,5191.76172625945,5306.83480262998,3691.6557732241,3095.32533716143,1,2
3,A441,3,BOUNDARY_EVENT,914.703290100576,0,1645.5264133111,353.743665197482,5383.52345251891,5000,3411.9230946411,3287.08706342088,1,2
3,A442,1,BOUNDARY_EVENT,0,3859.97268233802,2265.94857369379,4187.52171902625,-4180.4968656364,3730.38502585634,7750.93756172736,-993.41459346891,1,1
3,A443,1,BOUNDARY_EVENT,0,1840.46038496326,2286.94509947694,-1448.6095039137,1283.25446944978,6580.37900296593,-3553.43041143183,2744.81331658726,1,1
3,A444,1,BOUNDARY_EVENT,0,1051.93355018598,2293.03898663167,3878.20935848705,1496.82686801208,5721.25004611858,479.023569555257,2797.94365905574,1,1
3,A445,1,BOUNDARY_EVENT,0,1676.09464212006,2308.21104448534,-1597.823544557,5000,6357.34702414443,-641.008520538795,2227.09487575878,1,1
3,A445,2,EVENT_INTERVAL_REPRESENTATIVE,838.04732106003,838.04732106003,1629.53753241312,-1758.19479808269,5464.7651421848,5678.67351207222,-801.379774064484,2691.86001794357,1,2
3,A445,3,BOUNDARY_EVENT,1676.09464212006,0,950.864020340908,-1918.56605160838,5929.53028436959,5000,-961.751027590173,3156.62516012837,1,2
3,A446,1,DIRECT,0,0,2349.51422773966,-4782.75116116942,-981.078798114355,3998.01639248422,-273.129505281531,-2375.98135154935,1,1
3,A447,1,BOUNDARY_EVENT,0,2350.5690666135,2363.50922572959,12.1807173140578,-3788.92078205071,7339.08858703125,-61.3227277094075,-3300.85596774968,1,1
3,A448,1,BOUNDARY_EVENT,2058.38780314568,0,1468.51011214793,-1375.25243452281,6667.31901783507,3704.70262669962,521.179258242847,2617.25854019564,1,2
3,A449,1,BOUNDARY_EVENT,870.427383748505,0,1862.23816723654,-5231.82609390548,-5296.8394835372,4965.34937834571,-3900.14640279146,-1609.38371949568,1,3
3,A450,1,BOUNDARY_EVENT,0,2497.12824849134,2514.52562627348,-4260.34208156521,-2304.59192919242,7479.77079360645,-4593.91071736291,-2789.43457736672,1,1
3,A451,1,BOUNDARY_EVENT,0,897.878024415255,2517.46943394691,2406.25814863304,-1448.34301043423,3199.88876507242,-0.740609172570885,-5777.39150131862,1,1
3,A452,1,BOUNDARY_EVENT,0,2497.59827637838,2519.42483136072,-4562.5000572955,701.261118186283,7475.81361822833,-4309.12018384299,92.9776044016452,1,1
3,A453,1,DIRECT,0,0,2528.21606695881,1586.81745681389,2610.70769417941,4792.02545696911,1625.81941817716,-1847.27905913323,1,1
3,A454,1,BOUNDARY_EVENT,0,2217.8121965483,2539.69140013146,-1371.64340868335,2509.40607726431,6961.22720877849,-908.420118048353,4797.51561919305,1,1
3,A455,1,BOUNDARY_EVENT,0,1559.75233701444,2560.67445445603,2313.47317171019,3733.12410882793,6105.95052831149,5839.23793929084,3732.52092145894,1,1
3,A456,1,BOUNDARY_EVENT,0,2497.84094460507,2572.73603125943,-3554.92440223894,3045.22702639135,7423.07510843984,-3456.76012690378,1835.03092185926,1,1
3,A457,1,BOUNDARY_EVENT,1140.02731766199,0,2265.94857369379,-5812.47828097376,-4180.4968656364,3730.38502585634,-2249.06243827263,-993.414593468929,1,2
3,A458,1,BOUNDARY_EVENT,2670.3402218322,0,1828.82464848206,-2792.90530448755,7155.02447310865,3356.61541786031,-266.301848361813,3119.91228873309,1,2
3,A459,1,BOUNDARY_EVENT,0,811.967240565013,2660.20225997244,167.983263353894,-2854.89884709205,5453.63520860012,4224.19290758382,-1992.4049725762,1,1
3,A460,1,DIRECT,0,0,2667.11551655743,-4578.02059768206,4020.77382847998,4636.58461882365,-451.557482808567,1997.53543006836,1,1
3,A461,1,BOUNDARY_EVENT,0,2685.6760287581,2685.69369049022,1007.78727821895,1133.7691620477,7685.65553305776,992.637982139224,1146.10089740262,1,1
3,A462,1,BOUNDARY_EVENT,0,1471.2231541959,2697.46785066112,-338.839092535151,1065.68879817128,5959.9753000578,-3964.39042857365,-34.957672036402,1,1
3,A463,1,BOUNDARY_EVENT,0,2575.77529595883,2729.34719896387,4049.13681900675,956.225516721766,7412.60283374673,3249.44185661583,-601.851704214716,1,1
3,A464,1,BOUNDARY_EVENT,0,2305.77420421187,2739.00510336012,-930.100019087671,-1850.99938562975,6935.00623321063,-3445.24911945059,-817.75230906152,1,1
3,A465,1,BOUNDARY_EVENT,3521.79976312682,0,-330.447858179859,2793.11421678495,6088.06468972458,4042.54040666104,4661.45590507464,4543.30808385988,1,2
3,A466,1,BOUNDARY_EVENT,0,2719.60390634487,2758.88857697661,-704.7833732692,-1028.25735121264,7672.75294742295,-763.909003116403,-1950.45099072288,1,1
3,A467,1,BOUNDARY_EVENT,0,646.127925187327,2788.07639586735,-851.58184383468,-2831.56760893294,3742.11239753227,-5615.63793561111,-4012.0695623134,1,1
3,A468,1,DIRECT,0,0,2791.90602670714,2133.65164203677,1194.55740686684,3693.01715076149,892.951182923789,-3564.50354177233,1,1
3,A469,1,BOUNDARY_EVENT,0,2711.60044010253,2811.35728923145,5000,106.129939832887,7593.39524519621,4105.70084983403,-1048.14126648079,1,1
3,A469,2,EVENT_INTERVAL_REPRESENTATIVE,1355.80022005126,1355.80022005126,1514.65966663335,5242.49819691734,419.122170936672,6296.6976225981,4348.19904675136,-735.149035377007,1,2
3,A469,3,BOUNDARY_EVENT,2711.60044010253,0,217.962044035245,5484.99639383467,732.114402040456,5000,4590.6972436687,-422.156804273222,1,2
3,A470,1,BOUNDARY_EVENT,0,2716.99562053063,2842.08931410852,-3776.52915494674,5000,7568.12204820479,-4425.97883943215,3502.39200604019,1,1
3,A470,2,EVENT_INTERVAL_REPRESENTATIVE,1358.49781026531,1358.49781026531,1558.02829000613,-3600.07396009655,5406.89943608605,6284.06102410239,-4249.52364458197,3909.29144212623,1,2
3,A470,3,BOUNDARY_EVENT,2716.99562053063,0,273.967265903731,-3423.61876524637,5813.79887217209,5000,-4073.06844973178,4316.19087821228,1,2
3,A471,1,BOUNDARY_EVENT,0,2562.6456374982,2927.57745307206,-1630.19458096303,3201.81323756936,7178.9546405909,-1019.01073215133,5761.54883180484,1,1
3,A472,1,BOUNDARY_EVENT,0,1166.46899467179,2961.59336833087,2963.39287976499,931.959038464292,5620.24752925451,-1271.17341410156,934.480040778632,1,1
3,A473,1,BOUNDARY_EVENT,0,3105.28646536106,2974.91581199981,-3209.11843150307,-2619.21472521137,4585.08530857369,-7935.1140391668,-2888.13796453095,1,1
3,A474,1,BOUNDARY_EVENT,0,4060.27746887321,3008.20482287106,4343.44127097059,-1074.47554257819,5426.85053623706,7836.80610623826,-3710.10735315636,1,1
3,A475,1,BOUNDARY_EVENT,4102.12197558475,0,2517.46943394691,2406.25814863305,8551.65698956577,3199.88876507242,-0.740609172570657,4222.60849868138,1,2
3,A476,1,BOUNDARY_EVENT,367.910034564844,0,3061.17902144353,5291.68784838194,-4016.25851743622,3997.23654816611,1327.56862115095,-1116.33523242271,1,2
3,A477,1,BOUNDARY_EVENT,0,3191.74066050144,3211.34287959151,-2934.55467460003,-1233.640012785,8157.14097762455,-2262.6891085513,-937.535580783764,1,1
3,A478,1,BOUNDARY_EVENT,0,2881.41368809394,3254.19399524487,1204.43391370058,-3055.72089647054,7374.40848672919,3326.08016801862,-1178.90185466047,1,1
3,A479,1,BOUNDARY_EVENT,0,3112.94540205222,3332.26597756176,-711.651708220177,-977.579563814859,7751.14719131134,1511.80528368368,-1705.40359744172,1,1
3,A480,1,BOUNDARY_EVENT,0,2765.28806184841,3349.07042751365,-1449.86954706891,1910.41866420061,7042.90126159397,-4028.25170916487,4080.1097010496,1,1
3,A481,1,BOUNDARY_EVENT,0,3076.78745698576,3365.03372627464,-605.81295403721,3011.27643085366,7615.64627470073,-367.294829233285,5633.37522138438,1,1
3,A482,1,BOUNDARY_EVENT,0,3102.40496915297,3381.85542786493,-2559.68555181577,-734.934673134409,7645.52745964923,51.3673451435477,-675.743671616228,1,1
3,A483,1,BOUNDARY_EVENT,0,369.821753041782,3389.22068789153,2270.03689230683,645.133714541248,4202.56947419117,779.033090844388,5347.83202677109,1,1
3,A484,1,DIRECT,0,0,3396.69722447229,2466.46467800159,3432.60710269445,3582.15960574464,-547.671098362899,-552.438596764017,1,1
3,A485,1,BOUNDARY_EVENT,0,3442.09243364942,3442.30249221077,-4498.08055405593,3039.05232600151,8441.62832332588,-4567.3450902248,2994.96538491325,1,1
3,A486,1,BOUNDARY_EVENT,0,1822.13894680557,3462.77599720371,-5000,-1569.82806180915,5881.4217105697,-1506.63516473235,-4205.45987238735,1,1
3,A486,2,EVENT_INTERVAL_REPRESENTATIVE,911.069473402784,911.069473402784,3022.06514191886,-5636.53961217422,-1089.57932465973,5440.71085528485,-2143.17477690657,-3725.21113523793,1,2
3,A486,3,BOUNDARY_EVENT,1822.13894680557,0,2581.35428663401,-6273.07922434844,-609.330587510306,5000,-2779.71438908079,-3244.96239808851,1,2
3,A487,1,DIRECT,0,0,3465.18583464852,2343.86674548717,4333.74941344652,3771.44232067619,1502.87741477568,-585.492795511629,1,1
3,A488,1,BOUNDARY_EVENT,0,3404.35748480444,3494.54286652056,-5000,1257.76926303324,8211.94391074798,-3621.29966954059,338.36032968901,1,1
3,A488,2,EVENT_INTERVAL_REPRESENTATIVE,1702.17874240222,1702.17874240222,1888.57091114657,-5469.35887893018,1570.76893141589,6605.97195537399,-4090.65854847078,651.359998071659,1,2
3,A488,3,BOUNDARY_EVENT,3404.35748480444,0,282.598955772582,-5938.71775786037,1883.76859979854,5000,-4560.01742740096,964.359666454309,1,2
3,A489,1,BOUNDARY_EVENT,0,3326.05302515012,3509.60898672962,2590.92582646438,-3055.11953957641,7961.3360595183,1713.47815093002,-954.593023176367,1,1
3,A490,1,BOUNDARY_EVENT,0,3509.93057904505,3512.87592410012,-3908.89270220084,833.536155343552,8502.99267633444,-3996.37334061973,1135.33399657542,1,1
3,A491,1,BOUNDARY_EVENT,0,3432.25591481607,3529.52302702487,-1770.42110056799,-1042.75460219955,8219.30941139707,-1643.08063301095,-2771.82605077521,1,1
3,A492,1,BOUNDARY_EVENT,0,3913.62102828148,3577.94567223215,-517.485852962534,3925.85781203698,3655.09398305123,-1261.8430225512,8869.53868181607,1,1
3,A493,1,BOUNDARY_EVENT,1894.71353463893,0,2974.91581199982,6790.88156849692,-2619.21472521138,4585.08530857369,2064.88596083319,-2888.13796453094,1,2
3,A494,1,BOUNDARY_EVENT,1086.37897171851,0,3577.94567223214,-517.485852962534,-6074.14218796302,3655.09398305125,-1261.8430225512,-1130.46131818393,1,2
3,A495,1,BOUNDARY_EVENT,4353.87207481267,0,2788.07639586738,9148.41815616533,-2831.56760893294,3742.11239753227,4384.36206438889,-4012.0695623134,1,2
3,A496,1,BOUNDARY_EVENT,0,3487.10725412276,3629.0204802409,5000,-4249.16419837464,8160.00763546105,3622.85501494571,-5853.41701179585,1,1
3,A496,2,EVENT_INTERVAL_REPRESENTATIVE,1329.92911817911,2157.17813594365,2423.84212987634,5366.30104311561,-3822.45569247672,6954.82928509649,3989.15605806132,-5426.70850589792,1,2
3,A496,3,BOUNDARY_EVENT,2659.85823635822,827.249017764543,1218.66377951178,5732.60208623121,-3395.74718657879,5749.65093473193,4355.45710117692,-5000,1,2
3,A496,4,EVENT_INTERVAL_REPRESENTATIVE,3073.48274524049,413.624508882272,843.838312145817,5846.52626985177,-3263.03553016392,5374.82546736596,4469.38128479748,-4867.28834358513,1,2
3,A496,5,BOUNDARY_EVENT,3487.10725412276,0,469.012844779854,5960.45045347232,-3130.32387374905,5000,4583.30546841803,-4734.57668717026,1,2
3,A497,1,BOUNDARY_EVENT,0,3350.06006665072,3708.81963961953,73.4954595251484,2118.95903323431,7621.62984041104,3020.94096491726,1117.71913924001,1,1
3,A498,1,BOUNDARY_EVENT,0,3790.51176351419,3834.62293655403,-506.295200470953,2125.67594923218,8652.26823599072,-169.264629335,3420.55206799232,1,1
3,A499,1,BOUNDARY_EVENT,0,3851.41266716847,3864.28520273758,319.864290043192,-282.432451387936,8808.24882134474,518.842460481698,-1001.89852117701,1,1
3,A500,1,BOUNDARY_EVENT,0,3360.04652037727,3871.62491870093,844.90849683124,-4276.14084971973,7311.89043635041,-2232.55516649171,-2354.21718604344,1,1
3,A501,1,BOUNDARY_EVENT,0,3399.85771804035,3872.16250000045,4296.49481642619,2348.90129974546,7396.3412955833,1039.72095580789,944.056882182574,1,1
3,A502,1,BOUNDARY_EVENT,0,3858.5340030566,3888.74551072484,-31.3664051409514,1617.80884706797,8756.40907779937,1068.96624807132,1309.3944342237,1,1
3,A503,1,BOUNDARY_EVENT,0,3818.38366333608,3907.247749323,4051.68894718334,-4381.70758343813,6514.01749298811,8064.45951996522,-2931.73384790775,1,1
3,A504,1,BOUNDARY_EVENT,0,3711.55542740026,3941.97856997146,-2592.1566237605,4508.83742012003,8047.78743644732,148.897971568056,3715.77168678108,1,1
3,A505,1,BOUNDARY_EVENT,0,3536.54143714369,3965.33559940482,-4944.15626562438,-316.987420275041,7500.33285472774,-4677.41226432861,-3842.98260498987,1,1
3,A506,1,BOUNDARY_EVENT,0,3965.72498047041,3966.59987515512,-1723.44607031509,1110.01620415164,8962.37036816622,-1563.1498267326,981.243942181341,1,1
3,A507,1,BOUNDARY_EVENT,0,3968.89366983224,3997.33005539518,936.385010562742,3995.20101820592,8859.43746017508,30.939360221889,3260.29982847813,1,1
3,A508,1,BOUNDARY_EVENT,0,3428.17233246042,4007.62434656254,3580.26727887345,1467.64157531646,7164.38152144688,5771.10595019483,4666.87743018228,1,1
3,A509,1,BOUNDARY_EVENT,0,3934.46970492368,4021.40006053063,-1357.76387813387,2505.56433286008,8613.47944105767,-3296.09996253494,2900.10227380759,1,1
3,A510,1,BOUNDARY_EVENT,0,2908.93373930085,4049.46947707715,1819.36027626139,-2766.319343881,6322.30640431312,5834.23794989798,-4693.74497614987,1,1
3,A511,1,BOUNDARY_EVENT,0,3691.35535870989,4091.84608263077,5000,-4251.6094105475,7561.6723773915,2406.93171863887,-1754.35043871741,1,1
3,A511,2,EVENT_INTERVAL_REPRESENTATIVE,749.212033968637,2942.14332474125,3571.91895946766,5388.55159225963,-4625.80470527375,7041.74525422839,2795.4833108985,-2128.54573344366,1,2
3,A511,3,BOUNDARY_EVENT,1498.42406793727,2192.93129077261,3051.99183630455,5777.10318451925,-5000,6521.81813106528,3184.03490315812,-2502.74102816991,1,2
3,A511,4,EVENT_INTERVAL_REPRESENTATIVE,2594.88971332358,1096.46564538631,2291.08277077191,6345.74524184993,-5547.63173404889,5760.90906553264,3752.6769604888,-3050.3727622188,1,3
3,A511,5,BOUNDARY_EVENT,3691.35535870989,0,1530.17370523927,6914.38729918061,-6095.26346809777,5000,4321.31901781948,-3598.00449626768,1,3
3,A512,1,BOUNDARY_EVENT,0,4036.5366439421,4116.00215602141,-2323.41298522058,2932.9824985829,8703.60706294568,-544.587260835784,3821.61080121074,1,1
3,A513,1,BOUNDARY_EVENT,3738.1177334968,0,1926.06627797376,-1140.0973783904,-8029.28838662096,4855.53160722755,-1160.59520774185,-3977.39836791464,1,2
3,A514,1,BOUNDARY_EVENT,0,4088.70798391018,4117.8861574476,3795.58849197618,-3708.86649677219,8957.79382138928,3853.29927026518,-4962.64609087469,1,1
3,A515,1,BOUNDARY_EVENT,0,3725.79108665815,4193.64451642271,2188.20628558915,846.644790811998,7357.7861070763,3910.39189723333,4313.96143532861,1,1
3,A516,1,BOUNDARY_EVENT,0,4193.51846848243,4203.73277612177,-1221.95108410427,-3535.95774239944,9140.40641810757,-464.392719794675,-3300.67349476014,1,1
3,A517,1,BOUNDARY_EVENT,0,4092.4903058783,4207.5945219733,2069.91400679435,467.110873810386,8573.41828760042,-365.593857143036,378.317336970382,1,1
3,A518,1,BOUNDARY_EVENT,0,4415.01367284471,4219.88009867758,598.353222358301,4781.78126632245,8287.8240394028,2828.37713075327,6646.94224144062,1,1
3,A519,1,BOUNDARY_EVENT,0,4088.03020272745,4264.91944510701,2719.66656545626,-2717.73697995722,8295.09981451955,2529.88414160761,-5670.97737342335,1,1
3,A520,1,BOUNDARY_EVENT,0,3450.04396005676,4282.87138818864,-1914.2426538574,-120.190611144002,6596.25510143776,-4013.07197165804,-4024.44102447743,1,1
3,A521,1,BOUNDARY_EVENT,0,3665.68426682574,4290.87680487786,-1961.10631399335,-4070.08071759942,6948.13092206936,-3726.31167480153,-220.009212959161,1,1
3,A522,1,BOUNDARY_EVENT,0,3863.64577130948,4299.79896780538,1349.80283907628,1835.79803419742,7380.70901555297,4561.01415799684,4115.29691397877,1,1
3,A523,1,BOUNDARY_EVENT,0,4320.66486523392,4321.64254992263,2847.06674126333,401.469916902103,9314.44665618272,2637.72908546577,233.884409242307,1,1
3,A524,1,BOUNDARY_EVENT,0,2215.72487255001,4325.20163426424,-1412.75606927509,-1448.18219569766,5537.00423071558,-6263.27990741842,-1511.05478779547,1,1
3,A525,1,BOUNDARY_EVENT,0,4342.18122187872,4357.51711076798,-4345.88343765612,1246.1786196431,9240.95089679447,-3308.2619136661,1520.79841217021,1,1
3,A526,1,BOUNDARY_EVENT,0,4383.88360089627,4407.7330623889,4841.08262603594,2760.95781151037,9214.18634356008,5463.1304600886,3990.21097830278,1,1
3,A527,1,BOUNDARY_EVENT,0,4250.66168486902,4430.11098840597,5000,77.3087692586194,8232.72590937403,1770.81849808157,412.728790275372,1,1
3,A527,2,EVENT_INTERVAL_REPRESENTATIVE,2125.33084243451,2125.33084243451,2813.74803371895,6372.61580836925,-65.2669339087677,6616.36295468702,3143.43430645081,270.153087107985,1,2
3,A527,3,BOUNDARY_EVENT,4250.66168486902,0,1197.38507903194,7745.23161673849,-207.842637076155,5000,4516.05011482006,127.577383940598,1,2
3,A528,1,BOUNDARY_EVENT,0,4391.21569594488,4446.18561480136,-1294.29525485802,4558.56428408025,8994.71274920411,82.0158712142118,6113.12807879943,1,1
3,A529,1,BOUNDARY_EVENT,0,3277.86233502474,4472.37546899875,-1620.35756654936,-1336.03639488305,6004.26383580022,-2209.34600138376,3386.92990346057,1,1
3,A530,1,BOUNDARY_EVENT,0,4168.65995530506,4484.2193071036,-1361.265828981,2855.42176825384,7586.32353140851,-2347.43049850614,-939.894901818636,1,1
3,A531,1,BOUNDARY_EVENT,0,3412.71788762464,4506.68923613271,-883.7606239925,39.3922598071495,6060.6372080186,3784.94787024668,-848.530426292623,1,1
3,A532,1,BOUNDARY_EVENT,0,4085.62712754298,4523.28809233018,-5000,-4039.04505271087,7130.05783599528,-987.229427218133,-2589.07131718043,1,1
3,A532,2,EVENT_INTERVAL_REPRESENTATIVE,1656.84888584824,2428.77824169474,3659.48338323929,-6329.71089053565,-4519.52252635543,6266.25312690439,-2316.94031775378,-3069.548790825,1,2
3,A532,3,BOUNDARY_EVENT,3313.69777169649,771.929355846493,2795.67867414841,-7659.4217810713,-5000,5402.44841781351,-3646.65120828944,-3550.02626446956,1,2
3,A532,4,EVENT_INTERVAL_REPRESENTATIVE,3699.66244961973,385.964677923247,2594.45446524166,-7969.17932141203,-5111.92772916623,5201.22420890675,-3956.40874863016,-3661.9539936358,1,3
3,A532,5,BOUNDARY_EVENT,4085.62712754298,0,2393.2302563349,-8278.93686175276,-5223.85545833247,5000,-4266.16628897089,-3773.88172280203,1,3
3,A533,1,BOUNDARY_EVENT,0,3815.52228969526,4527.48521921945,-3051.06585963938,-3566.1500096106,6522.09759845528,-539.990915338513,269.997026244985,1,1
3,A534,1,BOUNDARY_EVENT,0,4474.30261795093,4546.06572458795,-2333.105646127,1439.41223578663,8863.51423120501,-3251.23992689054,-909.346550295267,1,1
3,A535,1,BOUNDARY_EVENT,0,4422.79632196514,4671.56701386959,-4610.19129894059,59.5967397559434,7516.60247213786,-4066.21125355775,-4015.92273037563,1,1
