Group,MediumID,RawLength,R1CandidateCount,R1Status,R2CandidateCount,R2Status,R3CandidateCount,R3Status,SelectedForVisualization
1,A1,2447.81384794709,0,NO_ENDPOINT_UNWRAP,1,UNIQUE_RECONSTRUCTION,1,UNIQUE_RECONSTRUCTION,1
1,A2,2315.53436981696,0,NO_ENDPOINT_UNWRAP,1,UNIQUE_RECONSTRUCTION,1,UNIQUE_RECONSTRUCTION,0
1,A3,1062.14117897414,0,NO_ENDPOINT_UNWRAP,1,UNIQUE_RECONSTRUCTION,1,UNIQUE_RECONSTRUCTION,0
1,A4,5000,1,DIRECT_5000,1,UNIQUE_RECONSTRUCTION,1,UNIQUE_RECONSTRUCTION,1
1,A5,5000,1,DIRECT_5000,1,UNIQUE_RECONSTRUCTION,1,UNIQUE_RECONSTRUCTION,0
1,A6,1419.64670679088,0,NO_ENDPOINT_UNWRAP,0,UNRESOLVED,0,UNRESOLVED,1
1,A7,3580.35329320912,0,NO_ENDPOINT_UNWRAP,0,UNRESOLVED,0,UNRESOLVED,0
1,A8,4423.31152946422,0,NO_ENDPOINT_UNWRAP,1,UNIQUE_RECONSTRUCTION,1,UNIQUE_RECONSTRUCTION,0
1,A9,3937.85882102586,0,NO_ENDPOINT_UNWRAP,1,UNIQUE_RECONSTRUCTION,1,UNIQUE_RECONSTRUCTION,0
1,A10,2684.46563018304,0,NO_ENDPOINT_UNWRAP,1,UNIQUE_RECONSTRUCTION,1,UNIQUE_RECONSTRUCTION,0
1,A11,1019.11725459342,0,NO_ENDPOINT_UNWRAP,0,UNRESOLVED,0,UNRESOLVED,0
1,A12,1359.25138469766,0,NO_ENDPOINT_UNWRAP,1,UNIQUE_RECONSTRUCTION,1,UNIQUE_RECONSTRUCTION,0
2,A1,1506.09418033954,0,NO_ENDPOINT_UNWRAP,1,UNIQUE_RECONSTRUCTION,1,UNIQUE_RECONSTRUCTION,0
2,A2,4230.18584984047,0,NO_ENDPOINT_UNWRAP,1,UNIQUE_RECONSTRUCTION,1,UNIQUE_RECONSTRUCTION,0
2,A3,1844.66724462366,0,NO_ENDPOINT_UNWRAP,1,UNIQUE_RECONSTRUCTION,1,UNIQUE_RECONSTRUCTION,0
2,A4,3080.12275204436,0,NO_ENDPOINT_UNWRAP,1,UNIQUE_RECONSTRUCTION,1,UNIQUE_RECONSTRUCTION,0
2,A5,3017.14422333278,0,NO_ENDPOINT_UNWRAP,1,UNIQUE_RECONSTRUCTION,1,UNIQUE_RECONSTRUCTION,0
2,A6,2677.26381858866,0,NO_ENDPOINT_UNWRAP,1,UNIQUE_RECONSTRUCTION,1,UNIQUE_RECONSTRUCTION,0
2,A7,1556.48796969499,0,NO_ENDPOINT_UNWRAP,1,UNIQUE_RECONSTRUCTION,1,UNIQUE_RECONSTRUCTION,0
2,A8,829.438387900712,0,NO_ENDPOINT_UNWRAP,1,UNIQUE_RECONSTRUCTION,1,UNIQUE_RECONSTRUCTION,0
2,A9,1944.05599729246,0,NO_ENDPOINT_UNWRAP,1,UNIQUE_RECONSTRUCTION,1,UNIQUE_RECONSTRUCTION,0
2,A10,1874.6776896276,0,NO_ENDPOINT_UNWRAP,1,UNIQUE_RECONSTRUCTION,1,UNIQUE_RECONSTRUCTION,0
2,A11,3053.57357536614,0,NO_ENDPOINT_UNWRAP,1,UNIQUE_RECONSTRUCTION,1,UNIQUE_RECONSTRUCTION,0
2,A12,5000,1,DIRECT_5000,1,UNIQUE_RECONSTRUCTION,1,UNIQUE_RECONSTRUCTION,0
2,A13,2967.30063640691,0,NO_ENDPOINT_UNWRAP,0,UNRESOLVED,0,UNRESOLVED,0
2,A14,4999.99999999999,1,DIRECT_5000,1,UNIQUE_RECONSTRUCTION,1,UNIQUE_RECONSTRUCTION,0
2,A15,3716.89680479571,0,NO_ENDPOINT_UNWRAP,0,UNRESOLVED,0,UNRESOLVED,0
2,A16,5000,1,DIRECT_5000,1,UNIQUE_RECONSTRUCTION,1,UNIQUE_RECONSTRUCTION,0
2,A17,1102.18149257544,0,NO_ENDPOINT_UNWRAP,0,UNRESOLVED,0,UNRESOLVED,0
2,A18,5000,1,DIRECT_5000,1,UNIQUE_RECONSTRUCTION,1,UNIQUE_RECONSTRUCTION,0
2,A19,3746.52557798049,0,NO_ENDPOINT_UNWRAP,0,UNRESOLVED,0,UNRESOLVED,0
2,A20,2021.0259153868,0,NO_ENDPOINT_UNWRAP,0,UNRESOLVED,0,UNRESOLVED,0
2,A21,5000.00000000001,1,DIRECT_5000,1,UNIQUE_RECONSTRUCTION,1,UNIQUE_RECONSTRUCTION,0
2,A22,843.937832660219,0,NO_ENDPOINT_UNWRAP,0,UNRESOLVED,0,UNRESOLVED,0
2,A23,3472.01251981556,0,NO_ENDPOINT_UNWRAP,0,UNRESOLVED,0,UNRESOLVED,0
2,A24,5000,1,DIRECT_5000,1,UNIQUE_RECONSTRUCTION,1,UNIQUE_RECONSTRUCTION,0
2,A25,5000,1,DIRECT_5000,1,UNIQUE_RECONSTRUCTION,1,UNIQUE_RECONSTRUCTION,0
2,A26,5000,1,DIRECT_5000,1,UNIQUE_RECONSTRUCTION,1,UNIQUE_RECONSTRUCTION,0
2,A27,4156.06216733979,0,NO_ENDPOINT_UNWRAP,0,UNRESOLVED,0,UNRESOLVED,0
2,A28,759.724984160844,0,NO_ENDPOINT_UNWRAP,0,UNRESOLVED,0,UNRESOLVED,0
2,A29,5000,1,DIRECT_5000,1,UNIQUE_RECONSTRUCTION,1,UNIQUE_RECONSTRUCTION,0
2,A30,1272.97437943224,0,NO_ENDPOINT_UNWRAP,0,UNRESOLVED,0,UNRESOLVED,0
2,A31,5000,1,DIRECT_5000,1,UNIQUE_RECONSTRUCTION,1,UNIQUE_RECONSTRUCTION,0
2,A32,1064.85148373562,0,NO_ENDPOINT_UNWRAP,0,UNRESOLVED,0,UNRESOLVED,0
2,A33,5000,1,DIRECT_5000,1,UNIQUE_RECONSTRUCTION,1,UNIQUE_RECONSTRUCTION,0
2,A34,4925.51310143542,0,NO_ENDPOINT_UNWRAP,1,UNIQUE_RECONSTRUCTION,1,UNIQUE_RECONSTRUCTION,0
2,A35,1253.4744220195,0,NO_ENDPOINT_UNWRAP,0,UNRESOLVED,0,UNRESOLVED,0
2,A36,3935.14851626438,0,NO_ENDPOINT_UNWRAP,0,UNRESOLVED,0,UNRESOLVED,0
2,A37,1527.98748018443,0,NO_ENDPOINT_UNWRAP,0,UNRESOLVED,0,UNRESOLVED,0
2,A38,3443.51203030501,0,NO_ENDPOINT_UNWRAP,1,UNIQUE_RECONSTRUCTION,1,UNIQUE_RECONSTRUCTION,0
2,A39,3125.32231037239,0,NO_ENDPOINT_UNWRAP,1,UNIQUE_RECONSTRUCTION,1,UNIQUE_RECONSTRUCTION,0
2,A40,927.56174555182,0,NO_ENDPOINT_UNWRAP,0,UNRESOLVED,0,UNRESOLVED,0
2,A41,1338.58205286218,0,NO_ENDPOINT_UNWRAP,0,UNRESOLVED,0,UNRESOLVED,0
2,A42,2322.73618141134,0,NO_ENDPOINT_UNWRAP,1,UNIQUE_RECONSTRUCTION,1,UNIQUE_RECONSTRUCTION,0
2,A43,2227.77100982453,0,NO_ENDPOINT_UNWRAP,1,UNIQUE_RECONSTRUCTION,1,UNIQUE_RECONSTRUCTION,0
2,A44,1946.42642463387,0,NO_ENDPOINT_UNWRAP,1,UNIQUE_RECONSTRUCTION,1,UNIQUE_RECONSTRUCTION,0
2,A45,1919.87724795563,0,NO_ENDPOINT_UNWRAP,1,UNIQUE_RECONSTRUCTION,1,UNIQUE_RECONSTRUCTION,0
2,A46,1934.51292932385,0,NO_ENDPOINT_UNWRAP,1,UNIQUE_RECONSTRUCTION,1,UNIQUE_RECONSTRUCTION,0
2,A47,1053.14227422283,0,NO_ENDPOINT_UNWRAP,1,UNIQUE_RECONSTRUCTION,1,UNIQUE_RECONSTRUCTION,0
2,A48,1034.91808732073,0,NO_ENDPOINT_UNWRAP,1,UNIQUE_RECONSTRUCTION,1,UNIQUE_RECONSTRUCTION,0
2,A49,577.473950139756,0,NO_ENDPOINT_UNWRAP,1,UNIQUE_RECONSTRUCTION,1,UNIQUE_RECONSTRUCTION,0
3,A1,4874.80715336013,0,NO_ENDPOINT_UNWRAP,1,UNIQUE_RECONSTRUCTION,1,UNIQUE_RECONSTRUCTION,0
3,A2,3536.54143714368,0,NO_ENDPOINT_UNWRAP,1,UNIQUE_RECONSTRUCTION,1,UNIQUE_RECONSTRUCTION,0
3,A3,1779.05263698407,0,NO_ENDPOINT_UNWRAP,2,AMBIGUOUS,5,AMBIGUOUS,0
3,A4,1478.06913913149,0,NO_ENDPOINT_UNWRAP,1,UNIQUE_RECONSTRUCTION,1,UNIQUE_RECONSTRUCTION,0
3,A5,4422.79632196514,0,NO_ENDPOINT_UNWRAP,1,UNIQUE_RECONSTRUCTION,1,UNIQUE_RECONSTRUCTION,0
3,A6,3442.09243364942,0,NO_ENDPOINT_UNWRAP,1,UNIQUE_RECONSTRUCTION,1,UNIQUE_RECONSTRUCTION,0
3,A7,2497.59827637837,0,NO_ENDPOINT_UNWRAP,1,UNIQUE_RECONSTRUCTION,1,UNIQUE_RECONSTRUCTION,0
3,A8,2497.12824849134,0,NO_ENDPOINT_UNWRAP,1,UNIQUE_RECONSTRUCTION,1,UNIQUE_RECONSTRUCTION,0
3,A9,2904.01079087906,0,NO_ENDPOINT_UNWRAP,1,UNIQUE_RECONSTRUCTION,1,UNIQUE_RECONSTRUCTION,0
3,A10,4342.18122187873,0,NO_ENDPOINT_UNWRAP,1,UNIQUE_RECONSTRUCTION,1,UNIQUE_RECONSTRUCTION,0
3,A11,913.515101427663,0,NO_ENDPOINT_UNWRAP,2,AMBIGUOUS,3,AMBIGUOUS,0
3,A12,2060.38274038113,0,NO_ENDPOINT_UNWRAP,1,UNIQUE_RECONSTRUCTION,1,UNIQUE_RECONSTRUCTION,0
3,A13,4528.15914247438,0,NO_ENDPOINT_UNWRAP,1,UNIQUE_RECONSTRUCTION,1,UNIQUE_RECONSTRUCTION,0
3,A14,3509.93057904505,0,NO_ENDPOINT_UNWRAP,1,UNIQUE_RECONSTRUCTION,1,UNIQUE_RECONSTRUCTION,0
3,A15,804.902585300458,0,NO_ENDPOINT_UNWRAP,1,UNIQUE_RECONSTRUCTION,1,UNIQUE_RECONSTRUCTION,0
3,A16,2497.84094460506,0,NO_ENDPOINT_UNWRAP,1,UNIQUE_RECONSTRUCTION,1,UNIQUE_RECONSTRUCTION,0
3,A17,981.387976262608,0,NO_ENDPOINT_UNWRAP,1,UNIQUE_RECONSTRUCTION,1,UNIQUE_RECONSTRUCTION,0
3,A18,1471.2231541959,0,NO_ENDPOINT_UNWRAP,1,UNIQUE_RECONSTRUCTION,1,UNIQUE_RECONSTRUCTION,0
3,A19,882.416415678777,0,NO_ENDPOINT_UNWRAP,1,UNIQUE_RECONSTRUCTION,1,UNIQUE_RECONSTRUCTION,0
3,A20,1840.46038496326,0,NO_ENDPOINT_UNWRAP,1,UNIQUE_RECONSTRUCTION,1,UNIQUE_RECONSTRUCTION,0
3,A21,3191.74066050144,0,NO_ENDPOINT_UNWRAP,1,UNIQUE_RECONSTRUCTION,1,UNIQUE_RECONSTRUCTION,0
3,A22,2765.28806184841,0,NO_ENDPOINT_UNWRAP,1,UNIQUE_RECONSTRUCTION,1,UNIQUE_RECONSTRUCTION,0
3,A23,3450.04396005675,0,NO_ENDPOINT_UNWRAP,1,UNIQUE_RECONSTRUCTION,1,UNIQUE_RECONSTRUCTION,0
3,A24,3815.52228969526,0,NO_ENDPOINT_UNWRAP,1,UNIQUE_RECONSTRUCTION,1,UNIQUE_RECONSTRUCTION,0
3,A25,3665.68426682574,0,NO_ENDPOINT_UNWRAP,1,UNIQUE_RECONSTRUCTION,1,UNIQUE_RECONSTRUCTION,0
3,A26,4474.30261795094,0,NO_ENDPOINT_UNWRAP,1,UNIQUE_RECONSTRUCTION,1,UNIQUE_RECONSTRUCTION,0
3,A27,2305.77420421187,0,NO_ENDPOINT_UNWRAP,1,UNIQUE_RECONSTRUCTION,1,UNIQUE_RECONSTRUCTION,0
3,A28,4036.5366439421,0,NO_ENDPOINT_UNWRAP,1,UNIQUE_RECONSTRUCTION,1,UNIQUE_RECONSTRUCTION,0
3,A29,3711.55542740026,0,NO_ENDPOINT_UNWRAP,1,UNIQUE_RECONSTRUCTION,1,UNIQUE_RECONSTRUCTION,0
3,A30,831.635453761807,0,NO_ENDPOINT_UNWRAP,1,UNIQUE_RECONSTRUCTION,1,UNIQUE_RECONSTRUCTION,0
3,A31,3277.86233502475,0,NO_ENDPOINT_UNWRAP,1,UNIQUE_RECONSTRUCTION,1,UNIQUE_RECONSTRUCTION,0
3,A32,3934.46970492368,0,NO_ENDPOINT_UNWRAP,1,UNIQUE_RECONSTRUCTION,1,UNIQUE_RECONSTRUCTION,0
3,A33,3432.25591481607,0,NO_ENDPOINT_UNWRAP,1,UNIQUE_RECONSTRUCTION,1,UNIQUE_RECONSTRUCTION,0
3,A34,3965.72498047042,0,NO_ENDPOINT_UNWRAP,1,UNIQUE_RECONSTRUCTION,1,UNIQUE_RECONSTRUCTION,0
3,A35,3102.40496915297,0,NO_ENDPOINT_UNWRAP,1,UNIQUE_RECONSTRUCTION,1,UNIQUE_RECONSTRUCTION,0
3,A36,4168.65995530506,0,NO_ENDPOINT_UNWRAP,1,UNIQUE_RECONSTRUCTION,1,UNIQUE_RECONSTRUCTION,0
3,A37,1075.09193562398,0,NO_ENDPOINT_UNWRAP,2,AMBIGUOUS,3,AMBIGUOUS,0
3,A38,561.718304811153,0,NO_ENDPOINT_UNWRAP,1,UNIQUE_RECONSTRUCTION,1,UNIQUE_RECONSTRUCTION,0
3,A39,811.0214235043,0,NO_ENDPOINT_UNWRAP,2,AMBIGUOUS,3,AMBIGUOUS,0
3,A40,2217.8121965483,0,NO_ENDPOINT_UNWRAP,1,UNIQUE_RECONSTRUCTION,1,UNIQUE_RECONSTRUCTION,0
3,A41,4193.51846848242,0,NO_ENDPOINT_UNWRAP,1,UNIQUE_RECONSTRUCTION,1,UNIQUE_RECONSTRUCTION,0
3,A42,1222.58033939938,0,NO_ENDPOINT_UNWRAP,1,UNIQUE_RECONSTRUCTION,1,UNIQUE_RECONSTRUCTION,0
3,A43,1570.71075645864,0,NO_ENDPOINT_UNWRAP,1,UNIQUE_RECONSTRUCTION,1,UNIQUE_RECONSTRUCTION,0
3,A44,1001.77543944703,0,NO_ENDPOINT_UNWRAP,1,UNIQUE_RECONSTRUCTION,1,UNIQUE_RECONSTRUCTION,0
3,A45,2719.60390634487,0,NO_ENDPOINT_UNWRAP,1,UNIQUE_RECONSTRUCTION,1,UNIQUE_RECONSTRUCTION,0
3,A46,1133.87485420103,0,NO_ENDPOINT_UNWRAP,1,UNIQUE_RECONSTRUCTION,1,UNIQUE_RECONSTRUCTION,0
3,A47,1521.29921475044,0,NO_ENDPOINT_UNWRAP,1,UNIQUE_RECONSTRUCTION,1,UNIQUE_RECONSTRUCTION,0
3,A48,1869.02361591365,0,NO_ENDPOINT_UNWRAP,2,AMBIGUOUS,3,AMBIGUOUS,0
3,A49,4990.28278053823,0,NO_ENDPOINT_UNWRAP,1,UNIQUE_RECONSTRUCTION,1,UNIQUE_RECONSTRUCTION,0
3,A50,3790.51176351418,0,NO_ENDPOINT_UNWRAP,1,UNIQUE_RECONSTRUCTION,1,UNIQUE_RECONSTRUCTION,0
3,A51,1166.46899467179,0,NO_ENDPOINT_UNWRAP,1,UNIQUE_RECONSTRUCTION,1,UNIQUE_RECONSTRUCTION,0
3,A52,4658.08876117796,0,NO_ENDPOINT_UNWRAP,1,UNIQUE_RECONSTRUCTION,1,UNIQUE_RECONSTRUCTION,0
3,A53,3360.04652037727,0,NO_ENDPOINT_UNWRAP,1,UNIQUE_RECONSTRUCTION,1,UNIQUE_RECONSTRUCTION,0
3,A54,2350.56906661349,0,NO_ENDPOINT_UNWRAP,1,UNIQUE_RECONSTRUCTION,1,UNIQUE_RECONSTRUCTION,0
3,A55,3112.94540205222,0,NO_ENDPOINT_UNWRAP,1,UNIQUE_RECONSTRUCTION,1,UNIQUE_RECONSTRUCTION,0
3,A56,527.676800319801,0,NO_ENDPOINT_UNWRAP,2,AMBIGUOUS,3,AMBIGUOUS,0
3,A57,3858.5340030566,0,NO_ENDPOINT_UNWRAP,1,UNIQUE_RECONSTRUCTION,1,UNIQUE_RECONSTRUCTION,0
3,A58,1835.02890319845,0,NO_ENDPOINT_UNWRAP,1,UNIQUE_RECONSTRUCTION,1,UNIQUE_RECONSTRUCTION,0
3,A59,3851.41266716847,0,NO_ENDPOINT_UNWRAP,1,UNIQUE_RECONSTRUCTION,1,UNIQUE_RECONSTRUCTION,0
3,A60,3412.71788762464,0,NO_ENDPOINT_UNWRAP,1,UNIQUE_RECONSTRUCTION,1,UNIQUE_RECONSTRUCTION,0
3,A61,3968.89366983223,0,NO_ENDPOINT_UNWRAP,1,UNIQUE_RECONSTRUCTION,1,UNIQUE_RECONSTRUCTION,0
3,A62,2685.67602875809,0,NO_ENDPOINT_UNWRAP,1,UNIQUE_RECONSTRUCTION,1,UNIQUE_RECONSTRUCTION,0
3,A63,4993.53751413764,0,NO_ENDPOINT_UNWRAP,1,UNIQUE_RECONSTRUCTION,1,UNIQUE_RECONSTRUCTION,0
3,A64,4041.13735010894,0,NO_ENDPOINT_UNWRAP,1,UNIQUE_RECONSTRUCTION,1,UNIQUE_RECONSTRUCTION,0
3,A65,3350.06006665072,0,NO_ENDPOINT_UNWRAP,1,UNIQUE_RECONSTRUCTION,1,UNIQUE_RECONSTRUCTION,0
3,A66,1051.93355018598,0,NO_ENDPOINT_UNWRAP,1,UNIQUE_RECONSTRUCTION,1,UNIQUE_RECONSTRUCTION,0
3,A67,4794.64235304177,0,NO_ENDPOINT_UNWRAP,1,UNIQUE_RECONSTRUCTION,1,UNIQUE_RECONSTRUCTION,0
3,A68,4092.49030587831,0,NO_ENDPOINT_UNWRAP,1,UNIQUE_RECONSTRUCTION,1,UNIQUE_RECONSTRUCTION,0
3,A69,703.657841629242,0,NO_ENDPOINT_UNWRAP,1,UNIQUE_RECONSTRUCTION,1,UNIQUE_RECONSTRUCTION,0
3,A70,3863.64577130947,0,NO_ENDPOINT_UNWRAP,1,UNIQUE_RECONSTRUCTION,1,UNIQUE_RECONSTRUCTION,0
3,A71,2881.41368809394,0,NO_ENDPOINT_UNWRAP,1,UNIQUE_RECONSTRUCTION,1,UNIQUE_RECONSTRUCTION,0
3,A72,3326.05302515012,0,NO_ENDPOINT_UNWRAP,1,UNIQUE_RECONSTRUCTION,1,UNIQUE_RECONSTRUCTION,0
3,A73,4593.51548495366,0,NO_ENDPOINT_UNWRAP,2,AMBIGUOUS,3,AMBIGUOUS,0
3,A74,690.711020866485,0,NO_ENDPOINT_UNWRAP,1,UNIQUE_RECONSTRUCTION,1,UNIQUE_RECONSTRUCTION,0
3,A75,3725.79108665815,0,NO_ENDPOINT_UNWRAP,1,UNIQUE_RECONSTRUCTION,1,UNIQUE_RECONSTRUCTION,0
3,A76,2952.02824550811,0,NO_ENDPOINT_UNWRAP,2,AMBIGUOUS,3,AMBIGUOUS,0
3,A77,4320.66486523392,0,NO_ENDPOINT_UNWRAP,1,UNIQUE_RECONSTRUCTION,1,UNIQUE_RECONSTRUCTION,0
3,A78,919.407116503299,0,NO_ENDPOINT_UNWRAP,1,UNIQUE_RECONSTRUCTION,1,UNIQUE_RECONSTRUCTION,0
3,A79,3399.85771804035,0,NO_ENDPOINT_UNWRAP,1,UNIQUE_RECONSTRUCTION,1,UNIQUE_RECONSTRUCTION,0
3,A80,771.300909264929,0,NO_ENDPOINT_UNWRAP,1,UNIQUE_RECONSTRUCTION,1,UNIQUE_RECONSTRUCTION,0
3,A81,1870.00052923577,0,NO_ENDPOINT_UNWRAP,2,AMBIGUOUS,5,AMBIGUOUS,0
3,A82,811.96724056501,0,NO_ENDPOINT_UNWRAP,1,UNIQUE_RECONSTRUCTION,1,UNIQUE_RECONSTRUCTION,0
3,A83,2575.77529595882,0,NO_ENDPOINT_UNWRAP,1,UNIQUE_RECONSTRUCTION,1,UNIQUE_RECONSTRUCTION,0
3,A84,4088.70798391017,0,NO_ENDPOINT_UNWRAP,1,UNIQUE_RECONSTRUCTION,1,UNIQUE_RECONSTRUCTION,0
3,A85,1668.3304045978,0,NO_ENDPOINT_UNWRAP,2,AMBIGUOUS,5,AMBIGUOUS,0
3,A86,3595.47694819031,0,NO_ENDPOINT_UNWRAP,1,UNIQUE_RECONSTRUCTION,1,UNIQUE_RECONSTRUCTION,0
3,A87,700.403163458043,0,NO_ENDPOINT_UNWRAP,1,UNIQUE_RECONSTRUCTION,1,UNIQUE_RECONSTRUCTION,0
3,A88,827.249017764548,0,NO_ENDPOINT_UNWRAP,2,AMBIGUOUS,5,AMBIGUOUS,0
3,A89,2066.89184897457,0,NO_ENDPOINT_UNWRAP,1,UNIQUE_RECONSTRUCTION,1,UNIQUE_RECONSTRUCTION,0
3,A90,1594.67885104065,0,NO_ENDPOINT_UNWRAP,1,UNIQUE_RECONSTRUCTION,1,UNIQUE_RECONSTRUCTION,0
3,A91,661.256218116935,0,NO_ENDPOINT_UNWRAP,2,AMBIGUOUS,3,AMBIGUOUS,0
3,A92,3800.25416017011,0,NO_ENDPOINT_UNWRAP,1,UNIQUE_RECONSTRUCTION,1,UNIQUE_RECONSTRUCTION,0
3,A93,5000,1,DIRECT_5000,1,UNIQUE_RECONSTRUCTION,1,UNIQUE_RECONSTRUCTION,0
3,A94,5000,1,DIRECT_5000,1,UNIQUE_RECONSTRUCTION,1,UNIQUE_RECONSTRUCTION,0
3,A95,5000,1,DIRECT_5000,1,UNIQUE_RECONSTRUCTION,1,UNIQUE_RECONSTRUCTION,0
3,A96,1531.44317552721,0,NO_ENDPOINT_UNWRAP,1,UNIQUE_RECONSTRUCTION,1,UNIQUE_RECONSTRUCTION,0
3,A97,5000,1,DIRECT_5000,1,UNIQUE_RECONSTRUCTION,1,UNIQUE_RECONSTRUCTION,0
3,A98,5000,1,DIRECT_5000,1,UNIQUE_RECONSTRUCTION,1,UNIQUE_RECONSTRUCTION,0
3,A99,1302.20977112235,0,NO_ENDPOINT_UNWRAP,1,UNIQUE_RECONSTRUCTION,1,UNIQUE_RECONSTRUCTION,0
3,A100,4999.99999999999,1,DIRECT_5000,1,UNIQUE_RECONSTRUCTION,1,UNIQUE_RECONSTRUCTION,0
3,A101,5000,1,DIRECT_5000,1,UNIQUE_RECONSTRUCTION,1,UNIQUE_RECONSTRUCTION,0
3,A102,1190.15021507902,0,NO_ENDPOINT_UNWRAP,1,UNIQUE_RECONSTRUCTION,1,UNIQUE_RECONSTRUCTION,0
3,A103,5000,1,DIRECT_5000,1,UNIQUE_RECONSTRUCTION,1,UNIQUE_RECONSTRUCTION,0
3,A104,3905.22827248758,0,NO_ENDPOINT_UNWRAP,1,UNIQUE_RECONSTRUCTION,1,UNIQUE_RECONSTRUCTION,0
3,A105,2910.80889568809,0,NO_ENDPOINT_UNWRAP,1,UNIQUE_RECONSTRUCTION,1,UNIQUE_RECONSTRUCTION,0
3,A106,5000,1,DIRECT_5000,1,UNIQUE_RECONSTRUCTION,1,UNIQUE_RECONSTRUCTION,0
3,A107,5000,1,DIRECT_5000,1,UNIQUE_RECONSTRUCTION,1,UNIQUE_RECONSTRUCTION,0
3,A108,5000,1,DIRECT_5000,1,UNIQUE_RECONSTRUCTION,1,UNIQUE_RECONSTRUCTION,0
3,A109,4814.48425745186,0,NO_ENDPOINT_UNWRAP,1,UNIQUE_RECONSTRUCTION,1,UNIQUE_RECONSTRUCTION,0
3,A110,1080.12043594506,0,NO_ENDPOINT_UNWRAP,1,UNIQUE_RECONSTRUCTION,1,UNIQUE_RECONSTRUCTION,0
3,A111,5000,1,DIRECT_5000,1,UNIQUE_RECONSTRUCTION,1,UNIQUE_RECONSTRUCTION,0
3,A112,705.212623967009,0,NO_ENDPOINT_UNWRAP,1,UNIQUE_RECONSTRUCTION,1,UNIQUE_RECONSTRUCTION,0
3,A113,5000,1,DIRECT_5000,1,UNIQUE_RECONSTRUCTION,1,UNIQUE_RECONSTRUCTION,0
3,A114,5000.00000000001,1,DIRECT_5000,1,UNIQUE_RECONSTRUCTION,1,UNIQUE_RECONSTRUCTION,0
3,A115,5000,1,DIRECT_5000,1,UNIQUE_RECONSTRUCTION,1,UNIQUE_RECONSTRUCTION,0
3,A116,5000,1,DIRECT_5000,1,UNIQUE_RECONSTRUCTION,1,UNIQUE_RECONSTRUCTION,0
3,A117,5000,1,DIRECT_5000,1,UNIQUE_RECONSTRUCTION,1,UNIQUE_RECONSTRUCTION,0
3,A118,4833.7867686378,0,NO_ENDPOINT_UNWRAP,1,UNIQUE_RECONSTRUCTION,1,UNIQUE_RECONSTRUCTION,0
3,A119,5000.00000000001,1,DIRECT_5000,1,UNIQUE_RECONSTRUCTION,1,UNIQUE_RECONSTRUCTION,0
3,A120,5000,1,DIRECT_5000,1,UNIQUE_RECONSTRUCTION,1,UNIQUE_RECONSTRUCTION,0
3,A121,3468.55682447278,0,NO_ENDPOINT_UNWRAP,1,UNIQUE_RECONSTRUCTION,1,UNIQUE_RECONSTRUCTION,0
3,A122,5000,1,DIRECT_5000,1,UNIQUE_RECONSTRUCTION,1,UNIQUE_RECONSTRUCTION,0
3,A123,2099.37127947342,0,NO_ENDPOINT_UNWRAP,1,UNIQUE_RECONSTRUCTION,1,UNIQUE_RECONSTRUCTION,0
3,A124,3722.62738277933,0,NO_ENDPOINT_UNWRAP,1,UNIQUE_RECONSTRUCTION,1,UNIQUE_RECONSTRUCTION,0
3,A125,5000,1,DIRECT_5000,1,UNIQUE_RECONSTRUCTION,1,UNIQUE_RECONSTRUCTION,0
3,A126,5000,1,DIRECT_5000,1,UNIQUE_RECONSTRUCTION,1,UNIQUE_RECONSTRUCTION,0
3,A127,2212.29056922531,0,NO_ENDPOINT_UNWRAP,1,UNIQUE_RECONSTRUCTION,1,UNIQUE_RECONSTRUCTION,0
3,A128,5000,1,DIRECT_5000,1,UNIQUE_RECONSTRUCTION,1,UNIQUE_RECONSTRUCTION,0
3,A129,712.473863303729,0,NO_ENDPOINT_UNWRAP,2,AMBIGUOUS,3,AMBIGUOUS,0
3,A130,2188.15485722285,0,NO_ENDPOINT_UNWRAP,1,UNIQUE_RECONSTRUCTION,1,UNIQUE_RECONSTRUCTION,0
3,A131,5000,1,DIRECT_5000,1,UNIQUE_RECONSTRUCTION,1,UNIQUE_RECONSTRUCTION,0
3,A132,4294.78737603298,0,NO_ENDPOINT_UNWRAP,1,UNIQUE_RECONSTRUCTION,1,UNIQUE_RECONSTRUCTION,0
3,A133,3580.19427244057,0,NO_ENDPOINT_UNWRAP,1,UNIQUE_RECONSTRUCTION,1,UNIQUE_RECONSTRUCTION,0
3,A134,2651.71788614618,0,NO_ENDPOINT_UNWRAP,1,UNIQUE_RECONSTRUCTION,1,UNIQUE_RECONSTRUCTION,0
3,A135,1094.77172751241,0,NO_ENDPOINT_UNWRAP,1,UNIQUE_RECONSTRUCTION,1,UNIQUE_RECONSTRUCTION,0
3,A136,5000,1,DIRECT_5000,1,UNIQUE_RECONSTRUCTION,1,UNIQUE_RECONSTRUCTION,0
3,A137,5000,1,DIRECT_5000,1,UNIQUE_RECONSTRUCTION,1,UNIQUE_RECONSTRUCTION,0
3,A138,4297.11991408837,0,NO_ENDPOINT_UNWRAP,1,UNIQUE_RECONSTRUCTION,1,UNIQUE_RECONSTRUCTION,0
3,A139,1038.93321006507,0,NO_ENDPOINT_UNWRAP,1,UNIQUE_RECONSTRUCTION,1,UNIQUE_RECONSTRUCTION,0
3,A140,1199.74583982989,0,NO_ENDPOINT_UNWRAP,1,UNIQUE_RECONSTRUCTION,1,UNIQUE_RECONSTRUCTION,0
3,A141,5000,1,DIRECT_5000,1,UNIQUE_RECONSTRUCTION,1,UNIQUE_RECONSTRUCTION,0
3,A142,1487.55370187422,0,NO_ENDPOINT_UNWRAP,1,UNIQUE_RECONSTRUCTION,1,UNIQUE_RECONSTRUCTION,0
3,A143,2787.70943077468,0,NO_ENDPOINT_UNWRAP,1,UNIQUE_RECONSTRUCTION,1,UNIQUE_RECONSTRUCTION,0
3,A144,5000,1,DIRECT_5000,1,UNIQUE_RECONSTRUCTION,1,UNIQUE_RECONSTRUCTION,0
3,A145,1225.26841466554,0,NO_ENDPOINT_UNWRAP,1,UNIQUE_RECONSTRUCTION,1,UNIQUE_RECONSTRUCTION,0
3,A146,1759.84192786261,0,NO_ENDPOINT_UNWRAP,1,UNIQUE_RECONSTRUCTION,1,UNIQUE_RECONSTRUCTION,0
3,A147,4332.51149395308,0,NO_ENDPOINT_UNWRAP,1,UNIQUE_RECONSTRUCTION,1,UNIQUE_RECONSTRUCTION,0
3,A148,4804.00542169829,0,NO_ENDPOINT_UNWRAP,1,UNIQUE_RECONSTRUCTION,1,UNIQUE_RECONSTRUCTION,0
3,A149,5000,1,DIRECT_5000,1,UNIQUE_RECONSTRUCTION,1,UNIQUE_RECONSTRUCTION,0
3,A150,2116.56423481571,0,NO_ENDPOINT_UNWRAP,1,UNIQUE_RECONSTRUCTION,1,UNIQUE_RECONSTRUCTION,0
3,A151,5000,1,DIRECT_5000,1,UNIQUE_RECONSTRUCTION,1,UNIQUE_RECONSTRUCTION,0
3,A152,4015.66027169416,0,NO_ENDPOINT_UNWRAP,1,UNIQUE_RECONSTRUCTION,1,UNIQUE_RECONSTRUCTION,0
3,A153,1820.96286391131,0,NO_ENDPOINT_UNWRAP,1,UNIQUE_RECONSTRUCTION,1,UNIQUE_RECONSTRUCTION,0
3,A154,5000,1,DIRECT_5000,1,UNIQUE_RECONSTRUCTION,1,UNIQUE_RECONSTRUCTION,0
3,A155,5000,1,DIRECT_5000,1,UNIQUE_RECONSTRUCTION,1,UNIQUE_RECONSTRUCTION,0
3,A156,3936.06202969232,0,NO_ENDPOINT_UNWRAP,1,UNIQUE_RECONSTRUCTION,1,UNIQUE_RECONSTRUCTION,0
3,A157,5000,1,DIRECT_5000,1,UNIQUE_RECONSTRUCTION,1,UNIQUE_RECONSTRUCTION,0
3,A158,4634.68646516899,0,NO_ENDPOINT_UNWRAP,1,UNIQUE_RECONSTRUCTION,1,UNIQUE_RECONSTRUCTION,0
3,A159,4564.22118696735,0,NO_ENDPOINT_UNWRAP,1,UNIQUE_RECONSTRUCTION,1,UNIQUE_RECONSTRUCTION,0
3,A160,5000,1,DIRECT_5000,1,UNIQUE_RECONSTRUCTION,1,UNIQUE_RECONSTRUCTION,0
3,A161,4997.38931275427,0,NO_ENDPOINT_UNWRAP,1,UNIQUE_RECONSTRUCTION,1,UNIQUE_RECONSTRUCTION,0
3,A162,3179.03713608869,0,NO_ENDPOINT_UNWRAP,1,UNIQUE_RECONSTRUCTION,1,UNIQUE_RECONSTRUCTION,0
3,A163,2193.43489022273,0,NO_ENDPOINT_UNWRAP,1,UNIQUE_RECONSTRUCTION,1,UNIQUE_RECONSTRUCTION,0
3,A164,5000,1,DIRECT_5000,1,UNIQUE_RECONSTRUCTION,1,UNIQUE_RECONSTRUCTION,0
3,A165,1714.28308421033,0,NO_ENDPOINT_UNWRAP,1,UNIQUE_RECONSTRUCTION,1,UNIQUE_RECONSTRUCTION,0
3,A166,3983.39186299556,0,NO_ENDPOINT_UNWRAP,1,UNIQUE_RECONSTRUCTION,1,UNIQUE_RECONSTRUCTION,0
3,A167,559.223064247723,0,NO_ENDPOINT_UNWRAP,1,UNIQUE_RECONSTRUCTION,1,UNIQUE_RECONSTRUCTION,0
3,A168,4532.156821229,0,NO_ENDPOINT_UNWRAP,1,UNIQUE_RECONSTRUCTION,1,UNIQUE_RECONSTRUCTION,0
3,A169,1207.76384107211,0,NO_ENDPOINT_UNWRAP,1,UNIQUE_RECONSTRUCTION,1,UNIQUE_RECONSTRUCTION,0
3,A170,4999.99999999999,1,DIRECT_5000,1,UNIQUE_RECONSTRUCTION,1,UNIQUE_RECONSTRUCTION,0
3,A171,4999.99999999999,1,DIRECT_5000,1,UNIQUE_RECONSTRUCTION,1,UNIQUE_RECONSTRUCTION,0
3,A172,5000,1,DIRECT_5000,1,UNIQUE_RECONSTRUCTION,1,UNIQUE_RECONSTRUCTION,0
3,A173,3774.73158533446,0,NO_ENDPOINT_UNWRAP,1,UNIQUE_RECONSTRUCTION,1,UNIQUE_RECONSTRUCTION,0
3,A174,2292.64918281482,0,NO_ENDPOINT_UNWRAP,1,UNIQUE_RECONSTRUCTION,1,UNIQUE_RECONSTRUCTION,0
3,A175,5000,1,DIRECT_5000,1,UNIQUE_RECONSTRUCTION,1,UNIQUE_RECONSTRUCTION,0
3,A176,5000,1,DIRECT_5000,1,UNIQUE_RECONSTRUCTION,1,UNIQUE_RECONSTRUCTION,0
3,A177,4323.19445208131,0,NO_ENDPOINT_UNWRAP,1,UNIQUE_RECONSTRUCTION,1,UNIQUE_RECONSTRUCTION,0
3,A178,2584.56310279916,0,NO_ENDPOINT_UNWRAP,1,UNIQUE_RECONSTRUCTION,1,UNIQUE_RECONSTRUCTION,0
3,A179,4440.77693575228,0,NO_ENDPOINT_UNWRAP,1,UNIQUE_RECONSTRUCTION,1,UNIQUE_RECONSTRUCTION,0
3,A180,5000,1,DIRECT_5000,1,UNIQUE_RECONSTRUCTION,1,UNIQUE_RECONSTRUCTION,0
3,A181,5000,1,DIRECT_5000,1,UNIQUE_RECONSTRUCTION,1,UNIQUE_RECONSTRUCTION,0
3,A182,2301.16502332824,0,NO_ENDPOINT_UNWRAP,1,UNIQUE_RECONSTRUCTION,1,UNIQUE_RECONSTRUCTION,0
3,A183,5000,1,DIRECT_5000,1,UNIQUE_RECONSTRUCTION,1,UNIQUE_RECONSTRUCTION,0
3,A184,4999.99999999999,1,DIRECT_5000,1,UNIQUE_RECONSTRUCTION,1,UNIQUE_RECONSTRUCTION,0
3,A185,1507.08805693065,0,NO_ENDPOINT_UNWRAP,1,UNIQUE_RECONSTRUCTION,1,UNIQUE_RECONSTRUCTION,0
3,A186,5000,1,DIRECT_5000,1,UNIQUE_RECONSTRUCTION,1,UNIQUE_RECONSTRUCTION,0
3,A187,702.880085911635,0,NO_ENDPOINT_UNWRAP,1,UNIQUE_RECONSTRUCTION,1,UNIQUE_RECONSTRUCTION,0
3,A188,4466.33871196905,0,NO_ENDPOINT_UNWRAP,1,UNIQUE_RECONSTRUCTION,1,UNIQUE_RECONSTRUCTION,0
3,A189,984.339728305846,0,NO_ENDPOINT_UNWRAP,1,UNIQUE_RECONSTRUCTION,1,UNIQUE_RECONSTRUCTION,0
3,A190,5000,1,DIRECT_5000,1,UNIQUE_RECONSTRUCTION,1,UNIQUE_RECONSTRUCTION,0
3,A191,5000,1,DIRECT_5000,1,UNIQUE_RECONSTRUCTION,1,UNIQUE_RECONSTRUCTION,0
3,A192,4728.58759313997,0,NO_ENDPOINT_UNWRAP,1,UNIQUE_RECONSTRUCTION,1,UNIQUE_RECONSTRUCTION,0
3,A193,5000,1,DIRECT_5000,1,UNIQUE_RECONSTRUCTION,1,UNIQUE_RECONSTRUCTION,0
3,A194,5000,1,DIRECT_5000,1,UNIQUE_RECONSTRUCTION,1,UNIQUE_RECONSTRUCTION,0
3,A195,3492.91194306935,0,NO_ENDPOINT_UNWRAP,1,UNIQUE_RECONSTRUCTION,1,UNIQUE_RECONSTRUCTION,0
3,A196,4540.804961644,0,NO_ENDPOINT_UNWRAP,1,UNIQUE_RECONSTRUCTION,1,UNIQUE_RECONSTRUCTION,0
3,A197,2794.32269310754,0,NO_ENDPOINT_UNWRAP,1,UNIQUE_RECONSTRUCTION,1,UNIQUE_RECONSTRUCTION,0
3,A198,3707.37065546017,0,NO_ENDPOINT_UNWRAP,1,UNIQUE_RECONSTRUCTION,1,UNIQUE_RECONSTRUCTION,0
3,A199,715.989966532897,0,NO_ENDPOINT_UNWRAP,2,AMBIGUOUS,3,AMBIGUOUS,0
3,A200,1489.68734035956,0,NO_ENDPOINT_UNWRAP,1,UNIQUE_RECONSTRUCTION,1,UNIQUE_RECONSTRUCTION,0
3,A201,1662.79929088666,0,NO_ENDPOINT_UNWRAP,1,UNIQUE_RECONSTRUCTION,1,UNIQUE_RECONSTRUCTION,0
3,A202,5000,1,DIRECT_5000,1,UNIQUE_RECONSTRUCTION,1,UNIQUE_RECONSTRUCTION,0
3,A203,5000,1,DIRECT_5000,1,UNIQUE_RECONSTRUCTION,1,UNIQUE_RECONSTRUCTION,0
3,A204,4384.08315640866,0,NO_ENDPOINT_UNWRAP,1,UNIQUE_RECONSTRUCTION,1,UNIQUE_RECONSTRUCTION,0
3,A205,5000,1,DIRECT_5000,1,UNIQUE_RECONSTRUCTION,1,UNIQUE_RECONSTRUCTION,0
3,A206,5000.00000000001,1,DIRECT_5000,1,UNIQUE_RECONSTRUCTION,1,UNIQUE_RECONSTRUCTION,0
3,A207,4620.62460134513,0,NO_ENDPOINT_UNWRAP,1,UNIQUE_RECONSTRUCTION,1,UNIQUE_RECONSTRUCTION,0
3,A208,2917.96802848347,0,NO_ENDPOINT_UNWRAP,1,UNIQUE_RECONSTRUCTION,1,UNIQUE_RECONSTRUCTION,0
3,A209,1136.00195721934,0,NO_ENDPOINT_UNWRAP,1,UNIQUE_RECONSTRUCTION,1,UNIQUE_RECONSTRUCTION,0
3,A210,2939.89401740938,0,NO_ENDPOINT_UNWRAP,1,UNIQUE_RECONSTRUCTION,1,UNIQUE_RECONSTRUCTION,0
3,A211,5000,1,DIRECT_5000,1,UNIQUE_RECONSTRUCTION,1,UNIQUE_RECONSTRUCTION,0
3,A212,3696.90963175142,0,NO_ENDPOINT_UNWRAP,1,UNIQUE_RECONSTRUCTION,1,UNIQUE_RECONSTRUCTION,0
3,A213,2801.99766413508,0,NO_ENDPOINT_UNWRAP,1,UNIQUE_RECONSTRUCTION,1,UNIQUE_RECONSTRUCTION,0
3,A214,5000,1,DIRECT_5000,1,UNIQUE_RECONSTRUCTION,1,UNIQUE_RECONSTRUCTION,0
3,A215,622.589126458353,0,NO_ENDPOINT_UNWRAP,1,UNIQUE_RECONSTRUCTION,1,UNIQUE_RECONSTRUCTION,0
3,A216,5000,1,DIRECT_5000,1,UNIQUE_RECONSTRUCTION,1,UNIQUE_RECONSTRUCTION,0
3,A217,4123.50004025937,0,NO_ENDPOINT_UNWRAP,1,UNIQUE_RECONSTRUCTION,1,UNIQUE_RECONSTRUCTION,0
3,A218,2707.35081718519,0,NO_ENDPOINT_UNWRAP,1,UNIQUE_RECONSTRUCTION,1,UNIQUE_RECONSTRUCTION,0
3,A219,4587.0763405977,0,NO_ENDPOINT_UNWRAP,1,UNIQUE_RECONSTRUCTION,1,UNIQUE_RECONSTRUCTION,0
3,A220,5000,1,DIRECT_5000,1,UNIQUE_RECONSTRUCTION,1,UNIQUE_RECONSTRUCTION,0
3,A221,5000,1,DIRECT_5000,1,UNIQUE_RECONSTRUCTION,1,UNIQUE_RECONSTRUCTION,0
3,A222,5000,1,DIRECT_5000,1,UNIQUE_RECONSTRUCTION,1,UNIQUE_RECONSTRUCTION,0
3,A223,5000.00000000001,1,DIRECT_5000,1,UNIQUE_RECONSTRUCTION,1,UNIQUE_RECONSTRUCTION,0
3,A224,3042.81663141002,0,NO_ENDPOINT_UNWRAP,1,UNIQUE_RECONSTRUCTION,1,UNIQUE_RECONSTRUCTION,0
3,A225,5000.00000000001,1,DIRECT_5000,1,UNIQUE_RECONSTRUCTION,1,UNIQUE_RECONSTRUCTION,0
3,A226,2347.12211264691,0,NO_ENDPOINT_UNWRAP,1,UNIQUE_RECONSTRUCTION,1,UNIQUE_RECONSTRUCTION,0
3,A227,2883.43576518429,0,NO_ENDPOINT_UNWRAP,1,UNIQUE_RECONSTRUCTION,1,UNIQUE_RECONSTRUCTION,0
3,A228,5000,1,DIRECT_5000,1,UNIQUE_RECONSTRUCTION,1,UNIQUE_RECONSTRUCTION,0
3,A229,4999.99999999999,1,DIRECT_5000,1,UNIQUE_RECONSTRUCTION,1,UNIQUE_RECONSTRUCTION,0
3,A230,3830.29145697035,0,NO_ENDPOINT_UNWRAP,1,UNIQUE_RECONSTRUCTION,1,UNIQUE_RECONSTRUCTION,0
3,A231,1778.70169108243,0,NO_ENDPOINT_UNWRAP,1,UNIQUE_RECONSTRUCTION,1,UNIQUE_RECONSTRUCTION,0
3,A232,531.642412043764,0,NO_ENDPOINT_UNWRAP,2,AMBIGUOUS,3,AMBIGUOUS,0
3,A233,5000.00000000001,1,DIRECT_5000,1,UNIQUE_RECONSTRUCTION,1,UNIQUE_RECONSTRUCTION,0
3,A234,2410.9795098861,0,NO_ENDPOINT_UNWRAP,2,AMBIGUOUS,3,AMBIGUOUS,0
3,A235,3221.29830891757,0,NO_ENDPOINT_UNWRAP,1,UNIQUE_RECONSTRUCTION,1,UNIQUE_RECONSTRUCTION,0
3,A236,2257.25840961064,0,NO_ENDPOINT_UNWRAP,2,AMBIGUOUS,3,AMBIGUOUS,0
3,A237,1550.38955947277,0,NO_ENDPOINT_UNWRAP,1,UNIQUE_RECONSTRUCTION,1,UNIQUE_RECONSTRUCTION,0
3,A238,5000,1,DIRECT_5000,1,UNIQUE_RECONSTRUCTION,1,UNIQUE_RECONSTRUCTION,0
3,A239,3285.71691578968,0,NO_ENDPOINT_UNWRAP,1,UNIQUE_RECONSTRUCTION,1,UNIQUE_RECONSTRUCTION,0
3,A240,5000.00000000001,1,DIRECT_5000,1,UNIQUE_RECONSTRUCTION,1,UNIQUE_RECONSTRUCTION,0
3,A241,876.499959740629,0,NO_ENDPOINT_UNWRAP,1,UNIQUE_RECONSTRUCTION,1,UNIQUE_RECONSTRUCTION,0
3,A242,5000,1,DIRECT_5000,1,UNIQUE_RECONSTRUCTION,1,UNIQUE_RECONSTRUCTION,0
3,A243,676.80554791869,0,NO_ENDPOINT_UNWRAP,1,UNIQUE_RECONSTRUCTION,1,UNIQUE_RECONSTRUCTION,0
3,A244,1072.06215025698,0,NO_ENDPOINT_UNWRAP,2,AMBIGUOUS,3,AMBIGUOUS,0
3,A245,5000,1,DIRECT_5000,1,UNIQUE_RECONSTRUCTION,1,UNIQUE_RECONSTRUCTION,0
3,A246,2698.83497667175,0,NO_ENDPOINT_UNWRAP,1,UNIQUE_RECONSTRUCTION,1,UNIQUE_RECONSTRUCTION,0
3,A247,5000,1,DIRECT_5000,1,UNIQUE_RECONSTRUCTION,1,UNIQUE_RECONSTRUCTION,0
3,A248,5000,1,DIRECT_5000,1,UNIQUE_RECONSTRUCTION,1,UNIQUE_RECONSTRUCTION,0
3,A249,4941.14986216036,0,NO_ENDPOINT_UNWRAP,1,UNIQUE_RECONSTRUCTION,1,UNIQUE_RECONSTRUCTION,0
3,A250,5000.00000000001,1,DIRECT_5000,1,UNIQUE_RECONSTRUCTION,1,UNIQUE_RECONSTRUCTION,0
3,A251,3981.90000124325,0,NO_ENDPOINT_UNWRAP,1,UNIQUE_RECONSTRUCTION,1,UNIQUE_RECONSTRUCTION,0
3,A252,615.91684359134,0,NO_ENDPOINT_UNWRAP,1,UNIQUE_RECONSTRUCTION,1,UNIQUE_RECONSTRUCTION,0
3,A253,5000,1,DIRECT_5000,1,UNIQUE_RECONSTRUCTION,1,UNIQUE_RECONSTRUCTION,0
3,A254,787.488553358562,0,NO_ENDPOINT_UNWRAP,1,UNIQUE_RECONSTRUCTION,1,UNIQUE_RECONSTRUCTION,0
3,A255,5000,1,DIRECT_5000,1,UNIQUE_RECONSTRUCTION,1,UNIQUE_RECONSTRUCTION,0
3,A256,1580.8157370961,0,NO_ENDPOINT_UNWRAP,1,UNIQUE_RECONSTRUCTION,1,UNIQUE_RECONSTRUCTION,0
3,A257,5000,1,DIRECT_5000,1,UNIQUE_RECONSTRUCTION,1,UNIQUE_RECONSTRUCTION,0
3,A258,2089.19110431191,0,NO_ENDPOINT_UNWRAP,1,UNIQUE_RECONSTRUCTION,1,UNIQUE_RECONSTRUCTION,0
3,A259,5000,1,DIRECT_5000,1,UNIQUE_RECONSTRUCTION,1,UNIQUE_RECONSTRUCTION,0
3,A260,5000,1,DIRECT_5000,1,UNIQUE_RECONSTRUCTION,1,UNIQUE_RECONSTRUCTION,0
3,A261,5000,1,DIRECT_5000,1,UNIQUE_RECONSTRUCTION,1,UNIQUE_RECONSTRUCTION,0
3,A262,5000,1,DIRECT_5000,1,UNIQUE_RECONSTRUCTION,1,UNIQUE_RECONSTRUCTION,0
3,A263,2060.10598259062,0,NO_ENDPOINT_UNWRAP,1,UNIQUE_RECONSTRUCTION,1,UNIQUE_RECONSTRUCTION,0
3,A264,5000,1,DIRECT_5000,1,UNIQUE_RECONSTRUCTION,1,UNIQUE_RECONSTRUCTION,0
3,A265,5000,1,DIRECT_5000,1,UNIQUE_RECONSTRUCTION,1,UNIQUE_RECONSTRUCTION,0
3,A266,4999.99999999999,1,DIRECT_5000,1,UNIQUE_RECONSTRUCTION,1,UNIQUE_RECONSTRUCTION,0
3,A267,4957.33929067089,0,NO_ENDPOINT_UNWRAP,1,UNIQUE_RECONSTRUCTION,1,UNIQUE_RECONSTRUCTION,0
3,A268,4844.16844643241,0,NO_ENDPOINT_UNWRAP,1,UNIQUE_RECONSTRUCTION,1,UNIQUE_RECONSTRUCTION,0
3,A269,4267.81119649178,0,NO_ENDPOINT_UNWRAP,1,UNIQUE_RECONSTRUCTION,1,UNIQUE_RECONSTRUCTION,0
3,A270,5000,1,DIRECT_5000,1,UNIQUE_RECONSTRUCTION,1,UNIQUE_RECONSTRUCTION,0
3,A271,3930.02113943689,0,NO_ENDPOINT_UNWRAP,1,UNIQUE_RECONSTRUCTION,1,UNIQUE_RECONSTRUCTION,0
3,A272,2806.56510977727,0,NO_ENDPOINT_UNWRAP,1,UNIQUE_RECONSTRUCTION,1,UNIQUE_RECONSTRUCTION,0
3,A273,4212.51144664144,0,NO_ENDPOINT_UNWRAP,1,UNIQUE_RECONSTRUCTION,1,UNIQUE_RECONSTRUCTION,0
3,A274,5000,1,DIRECT_5000,1,UNIQUE_RECONSTRUCTION,1,UNIQUE_RECONSTRUCTION,0
3,A275,5000.00000000001,1,DIRECT_5000,1,UNIQUE_RECONSTRUCTION,1,UNIQUE_RECONSTRUCTION,0
3,A276,5000,1,DIRECT_5000,1,UNIQUE_RECONSTRUCTION,1,UNIQUE_RECONSTRUCTION,0
3,A277,2874.34986829384,0,NO_ENDPOINT_UNWRAP,1,UNIQUE_RECONSTRUCTION,1,UNIQUE_RECONSTRUCTION,0
3,A278,5000,1,DIRECT_5000,1,UNIQUE_RECONSTRUCTION,1,UNIQUE_RECONSTRUCTION,0
3,A279,4118.7372743169,0,NO_ENDPOINT_UNWRAP,1,UNIQUE_RECONSTRUCTION,1,UNIQUE_RECONSTRUCTION,0
3,A280,5000,1,DIRECT_5000,1,UNIQUE_RECONSTRUCTION,1,UNIQUE_RECONSTRUCTION,0
3,A281,3260.35486012245,0,NO_ENDPOINT_UNWRAP,1,UNIQUE_RECONSTRUCTION,1,UNIQUE_RECONSTRUCTION,0
3,A282,5000,1,DIRECT_5000,1,UNIQUE_RECONSTRUCTION,1,UNIQUE_RECONSTRUCTION,0
3,A283,1079.9422995027,0,NO_ENDPOINT_UNWRAP,1,UNIQUE_RECONSTRUCTION,1,UNIQUE_RECONSTRUCTION,0
3,A284,4999.99999999999,1,DIRECT_5000,1,UNIQUE_RECONSTRUCTION,1,UNIQUE_RECONSTRUCTION,0
3,A285,5000,1,DIRECT_5000,1,UNIQUE_RECONSTRUCTION,1,UNIQUE_RECONSTRUCTION,0
3,A286,5000,1,DIRECT_5000,1,UNIQUE_RECONSTRUCTION,1,UNIQUE_RECONSTRUCTION,0
3,A287,5000,1,DIRECT_5000,1,UNIQUE_RECONSTRUCTION,1,UNIQUE_RECONSTRUCTION,0
3,A288,5000,1,DIRECT_5000,1,UNIQUE_RECONSTRUCTION,1,UNIQUE_RECONSTRUCTION,0
3,A289,4999.99999999999,1,DIRECT_5000,1,UNIQUE_RECONSTRUCTION,1,UNIQUE_RECONSTRUCTION,0
3,A290,1063.93797030767,0,NO_ENDPOINT_UNWRAP,1,UNIQUE_RECONSTRUCTION,1,UNIQUE_RECONSTRUCTION,0
3,A291,5000,1,DIRECT_5000,1,UNIQUE_RECONSTRUCTION,1,UNIQUE_RECONSTRUCTION,0
3,A292,664.571804287634,0,NO_ENDPOINT_UNWRAP,1,UNIQUE_RECONSTRUCTION,1,UNIQUE_RECONSTRUCTION,0
3,A293,5000,1,DIRECT_5000,1,UNIQUE_RECONSTRUCTION,1,UNIQUE_RECONSTRUCTION,0
3,A294,5000,1,DIRECT_5000,1,UNIQUE_RECONSTRUCTION,1,UNIQUE_RECONSTRUCTION,0
3,A295,4847.92956512635,0,NO_ENDPOINT_UNWRAP,1,UNIQUE_RECONSTRUCTION,1,UNIQUE_RECONSTRUCTION,0
3,A296,5000,1,DIRECT_5000,1,UNIQUE_RECONSTRUCTION,1,UNIQUE_RECONSTRUCTION,0
3,A297,1966.43136365555,0,NO_ENDPOINT_UNWRAP,1,UNIQUE_RECONSTRUCTION,1,UNIQUE_RECONSTRUCTION,0
3,A298,5000,1,DIRECT_5000,1,UNIQUE_RECONSTRUCTION,1,UNIQUE_RECONSTRUCTION,0
3,A299,5000,1,DIRECT_5000,1,UNIQUE_RECONSTRUCTION,1,UNIQUE_RECONSTRUCTION,0
3,A300,1069.97886056311,0,NO_ENDPOINT_UNWRAP,1,UNIQUE_RECONSTRUCTION,1,UNIQUE_RECONSTRUCTION,0
3,A301,3658.6314329986,0,NO_ENDPOINT_UNWRAP,1,UNIQUE_RECONSTRUCTION,1,UNIQUE_RECONSTRUCTION,0
3,A302,1454.10096490555,0,NO_ENDPOINT_UNWRAP,1,UNIQUE_RECONSTRUCTION,1,UNIQUE_RECONSTRUCTION,0
3,A303,5000,1,DIRECT_5000,1,UNIQUE_RECONSTRUCTION,1,UNIQUE_RECONSTRUCTION,0
3,A304,2198.00233586492,0,NO_ENDPOINT_UNWRAP,1,UNIQUE_RECONSTRUCTION,1,UNIQUE_RECONSTRUCTION,0
3,A305,5000,1,DIRECT_5000,1,UNIQUE_RECONSTRUCTION,1,UNIQUE_RECONSTRUCTION,0
3,A306,5000,1,DIRECT_5000,1,UNIQUE_RECONSTRUCTION,1,UNIQUE_RECONSTRUCTION,0
3,A307,3545.89903509446,0,NO_ENDPOINT_UNWRAP,1,UNIQUE_RECONSTRUCTION,1,UNIQUE_RECONSTRUCTION,0
3,A308,4335.42819571237,0,NO_ENDPOINT_UNWRAP,1,UNIQUE_RECONSTRUCTION,1,UNIQUE_RECONSTRUCTION,0
3,A309,5000,1,DIRECT_5000,1,UNIQUE_RECONSTRUCTION,1,UNIQUE_RECONSTRUCTION,0
3,A310,1739.64513987756,0,NO_ENDPOINT_UNWRAP,1,UNIQUE_RECONSTRUCTION,1,UNIQUE_RECONSTRUCTION,0
3,A311,3273.0231007313,0,NO_ENDPOINT_UNWRAP,1,UNIQUE_RECONSTRUCTION,1,UNIQUE_RECONSTRUCTION,0
3,A312,5000,1,DIRECT_5000,1,UNIQUE_RECONSTRUCTION,1,UNIQUE_RECONSTRUCTION,0
3,A313,5000,1,DIRECT_5000,1,UNIQUE_RECONSTRUCTION,1,UNIQUE_RECONSTRUCTION,0
3,A314,4793.50417987968,0,NO_ENDPOINT_UNWRAP,1,UNIQUE_RECONSTRUCTION,1,UNIQUE_RECONSTRUCTION,0
3,A315,1957.18336858997,0,NO_ENDPOINT_UNWRAP,1,UNIQUE_RECONSTRUCTION,1,UNIQUE_RECONSTRUCTION,0
3,A316,5000,1,DIRECT_5000,1,UNIQUE_RECONSTRUCTION,1,UNIQUE_RECONSTRUCTION,0
3,A317,2629.61794473875,0,NO_ENDPOINT_UNWRAP,1,UNIQUE_RECONSTRUCTION,1,UNIQUE_RECONSTRUCTION,0
3,A318,5000,1,DIRECT_5000,1,UNIQUE_RECONSTRUCTION,1,UNIQUE_RECONSTRUCTION,0
3,A319,5000,1,DIRECT_5000,1,UNIQUE_RECONSTRUCTION,1,UNIQUE_RECONSTRUCTION,0
3,A320,5000,1,DIRECT_5000,1,UNIQUE_RECONSTRUCTION,1,UNIQUE_RECONSTRUCTION,0
3,A321,3979.18308966163,0,NO_ENDPOINT_UNWRAP,1,UNIQUE_RECONSTRUCTION,1,UNIQUE_RECONSTRUCTION,0
3,A322,5000,1,DIRECT_5000,1,UNIQUE_RECONSTRUCTION,1,UNIQUE_RECONSTRUCTION,0
3,A323,5000,1,DIRECT_5000,1,UNIQUE_RECONSTRUCTION,1,UNIQUE_RECONSTRUCTION,0
3,A324,5000.00000000001,1,DIRECT_5000,1,UNIQUE_RECONSTRUCTION,1,UNIQUE_RECONSTRUCTION,0
3,A325,4998.981194219,0,NO_ENDPOINT_UNWRAP,1,UNIQUE_RECONSTRUCTION,1,UNIQUE_RECONSTRUCTION,0
3,A326,5000,1,DIRECT_5000,1,UNIQUE_RECONSTRUCTION,1,UNIQUE_RECONSTRUCTION,0
3,A327,5000,1,DIRECT_5000,1,UNIQUE_RECONSTRUCTION,1,UNIQUE_RECONSTRUCTION,0
3,A328,5000,1,DIRECT_5000,1,UNIQUE_RECONSTRUCTION,1,UNIQUE_RECONSTRUCTION,0
3,A329,5000.00000000001,1,DIRECT_5000,1,UNIQUE_RECONSTRUCTION,1,UNIQUE_RECONSTRUCTION,0
3,A330,4581.83853070264,0,NO_ENDPOINT_UNWRAP,1,UNIQUE_RECONSTRUCTION,1,UNIQUE_RECONSTRUCTION,0
3,A331,5000,1,DIRECT_5000,1,UNIQUE_RECONSTRUCTION,1,UNIQUE_RECONSTRUCTION,0
3,A332,1391.5287687711,0,NO_ENDPOINT_UNWRAP,1,UNIQUE_RECONSTRUCTION,1,UNIQUE_RECONSTRUCTION,0
3,A333,5000,1,DIRECT_5000,1,UNIQUE_RECONSTRUCTION,1,UNIQUE_RECONSTRUCTION,0
3,A334,3521.79976312683,0,NO_ENDPOINT_UNWRAP,1,UNIQUE_RECONSTRUCTION,1,UNIQUE_RECONSTRUCTION,0
3,A335,3608.47123122889,0,NO_ENDPOINT_UNWRAP,1,UNIQUE_RECONSTRUCTION,1,UNIQUE_RECONSTRUCTION,0
3,A336,5000,1,DIRECT_5000,1,UNIQUE_RECONSTRUCTION,1,UNIQUE_RECONSTRUCTION,0
3,A337,5000,1,DIRECT_5000,1,UNIQUE_RECONSTRUCTION,1,UNIQUE_RECONSTRUCTION,0
3,A338,5000,1,DIRECT_5000,1,UNIQUE_RECONSTRUCTION,1,UNIQUE_RECONSTRUCTION,0
3,A339,5000,1,DIRECT_5000,1,UNIQUE_RECONSTRUCTION,1,UNIQUE_RECONSTRUCTION,0
3,A340,5000,1,DIRECT_5000,1,UNIQUE_RECONSTRUCTION,1,UNIQUE_RECONSTRUCTION,0
3,A341,4999.99999999999,1,DIRECT_5000,1,UNIQUE_RECONSTRUCTION,1,UNIQUE_RECONSTRUCTION,0
3,A342,1427.43867354528,0,NO_ENDPOINT_UNWRAP,1,UNIQUE_RECONSTRUCTION,1,UNIQUE_RECONSTRUCTION,0
3,A343,5000,1,DIRECT_5000,1,UNIQUE_RECONSTRUCTION,1,UNIQUE_RECONSTRUCTION,0
3,A344,5000,1,DIRECT_5000,1,UNIQUE_RECONSTRUCTION,1,UNIQUE_RECONSTRUCTION,0
3,A345,2370.38205526124,0,NO_ENDPOINT_UNWRAP,1,UNIQUE_RECONSTRUCTION,1,UNIQUE_RECONSTRUCTION,0
3,A346,827.213344498678,0,NO_ENDPOINT_UNWRAP,1,UNIQUE_RECONSTRUCTION,1,UNIQUE_RECONSTRUCTION,0
3,A347,5000,1,DIRECT_5000,1,UNIQUE_RECONSTRUCTION,1,UNIQUE_RECONSTRUCTION,0
3,A348,5000,1,DIRECT_5000,1,UNIQUE_RECONSTRUCTION,1,UNIQUE_RECONSTRUCTION,0
3,A349,667.488506046921,0,NO_ENDPOINT_UNWRAP,1,UNIQUE_RECONSTRUCTION,1,UNIQUE_RECONSTRUCTION,0
3,A350,1156.50289680255,0,NO_ENDPOINT_UNWRAP,1,UNIQUE_RECONSTRUCTION,1,UNIQUE_RECONSTRUCTION,0
3,A351,4937.90565426453,0,NO_ENDPOINT_UNWRAP,1,UNIQUE_RECONSTRUCTION,1,UNIQUE_RECONSTRUCTION,0
3,A352,1995.46099134144,0,NO_ENDPOINT_UNWRAP,1,UNIQUE_RECONSTRUCTION,1,UNIQUE_RECONSTRUCTION,0
3,A353,5000,1,DIRECT_5000,1,UNIQUE_RECONSTRUCTION,1,UNIQUE_RECONSTRUCTION,0
3,A354,4172.78665550132,0,NO_ENDPOINT_UNWRAP,1,UNIQUE_RECONSTRUCTION,1,UNIQUE_RECONSTRUCTION,0
3,A355,2125.65013170616,0,NO_ENDPOINT_UNWRAP,1,UNIQUE_RECONSTRUCTION,1,UNIQUE_RECONSTRUCTION,0
3,A356,1292.62934453984,0,NO_ENDPOINT_UNWRAP,1,UNIQUE_RECONSTRUCTION,1,UNIQUE_RECONSTRUCTION,0
3,A357,5000,1,DIRECT_5000,1,UNIQUE_RECONSTRUCTION,1,UNIQUE_RECONSTRUCTION,0
3,A358,5000,1,DIRECT_5000,1,UNIQUE_RECONSTRUCTION,1,UNIQUE_RECONSTRUCTION,0
3,A359,1169.70854302966,0,NO_ENDPOINT_UNWRAP,1,UNIQUE_RECONSTRUCTION,1,UNIQUE_RECONSTRUCTION,0
3,A360,894.26331305287,0,NO_ENDPOINT_UNWRAP,1,UNIQUE_RECONSTRUCTION,1,UNIQUE_RECONSTRUCTION,0
3,A361,1016.60813700445,0,NO_ENDPOINT_UNWRAP,1,UNIQUE_RECONSTRUCTION,1,UNIQUE_RECONSTRUCTION,0
3,A362,3572.56132645471,0,NO_ENDPOINT_UNWRAP,1,UNIQUE_RECONSTRUCTION,1,UNIQUE_RECONSTRUCTION,0
3,A363,4508.64473911168,0,NO_ENDPOINT_UNWRAP,1,UNIQUE_RECONSTRUCTION,1,UNIQUE_RECONSTRUCTION,0
3,A364,5000,1,DIRECT_5000,1,UNIQUE_RECONSTRUCTION,1,UNIQUE_RECONSTRUCTION,0
3,A365,1067.93004343111,0,NO_ENDPOINT_UNWRAP,1,UNIQUE_RECONSTRUCTION,1,UNIQUE_RECONSTRUCTION,0
3,A366,533.66128803095,0,NO_ENDPOINT_UNWRAP,1,UNIQUE_RECONSTRUCTION,1,UNIQUE_RECONSTRUCTION,0
3,A367,4503.32754166859,0,NO_ENDPOINT_UNWRAP,1,UNIQUE_RECONSTRUCTION,1,UNIQUE_RECONSTRUCTION,0
3,A368,4105.73668694713,0,NO_ENDPOINT_UNWRAP,1,UNIQUE_RECONSTRUCTION,1,UNIQUE_RECONSTRUCTION,0
3,A369,881.262725683091,0,NO_ENDPOINT_UNWRAP,1,UNIQUE_RECONSTRUCTION,1,UNIQUE_RECONSTRUCTION,0
3,A370,5000,1,DIRECT_5000,1,UNIQUE_RECONSTRUCTION,1,UNIQUE_RECONSTRUCTION,0
3,A371,1303.09036824859,0,NO_ENDPOINT_UNWRAP,1,UNIQUE_RECONSTRUCTION,1,UNIQUE_RECONSTRUCTION,0
3,A372,5000,1,DIRECT_5000,1,UNIQUE_RECONSTRUCTION,1,UNIQUE_RECONSTRUCTION,0
3,A373,5000,1,DIRECT_5000,1,UNIQUE_RECONSTRUCTION,1,UNIQUE_RECONSTRUCTION,0
3,A374,4296.34215837076,0,NO_ENDPOINT_UNWRAP,1,UNIQUE_RECONSTRUCTION,1,UNIQUE_RECONSTRUCTION,0
3,A375,911.494663134396,0,NO_ENDPOINT_UNWRAP,1,UNIQUE_RECONSTRUCTION,1,UNIQUE_RECONSTRUCTION,0
3,A376,1341.3685670014,0,NO_ENDPOINT_UNWRAP,1,UNIQUE_RECONSTRUCTION,1,UNIQUE_RECONSTRUCTION,0
3,A377,5000,1,DIRECT_5000,1,UNIQUE_RECONSTRUCTION,1,UNIQUE_RECONSTRUCTION,0
3,A378,4541.62487768027,0,NO_ENDPOINT_UNWRAP,1,UNIQUE_RECONSTRUCTION,1,UNIQUE_RECONSTRUCTION,0
3,A379,5000,1,DIRECT_5000,1,UNIQUE_RECONSTRUCTION,1,UNIQUE_RECONSTRUCTION,0
3,A380,5000.00000000001,1,DIRECT_5000,1,UNIQUE_RECONSTRUCTION,1,UNIQUE_RECONSTRUCTION,0
3,A381,4168.36454623819,0,NO_ENDPOINT_UNWRAP,1,UNIQUE_RECONSTRUCTION,1,UNIQUE_RECONSTRUCTION,0
3,A382,4977.96547913873,0,NO_ENDPOINT_UNWRAP,1,UNIQUE_RECONSTRUCTION,1,UNIQUE_RECONSTRUCTION,0
3,A383,1514.13310299847,0,NO_ENDPOINT_UNWRAP,1,UNIQUE_RECONSTRUCTION,1,UNIQUE_RECONSTRUCTION,0
3,A384,5000,1,DIRECT_5000,1,UNIQUE_RECONSTRUCTION,1,UNIQUE_RECONSTRUCTION,0
3,A385,5000,1,DIRECT_5000,1,UNIQUE_RECONSTRUCTION,1,UNIQUE_RECONSTRUCTION,0
3,A386,4309.28897913351,0,NO_ENDPOINT_UNWRAP,1,UNIQUE_RECONSTRUCTION,1,UNIQUE_RECONSTRUCTION,0
3,A387,5000,1,DIRECT_5000,1,UNIQUE_RECONSTRUCTION,1,UNIQUE_RECONSTRUCTION,0
3,A388,4080.59288349671,0,NO_ENDPOINT_UNWRAP,1,UNIQUE_RECONSTRUCTION,1,UNIQUE_RECONSTRUCTION,0
3,A389,4904.30107336559,0,NO_ENDPOINT_UNWRAP,1,UNIQUE_RECONSTRUCTION,1,UNIQUE_RECONSTRUCTION,0
3,A390,4911.87016671171,0,NO_ENDPOINT_UNWRAP,1,UNIQUE_RECONSTRUCTION,1,UNIQUE_RECONSTRUCTION,0
3,A391,3843.49710319746,0,NO_ENDPOINT_UNWRAP,1,UNIQUE_RECONSTRUCTION,1,UNIQUE_RECONSTRUCTION,0
3,A392,3485.86689700153,0,NO_ENDPOINT_UNWRAP,1,UNIQUE_RECONSTRUCTION,1,UNIQUE_RECONSTRUCTION,0
3,A393,4195.09741469954,0,NO_ENDPOINT_UNWRAP,1,UNIQUE_RECONSTRUCTION,1,UNIQUE_RECONSTRUCTION,0
3,A394,5000,1,DIRECT_5000,1,UNIQUE_RECONSTRUCTION,1,UNIQUE_RECONSTRUCTION,0
3,A395,3932.06995656888,0,NO_ENDPOINT_UNWRAP,1,UNIQUE_RECONSTRUCTION,1,UNIQUE_RECONSTRUCTION,0
3,A396,4695.54112112537,0,NO_ENDPOINT_UNWRAP,1,UNIQUE_RECONSTRUCTION,1,UNIQUE_RECONSTRUCTION,0
3,A397,5000,1,DIRECT_5000,1,UNIQUE_RECONSTRUCTION,1,UNIQUE_RECONSTRUCTION,0
3,A398,4018.61202373739,0,NO_ENDPOINT_UNWRAP,1,UNIQUE_RECONSTRUCTION,1,UNIQUE_RECONSTRUCTION,0
3,A399,912.704745364744,0,NO_ENDPOINT_UNWRAP,1,UNIQUE_RECONSTRUCTION,1,UNIQUE_RECONSTRUCTION,0
3,A400,605.068179852784,0,NO_ENDPOINT_UNWRAP,1,UNIQUE_RECONSTRUCTION,1,UNIQUE_RECONSTRUCTION,0
3,A401,1339.52263637702,0,NO_ENDPOINT_UNWRAP,1,UNIQUE_RECONSTRUCTION,1,UNIQUE_RECONSTRUCTION,0
3,A402,3866.12514579897,0,NO_ENDPOINT_UNWRAP,1,UNIQUE_RECONSTRUCTION,1,UNIQUE_RECONSTRUCTION,0
3,A403,3777.41966060062,0,NO_ENDPOINT_UNWRAP,1,UNIQUE_RECONSTRUCTION,1,UNIQUE_RECONSTRUCTION,0
3,A404,5000,1,DIRECT_5000,1,UNIQUE_RECONSTRUCTION,1,UNIQUE_RECONSTRUCTION,0
3,A405,4999.99999999999,1,DIRECT_5000,1,UNIQUE_RECONSTRUCTION,1,UNIQUE_RECONSTRUCTION,0
3,A406,2058.38780314568,0,NO_ENDPOINT_UNWRAP,1,UNIQUE_RECONSTRUCTION,1,UNIQUE_RECONSTRUCTION,0
3,A407,1370.52386487611,0,NO_ENDPOINT_UNWRAP,2,AMBIGUOUS,3,AMBIGUOUS,0
3,A408,1726.9768992687,0,NO_ENDPOINT_UNWRAP,1,UNIQUE_RECONSTRUCTION,1,UNIQUE_RECONSTRUCTION,0
3,A409,5000,1,DIRECT_5000,1,UNIQUE_RECONSTRUCTION,1,UNIQUE_RECONSTRUCTION,0
3,A410,4002.99783730032,0,NO_ENDPOINT_UNWRAP,2,AMBIGUOUS,3,AMBIGUOUS,0
3,A411,4555.10390298357,0,NO_ENDPOINT_UNWRAP,1,UNIQUE_RECONSTRUCTION,1,UNIQUE_RECONSTRUCTION,0
3,A412,2289.95349874687,0,NO_ENDPOINT_UNWRAP,1,UNIQUE_RECONSTRUCTION,1,UNIQUE_RECONSTRUCTION,0
3,A413,4639.94149979009,0,NO_ENDPOINT_UNWRAP,1,UNIQUE_RECONSTRUCTION,1,UNIQUE_RECONSTRUCTION,0
3,A414,1020.81691033838,0,NO_ENDPOINT_UNWRAP,1,UNIQUE_RECONSTRUCTION,1,UNIQUE_RECONSTRUCTION,0
3,A415,4517.04299910179,0,NO_ENDPOINT_UNWRAP,1,UNIQUE_RECONSTRUCTION,1,UNIQUE_RECONSTRUCTION,0
3,A416,3478.70078524956,0,NO_ENDPOINT_UNWRAP,1,UNIQUE_RECONSTRUCTION,1,UNIQUE_RECONSTRUCTION,0
3,A417,1268.29495055118,0,NO_ENDPOINT_UNWRAP,1,UNIQUE_RECONSTRUCTION,1,UNIQUE_RECONSTRUCTION,0
3,A418,3004.53900865855,0,NO_ENDPOINT_UNWRAP,1,UNIQUE_RECONSTRUCTION,1,UNIQUE_RECONSTRUCTION,0
3,A419,3429.28924354136,0,NO_ENDPOINT_UNWRAP,1,UNIQUE_RECONSTRUCTION,1,UNIQUE_RECONSTRUCTION,0
3,A420,1926.28834567294,0,NO_ENDPOINT_UNWRAP,1,UNIQUE_RECONSTRUCTION,1,UNIQUE_RECONSTRUCTION,0
3,A421,4634.87361748108,0,NO_ENDPOINT_UNWRAP,1,UNIQUE_RECONSTRUCTION,1,UNIQUE_RECONSTRUCTION,0
3,A422,3405.32114895935,0,NO_ENDPOINT_UNWRAP,1,UNIQUE_RECONSTRUCTION,1,UNIQUE_RECONSTRUCTION,0
3,A423,565.054587845842,0,NO_ENDPOINT_UNWRAP,1,UNIQUE_RECONSTRUCTION,1,UNIQUE_RECONSTRUCTION,0
3,A424,3550.25852141096,0,NO_ENDPOINT_UNWRAP,1,UNIQUE_RECONSTRUCTION,1,UNIQUE_RECONSTRUCTION,0
3,A425,4394.93182014721,0,NO_ENDPOINT_UNWRAP,1,UNIQUE_RECONSTRUCTION,1,UNIQUE_RECONSTRUCTION,0
3,A426,674.319202673029,0,NO_ENDPOINT_UNWRAP,1,UNIQUE_RECONSTRUCTION,1,UNIQUE_RECONSTRUCTION,0
3,A427,2670.3402218322,0,NO_ENDPOINT_UNWRAP,1,UNIQUE_RECONSTRUCTION,1,UNIQUE_RECONSTRUCTION,0
3,A428,4438.28169518884,0,NO_ENDPOINT_UNWRAP,1,UNIQUE_RECONSTRUCTION,1,UNIQUE_RECONSTRUCTION,0
3,A429,3164.97109680155,0,NO_ENDPOINT_UNWRAP,1,UNIQUE_RECONSTRUCTION,1,UNIQUE_RECONSTRUCTION,0
3,A430,5000,1,DIRECT_5000,1,UNIQUE_RECONSTRUCTION,1,UNIQUE_RECONSTRUCTION,0
3,A431,3738.11773349679,0,NO_ENDPOINT_UNWRAP,1,UNIQUE_RECONSTRUCTION,1,UNIQUE_RECONSTRUCTION,0
3,A432,4434.94541215416,0,NO_ENDPOINT_UNWRAP,1,UNIQUE_RECONSTRUCTION,1,UNIQUE_RECONSTRUCTION,0
3,A433,1018.09999875675,0,NO_ENDPOINT_UNWRAP,1,UNIQUE_RECONSTRUCTION,1,UNIQUE_RECONSTRUCTION,0
3,A434,4087.29525463526,0,NO_ENDPOINT_UNWRAP,1,UNIQUE_RECONSTRUCTION,1,UNIQUE_RECONSTRUCTION,0
3,A435,3392.20276373514,0,NO_ENDPOINT_UNWRAP,1,UNIQUE_RECONSTRUCTION,1,UNIQUE_RECONSTRUCTION,0
3,A436,4694.60360116403,0,NO_ENDPOINT_UNWRAP,1,UNIQUE_RECONSTRUCTION,1,UNIQUE_RECONSTRUCTION,0
3,A437,5000,1,DIRECT_5000,1,UNIQUE_RECONSTRUCTION,1,UNIQUE_RECONSTRUCTION,0
3,A438,644.708591127967,0,NO_ENDPOINT_UNWRAP,1,UNIQUE_RECONSTRUCTION,1,UNIQUE_RECONSTRUCTION,0
3,A439,3731.70504944882,0,NO_ENDPOINT_UNWRAP,1,UNIQUE_RECONSTRUCTION,1,UNIQUE_RECONSTRUCTION,0
3,A440,656.612880149495,0,NO_ENDPOINT_UNWRAP,1,UNIQUE_RECONSTRUCTION,1,UNIQUE_RECONSTRUCTION,0
3,A441,4085.29670989942,0,NO_ENDPOINT_UNWRAP,2,AMBIGUOUS,3,AMBIGUOUS,0
3,A442,1140.02731766198,0,NO_ENDPOINT_UNWRAP,1,UNIQUE_RECONSTRUCTION,1,UNIQUE_RECONSTRUCTION,0
3,A443,3159.53961503674,0,NO_ENDPOINT_UNWRAP,1,UNIQUE_RECONSTRUCTION,1,UNIQUE_RECONSTRUCTION,0
3,A444,3948.06644981402,0,NO_ENDPOINT_UNWRAP,1,UNIQUE_RECONSTRUCTION,1,UNIQUE_RECONSTRUCTION,0
3,A445,3323.90535787994,0,NO_ENDPOINT_UNWRAP,2,AMBIGUOUS,3,AMBIGUOUS,0
3,A446,5000,1,DIRECT_5000,1,UNIQUE_RECONSTRUCTION,1,UNIQUE_RECONSTRUCTION,0
3,A447,2649.4309333865,0,NO_ENDPOINT_UNWRAP,1,UNIQUE_RECONSTRUCTION,1,UNIQUE_RECONSTRUCTION,0
3,A448,2941.61219685432,0,NO_ENDPOINT_UNWRAP,1,UNIQUE_RECONSTRUCTION,1,UNIQUE_RECONSTRUCTION,0
3,A449,4129.57261625149,0,NO_ENDPOINT_UNWRAP,1,UNIQUE_RECONSTRUCTION,1,UNIQUE_RECONSTRUCTION,0
3,A450,2502.87175150866,0,NO_ENDPOINT_UNWRAP,1,UNIQUE_RECONSTRUCTION,1,UNIQUE_RECONSTRUCTION,0
3,A451,4102.12197558475,0,NO_ENDPOINT_UNWRAP,1,UNIQUE_RECONSTRUCTION,1,UNIQUE_RECONSTRUCTION,0
3,A452,2502.40172362162,0,NO_ENDPOINT_UNWRAP,1,UNIQUE_RECONSTRUCTION,1,UNIQUE_RECONSTRUCTION,0
3,A453,5000,1,DIRECT_5000,1,UNIQUE_RECONSTRUCTION,1,UNIQUE_RECONSTRUCTION,0
3,A454,2782.1878034517,0,NO_ENDPOINT_UNWRAP,1,UNIQUE_RECONSTRUCTION,1,UNIQUE_RECONSTRUCTION,0
3,A455,3440.24766298556,0,NO_ENDPOINT_UNWRAP,1,UNIQUE_RECONSTRUCTION,1,UNIQUE_RECONSTRUCTION,0
3,A456,2502.15905539493,0,NO_ENDPOINT_UNWRAP,1,UNIQUE_RECONSTRUCTION,1,UNIQUE_RECONSTRUCTION,0
3,A457,3859.97268233801,0,NO_ENDPOINT_UNWRAP,1,UNIQUE_RECONSTRUCTION,1,UNIQUE_RECONSTRUCTION,0
3,A458,2329.6597781678,0,NO_ENDPOINT_UNWRAP,1,UNIQUE_RECONSTRUCTION,1,UNIQUE_RECONSTRUCTION,0
3,A459,4188.03275943499,0,NO_ENDPOINT_UNWRAP,1,UNIQUE_RECONSTRUCTION,1,UNIQUE_RECONSTRUCTION,0
3,A460,5000,1,DIRECT_5000,1,UNIQUE_RECONSTRUCTION,1,UNIQUE_RECONSTRUCTION,0
3,A461,2314.3239712419,0,NO_ENDPOINT_UNWRAP,1,UNIQUE_RECONSTRUCTION,1,UNIQUE_RECONSTRUCTION,0
3,A462,3528.7768458041,0,NO_ENDPOINT_UNWRAP,1,UNIQUE_RECONSTRUCTION,1,UNIQUE_RECONSTRUCTION,0
3,A463,2424.22470404117,0,NO_ENDPOINT_UNWRAP,1,UNIQUE_RECONSTRUCTION,1,UNIQUE_RECONSTRUCTION,0
3,A464,2694.22579578813,0,NO_ENDPOINT_UNWRAP,1,UNIQUE_RECONSTRUCTION,1,UNIQUE_RECONSTRUCTION,0
3,A465,1478.20023687318,0,NO_ENDPOINT_UNWRAP,1,UNIQUE_RECONSTRUCTION,1,UNIQUE_RECONSTRUCTION,0
3,A466,2280.39609365513,0,NO_ENDPOINT_UNWRAP,1,UNIQUE_RECONSTRUCTION,1,UNIQUE_RECONSTRUCTION,0
3,A467,4353.87207481267,0,NO_ENDPOINT_UNWRAP,1,UNIQUE_RECONSTRUCTION,1,UNIQUE_RECONSTRUCTION,0
3,A468,5000,1,DIRECT_5000,1,UNIQUE_RECONSTRUCTION,1,UNIQUE_RECONSTRUCTION,0
3,A469,2288.39955989747,0,NO_ENDPOINT_UNWRAP,2,AMBIGUOUS,3,AMBIGUOUS,0
3,A470,2283.00437946937,0,NO_ENDPOINT_UNWRAP,2,AMBIGUOUS,3,AMBIGUOUS,0
3,A471,2437.3543625018,0,NO_ENDPOINT_UNWRAP,1,UNIQUE_RECONSTRUCTION,1,UNIQUE_RECONSTRUCTION,0
3,A472,3833.53100532821,0,NO_ENDPOINT_UNWRAP,1,UNIQUE_RECONSTRUCTION,1,UNIQUE_RECONSTRUCTION,0
3,A473,1894.71353463894,0,NO_ENDPOINT_UNWRAP,1,UNIQUE_RECONSTRUCTION,1,UNIQUE_RECONSTRUCTION,0
3,A474,939.722531126788,0,NO_ENDPOINT_UNWRAP,1,UNIQUE_RECONSTRUCTION,1,UNIQUE_RECONSTRUCTION,0
3,A475,897.878024415251,0,NO_ENDPOINT_UNWRAP,1,UNIQUE_RECONSTRUCTION,1,UNIQUE_RECONSTRUCTION,0
3,A476,4632.08996543516,0,NO_ENDPOINT_UNWRAP,1,UNIQUE_RECONSTRUCTION,1,UNIQUE_RECONSTRUCTION,0
3,A477,1808.25933949856,0,NO_ENDPOINT_UNWRAP,1,UNIQUE_RECONSTRUCTION,1,UNIQUE_RECONSTRUCTION,0
3,A478,2118.58631190606,0,NO_ENDPOINT_UNWRAP,1,UNIQUE_RECONSTRUCTION,1,UNIQUE_RECONSTRUCTION,0
3,A479,1887.05459794778,0,NO_ENDPOINT_UNWRAP,1,UNIQUE_RECONSTRUCTION,1,UNIQUE_RECONSTRUCTION,0
3,A480,2234.71193815159,0,NO_ENDPOINT_UNWRAP,1,UNIQUE_RECONSTRUCTION,1,UNIQUE_RECONSTRUCTION,0
3,A481,1923.21254301424,0,NO_ENDPOINT_UNWRAP,1,UNIQUE_RECONSTRUCTION,1,UNIQUE_RECONSTRUCTION,0
3,A482,1897.59503084703,0,NO_ENDPOINT_UNWRAP,1,UNIQUE_RECONSTRUCTION,1,UNIQUE_RECONSTRUCTION,0
3,A483,4630.17824695822,0,NO_ENDPOINT_UNWRAP,1,UNIQUE_RECONSTRUCTION,1,UNIQUE_RECONSTRUCTION,0
3,A484,5000,1,DIRECT_5000,1,UNIQUE_RECONSTRUCTION,1,UNIQUE_RECONSTRUCTION,0
3,A485,1557.90756635058,0,NO_ENDPOINT_UNWRAP,1,UNIQUE_RECONSTRUCTION,1,UNIQUE_RECONSTRUCTION,0
3,A486,3177.86105319443,0,NO_ENDPOINT_UNWRAP,2,AMBIGUOUS,3,AMBIGUOUS,0
3,A487,5000,1,DIRECT_5000,1,UNIQUE_RECONSTRUCTION,1,UNIQUE_RECONSTRUCTION,0
3,A488,1595.64251519556,0,NO_ENDPOINT_UNWRAP,2,AMBIGUOUS,3,AMBIGUOUS,0
3,A489,1673.94697484988,0,NO_ENDPOINT_UNWRAP,1,UNIQUE_RECONSTRUCTION,1,UNIQUE_RECONSTRUCTION,0
3,A490,1490.06942095495,0,NO_ENDPOINT_UNWRAP,1,UNIQUE_RECONSTRUCTION,1,UNIQUE_RECONSTRUCTION,0
3,A491,1567.74408518393,0,NO_ENDPOINT_UNWRAP,1,UNIQUE_RECONSTRUCTION,1,UNIQUE_RECONSTRUCTION,0
3,A492,1086.37897171852,0,NO_ENDPOINT_UNWRAP,1,UNIQUE_RECONSTRUCTION,1,UNIQUE_RECONSTRUCTION,0
3,A493,3105.28646536107,0,NO_ENDPOINT_UNWRAP,1,UNIQUE_RECONSTRUCTION,1,UNIQUE_RECONSTRUCTION,0
3,A494,3913.62102828149,0,NO_ENDPOINT_UNWRAP,1,UNIQUE_RECONSTRUCTION,1,UNIQUE_RECONSTRUCTION,0
3,A495,646.127925187326,0,NO_ENDPOINT_UNWRAP,1,UNIQUE_RECONSTRUCTION,1,UNIQUE_RECONSTRUCTION,0
3,A496,1512.89274587724,0,NO_ENDPOINT_UNWRAP,2,AMBIGUOUS,5,AMBIGUOUS,0
3,A497,1649.93993334928,0,NO_ENDPOINT_UNWRAP,1,UNIQUE_RECONSTRUCTION,1,UNIQUE_RECONSTRUCTION,0
3,A498,1209.48823648581,0,NO_ENDPOINT_UNWRAP,1,UNIQUE_RECONSTRUCTION,1,UNIQUE_RECONSTRUCTION,0
3,A499,1148.58733283153,0,NO_ENDPOINT_UNWRAP,1,UNIQUE_RECONSTRUCTION,1,UNIQUE_RECONSTRUCTION,0
3,A500,1639.95347962273,0,NO_ENDPOINT_UNWRAP,1,UNIQUE_RECONSTRUCTION,1,UNIQUE_RECONSTRUCTION,0
3,A501,1600.14228195965,0,NO_ENDPOINT_UNWRAP,1,UNIQUE_RECONSTRUCTION,1,UNIQUE_RECONSTRUCTION,0
3,A502,1141.4659969434,0,NO_ENDPOINT_UNWRAP,1,UNIQUE_RECONSTRUCTION,1,UNIQUE_RECONSTRUCTION,0
3,A503,1181.61633666392,0,NO_ENDPOINT_UNWRAP,1,UNIQUE_RECONSTRUCTION,1,UNIQUE_RECONSTRUCTION,0
3,A504,1288.44457259974,0,NO_ENDPOINT_UNWRAP,1,UNIQUE_RECONSTRUCTION,1,UNIQUE_RECONSTRUCTION,0
3,A505,1463.45856285631,0,NO_ENDPOINT_UNWRAP,1,UNIQUE_RECONSTRUCTION,1,UNIQUE_RECONSTRUCTION,0
3,A506,1034.27501952959,0,NO_ENDPOINT_UNWRAP,1,UNIQUE_RECONSTRUCTION,1,UNIQUE_RECONSTRUCTION,0
3,A507,1031.10633016776,0,NO_ENDPOINT_UNWRAP,1,UNIQUE_RECONSTRUCTION,1,UNIQUE_RECONSTRUCTION,0
3,A508,1571.82766753958,0,NO_ENDPOINT_UNWRAP,1,UNIQUE_RECONSTRUCTION,1,UNIQUE_RECONSTRUCTION,0
3,A509,1065.53029507632,0,NO_ENDPOINT_UNWRAP,1,UNIQUE_RECONSTRUCTION,1,UNIQUE_RECONSTRUCTION,0
3,A510,2091.06626069915,0,NO_ENDPOINT_UNWRAP,1,UNIQUE_RECONSTRUCTION,1,UNIQUE_RECONSTRUCTION,0
3,A511,1308.64464129011,0,NO_ENDPOINT_UNWRAP,2,AMBIGUOUS,5,AMBIGUOUS,0
3,A512,963.4633560579,0,NO_ENDPOINT_UNWRAP,1,UNIQUE_RECONSTRUCTION,1,UNIQUE_RECONSTRUCTION,0
3,A513,1261.8822665032,0,NO_ENDPOINT_UNWRAP,1,UNIQUE_RECONSTRUCTION,1,UNIQUE_RECONSTRUCTION,0
3,A514,911.292016089822,0,NO_ENDPOINT_UNWRAP,1,UNIQUE_RECONSTRUCTION,1,UNIQUE_RECONSTRUCTION,0
3,A515,1274.20891334185,0,NO_ENDPOINT_UNWRAP,1,UNIQUE_RECONSTRUCTION,1,UNIQUE_RECONSTRUCTION,0
3,A516,806.481531517574,0,NO_ENDPOINT_UNWRAP,1,UNIQUE_RECONSTRUCTION,1,UNIQUE_RECONSTRUCTION,0
3,A517,907.509694121695,0,NO_ENDPOINT_UNWRAP,1,UNIQUE_RECONSTRUCTION,1,UNIQUE_RECONSTRUCTION,0
3,A518,584.986327155286,0,NO_ENDPOINT_UNWRAP,1,UNIQUE_RECONSTRUCTION,1,UNIQUE_RECONSTRUCTION,0
3,A519,911.969797272547,0,NO_ENDPOINT_UNWRAP,1,UNIQUE_RECONSTRUCTION,1,UNIQUE_RECONSTRUCTION,0
3,A520,1549.95603994324,0,NO_ENDPOINT_UNWRAP,1,UNIQUE_RECONSTRUCTION,1,UNIQUE_RECONSTRUCTION,0
3,A521,1334.31573317426,0,NO_ENDPOINT_UNWRAP,1,UNIQUE_RECONSTRUCTION,1,UNIQUE_RECONSTRUCTION,0
3,A522,1136.35422869052,0,NO_ENDPOINT_UNWRAP,1,UNIQUE_RECONSTRUCTION,1,UNIQUE_RECONSTRUCTION,0
3,A523,679.335134766083,0,NO_ENDPOINT_UNWRAP,1,UNIQUE_RECONSTRUCTION,1,UNIQUE_RECONSTRUCTION,0
3,A524,2784.27512744999,0,NO_ENDPOINT_UNWRAP,1,UNIQUE_RECONSTRUCTION,1,UNIQUE_RECONSTRUCTION,0
3,A525,657.818778121276,0,NO_ENDPOINT_UNWRAP,1,UNIQUE_RECONSTRUCTION,1,UNIQUE_RECONSTRUCTION,0
3,A526,616.116399103731,0,NO_ENDPOINT_UNWRAP,1,UNIQUE_RECONSTRUCTION,1,UNIQUE_RECONSTRUCTION,0
3,A527,749.338315130985,0,NO_ENDPOINT_UNWRAP,2,AMBIGUOUS,3,AMBIGUOUS,0
3,A528,608.784304055118,0,NO_ENDPOINT_UNWRAP,1,UNIQUE_RECONSTRUCTION,1,UNIQUE_RECONSTRUCTION,0
3,A529,1722.13766497526,0,NO_ENDPOINT_UNWRAP,1,UNIQUE_RECONSTRUCTION,1,UNIQUE_RECONSTRUCTION,0
3,A530,831.340044694939,0,NO_ENDPOINT_UNWRAP,1,UNIQUE_RECONSTRUCTION,1,UNIQUE_RECONSTRUCTION,0
3,A531,1587.28211237536,0,NO_ENDPOINT_UNWRAP,1,UNIQUE_RECONSTRUCTION,1,UNIQUE_RECONSTRUCTION,0
3,A532,914.372872457019,0,NO_ENDPOINT_UNWRAP,2,AMBIGUOUS,5,AMBIGUOUS,0
3,A533,1184.47771030474,0,NO_ENDPOINT_UNWRAP,1,UNIQUE_RECONSTRUCTION,1,UNIQUE_RECONSTRUCTION,0
3,A534,525.697382049068,0,NO_ENDPOINT_UNWRAP,1,UNIQUE_RECONSTRUCTION,1,UNIQUE_RECONSTRUCTION,0
3,A535,577.203678034865,0,NO_ENDPOINT_UNWRAP,1,UNIQUE_RECONSTRUCTION,1,UNIQUE_RECONSTRUCTION,0
