Group,DirectionFamily,PieceCount,TotalAxisLength,LengthError,IsNear5000
1,1,3,4826.18248723817,-173.817512761826,0
1,2,2,5000,1.81898940354586e-12,1
1,3,2,5000,0,1
1,4,1,5000,4.54747350886464e-12,1
1,5,1,5000,2.72848410531878e-12,1
1,6,2,5000,-2.72848410531878e-12,1
1,7,1,4423.31152946422,-576.688470535782,0
2,1,4,4999.99999999999,-8.18545231595635e-12,1
2,2,2,4807.65979998023,-192.340200019774,0
2,3,3,5000.00000000001,9.09494701772928e-12,1
2,4,2,4999.99999999999,-8.18545231595635e-12,1
2,5,2,4951.65715265663,-48.3428473433651,0
2,6,2,5000,1.81898940354586e-12,1
2,7,2,5000,0,1
2,8,2,4546.33519269643,-453.664807303574,0
2,9,3,5000,-3.63797880709171e-12,1
2,10,2,5000,-3.63797880709171e-12,1
2,11,2,5000.00000000001,6.3664629124105e-12,1
2,12,1,5000,2.72848410531878e-12,1
2,13,3,5000,-2.72848410531878e-12,1
2,14,1,4999.99999999999,-5.45696821063757e-12,1
2,15,1,5000,4.54747350886464e-12,1
2,16,1,5000,1.81898940354586e-12,1
2,17,2,5000,-3.63797880709171e-12,1
2,18,1,5000.00000000001,8.18545231595635e-12,1
2,19,2,5000.00000000001,5.45696821063757e-12,1
2,20,2,5000,-1.81898940354586e-12,1
2,21,1,5000,0,1
2,22,1,5000,4.54747350886464e-12,1
2,23,1,5000,9.09494701772928e-13,1
2,24,1,5000,-4.54747350886464e-12,1
2,25,1,5000,1.81898940354586e-12,1
2,26,2,5000,-3.63797880709171e-12,1
2,27,1,5000,3.63797880709171e-12,1
2,28,1,4925.51310143542,-74.486898564579,0
3,1,1,4874.80715336013,-125.192846639873,0
3,2,2,4999.99999999999,-6.3664629124105e-12,1
3,3,2,4363.61573978323,-636.384260216768,0
3,4,3,4999.99999999999,-7.27595761418343e-12,1
3,5,2,5000,0,1
3,6,2,5000,0,1
3,7,2,5000,-1.81898940354586e-12,1
3,8,2,5000,9.09494701772928e-13,1
3,9,3,5000,-1.81898940354586e-12,1
3,10,2,5000,1.81898940354586e-12,1
3,11,3,5000,2.72848410531878e-12,1
3,12,3,5000,3.63797880709171e-12,1
3,13,1,4528.15914247438,-471.840857525615,0
3,14,2,5000,-9.09494701772928e-13,1
3,15,2,5000,9.09494701772928e-13,1
3,16,2,5000,-3.63797880709171e-12,1
3,17,2,5000,1.81898940354586e-12,1
3,18,2,5000,0,1
3,19,3,5000,-3.63797880709171e-12,1
3,20,2,5000,-9.09494701772928e-13,1
3,21,2,5000,9.09494701772928e-13,1
3,22,2,5000,0,1
3,23,2,5000,-3.63797880709171e-12,1
3,24,2,5000,2.72848410531878e-12,1
3,25,2,5000,1.81898940354586e-12,1
3,26,2,5000,4.54747350886464e-12,1
3,27,2,5000,1.81898940354586e-12,1
3,28,2,5000,-4.54747350886464e-12,1
3,29,2,4999.99999999999,-5.45696821063757e-12,1
3,30,2,5000,-9.09494701772928e-13,1
3,31,2,5000,3.63797880709171e-12,1
3,32,2,5000,-1.81898940354586e-12,1
3,33,2,5000,4.54747350886464e-12,1
3,34,2,5000.00000000001,7.27595761418343e-12,1
3,35,2,5000,9.09494701772928e-13,1
3,36,2,5000,9.09494701772928e-13,1
3,37,3,5000,-1.81898940354586e-12,1
3,38,2,4999.99999999999,-8.18545231595635e-12,1
3,39,3,4999.99999999999,-7.27595761418343e-12,1
3,40,2,5000,9.09494701772928e-13,1
3,41,2,5000,-1.81898940354586e-12,1
3,42,2,5000,0,1
3,43,2,5000,0,1
3,44,3,5000,-9.09494701772928e-13,1
3,45,2,5000,-1.81898940354586e-12,1
3,46,2,5000,-9.09494701772928e-13,1
3,47,2,5000,-1.81898940354586e-12,1
3,48,3,5000,-9.09494701772928e-13,1
3,49,1,4990.28278053823,-9.71721946176876,0
3,50,2,4999.99999999999,-5.45696821063757e-12,1
3,51,2,5000,2.72848410531878e-12,1
3,52,1,4658.08876117796,-341.911238822037,0
3,53,2,5000,4.54747350886464e-12,1
3,54,2,4999.99999999999,-5.45696821063757e-12,1
3,55,2,4999.99999999999,-6.3664629124105e-12,1
3,56,3,5000,1.81898940354586e-12,1
3,57,2,5000,0,1
3,58,2,5000.00000000001,6.3664629124105e-12,1
3,59,2,5000,0,1
3,60,2,5000,-2.72848410531878e-12,1
3,61,2,4999.99999999999,-6.3664629124105e-12,1
3,62,2,5000,-3.63797880709171e-12,1
3,63,1,4993.53751413764,-6.46248586236106,0
3,64,2,4626.12367726423,-373.876322735775,0
3,65,2,5000.00000000001,5.45696821063757e-12,1
3,66,2,5000,0,1
3,67,1,4794.64235304177,-205.35764695823,0
3,68,2,5000,1.81898940354586e-12,1
3,69,2,5000,-1.81898940354586e-12,1
3,70,2,4999.99999999999,-5.45696821063757e-12,1
3,71,2,5000,0,1
3,72,2,5000,-9.09494701772928e-13,1
3,73,1,4593.51548495366,-406.484515046343,0
3,74,2,5000,-4.54747350886464e-12,1
3,75,2,5000,0,1
3,76,3,5000,-1.81898940354586e-12,1
3,77,2,5000,4.54747350886464e-12,1
3,78,2,5000,4.54747350886464e-12,1
3,79,2,5000,0,1
3,80,2,4856.59761916435,-143.402380835648,0
3,81,3,4999.99999999999,-7.27595761418343e-12,1
3,82,2,5000,-2.72848410531878e-12,1
3,83,2,5000,-2.72848410531878e-12,1
3,84,2,5000,-3.63797880709171e-12,1
3,85,3,5000,0,1
3,86,2,4904.12158948042,-95.8784105195755,0
3,87,3,4999.99999999999,-9.09494701772928e-12,1
3,88,3,4991.85964978797,-8.14035021203472,0
3,89,3,5000.00000000001,5.45696821063757e-12,1
3,90,2,5000,-3.63797880709171e-12,1
3,91,3,5000,-3.63797880709171e-12,1
3,92,2,5000,-4.54747350886464e-12,1
3,93,1,5000,-1.81898940354586e-12,1
3,94,1,5000,-2.72848410531878e-12,1
3,95,1,5000,-9.09494701772928e-13,1
3,96,2,5000,-3.63797880709171e-12,1
3,97,1,5000,-9.09494701772928e-13,1
3,98,1,5000,4.54747350886464e-12,1
3,99,1,4999.99999999999,-5.45696821063757e-12,1
3,100,1,5000,-1.81898940354586e-12,1
3,101,2,4630.39787806458,-369.602121935418,0
3,102,1,5000,0,1
3,103,2,5000,-3.63797880709171e-12,1
3,104,2,5000,3.63797880709171e-12,1
3,105,1,5000,-2.72848410531878e-12,1
3,106,1,5000,0,1
3,107,1,5000,-3.63797880709171e-12,1
3,108,1,4814.48425745186,-185.515742548142,0
3,109,1,5000,1.81898940354586e-12,1
3,110,2,4999.99999999999,-1.09139364212751e-11,1
3,111,1,5000,3.63797880709171e-12,1
3,112,1,5000.00000000001,8.18545231595635e-12,1
3,113,1,5000,4.54747350886464e-12,1
3,114,1,5000,-3.63797880709171e-12,1
3,115,1,5000,1.81898940354586e-12,1
3,116,1,4833.7867686378,-166.213231362195,0
3,117,1,5000.00000000001,5.45696821063757e-12,1
3,118,1,5000,-4.54747350886464e-12,1
3,119,1,5000,1.81898940354586e-12,1
3,120,3,5000,0,1
3,121,1,5000,2.72848410531878e-12,1
3,122,1,5000,4.54747350886464e-12,1
3,123,2,4999.99999999999,-5.45696821063757e-12,1
3,124,1,5000,0,1
3,125,1,5000,1.81898940354586e-12,1
3,126,1,5000,4.54747350886464e-12,1
3,127,1,5000,2.72848410531878e-12,1
3,128,2,5000,2.72848410531878e-12,1
3,129,1,5000,3.63797880709171e-12,1
3,130,1,5000,0,1
3,131,2,5000,1.81898940354586e-12,1
3,132,2,5000,1.81898940354586e-12,1
3,133,1,4804.00542169829,-195.994578301714,0
3,134,1,5000,-4.54747350886464e-12,1
3,135,2,5000,-9.09494701772928e-13,1
3,136,1,5000,-1.81898940354586e-12,1
3,137,2,5000.00000000001,5.45696821063757e-12,1
3,138,2,5000,4.54747350886464e-12,1
3,139,1,5000,2.72848410531878e-12,1
3,140,1,5000,3.63797880709171e-12,1
3,141,2,5000,-2.72848410531878e-12,1
3,142,1,5000,2.72848410531878e-12,1
3,143,1,4634.68646516899,-365.313534831005,0
3,144,1,4564.22118696735,-435.778813032651,0
3,145,1,5000,1.81898940354586e-12,1
3,146,1,4997.38931275427,-2.61068724573033,0
3,147,2,5000,-1.81898940354586e-12,1
3,148,1,5000,-3.63797880709171e-12,1
3,149,2,5000.00000000001,6.3664629124105e-12,1
3,150,2,5000.00000000001,5.45696821063757e-12,1
3,151,2,5000.00000000001,5.45696821063757e-12,1
3,152,1,4532.156821229,-467.843178771,0
3,153,1,4999.99999999999,-8.18545231595635e-12,1
3,154,1,4999.99999999999,-7.27595761418343e-12,1
3,155,1,5000,-9.09494701772928e-13,1
3,156,2,5000.00000000001,7.27595761418343e-12,1
3,157,1,5000,1.81898940354586e-12,1
3,158,1,5000,9.09494701772928e-13,1
3,159,2,5000,-1.81898940354586e-12,1
3,160,1,5000,1.81898940354586e-12,1
3,161,1,5000,-1.81898940354586e-12,1
3,162,2,5000,-1.81898940354586e-12,1
3,163,1,5000,4.54747350886464e-12,1
3,164,1,4999.99999999999,-5.45696821063757e-12,1
3,165,2,5000,-3.63797880709171e-12,1
3,166,1,5000,9.09494701772928e-13,1
3,167,2,5000,0,1
3,168,1,5000,9.09494701772928e-13,1
3,169,1,5000,-1.81898940354586e-12,1
3,170,1,4728.58759313997,-271.412406860032,0
3,171,1,5000,-2.72848410531878e-12,1
3,172,1,5000,-2.72848410531878e-12,1
3,173,1,4540.804961644,-459.195038356004,0
3,174,3,4999.99999999999,-5.45696821063757e-12,1
3,175,2,5000.00000000001,7.27595761418343e-12,1
3,176,3,5000,-3.63797880709171e-12,1
3,177,1,5000,2.72848410531878e-12,1
3,178,1,5000,1.81898940354586e-12,1
3,179,2,5000,2.72848410531878e-12,1
3,180,1,5000,-9.09494701772928e-13,1
3,181,1,5000.00000000001,6.3664629124105e-12,1
3,182,1,4620.62460134513,-379.375398654874,0
3,183,3,5000,4.54747350886464e-12,1
3,184,2,5000,1.81898940354586e-12,1
3,185,1,5000,-1.81898940354586e-12,1
3,186,2,5000.00000000001,6.3664629124105e-12,1
3,187,2,5000,2.72848410531878e-12,1
3,188,1,5000,4.54747350886464e-12,1
3,189,3,5000,0,1
3,190,1,5000,-9.09494701772928e-13,1
3,191,2,5000,0,1
3,192,1,4587.0763405977,-412.923659402301,0
3,193,1,5000,2.72848410531878e-12,1
3,194,1,5000,-9.09494701772928e-13,1
3,195,1,5000,-2.72848410531878e-12,1
3,196,1,5000.00000000001,5.45696821063757e-12,1
3,197,2,4999.99999999999,-6.3664629124105e-12,1
3,198,1,5000.00000000001,6.3664629124105e-12,1
3,199,3,5000,0,1
3,200,1,5000,2.72848410531878e-12,1
3,201,1,4999.99999999999,-6.3664629124105e-12,1
3,202,2,5000.00000000001,7.27595761418343e-12,1
3,203,2,4999.99999999999,-5.45696821063757e-12,1
3,204,1,5000.00000000001,5.45696821063757e-12,1
3,205,1,5000,-1.81898940354586e-12,1
3,206,1,5000.00000000001,7.27595761418343e-12,1
3,207,1,5000,4.54747350886464e-12,1
3,208,1,5000,0,1
3,209,1,5000,-9.09494701772928e-13,1
3,210,1,5000,4.54747350886464e-12,1
3,211,1,4941.14986216036,-58.8501378396386,0
3,212,1,5000.00000000001,8.18545231595635e-12,1
3,213,2,5000,-1.81898940354586e-12,1
3,214,1,5000,3.63797880709171e-12,1
3,215,2,5000,-1.81898940354586e-12,1
3,216,1,5000,4.54747350886464e-12,1
3,217,1,5000,9.09494701772928e-13,1
3,218,1,5000,-9.09494701772928e-13,1
3,219,1,5000,0,1
3,220,1,5000,-9.09494701772928e-13,1
3,221,1,5000,4.54747350886464e-12,1
3,222,1,5000,3.63797880709171e-12,1
3,223,1,5000,-3.63797880709171e-12,1
3,224,1,4999.99999999999,-7.27595761418343e-12,1
3,225,1,4957.33929067089,-42.6607093291077,0
3,226,1,4844.16844643241,-155.831553567589,0
3,227,1,4267.81119649178,-732.188803508216,0
3,228,1,5000,1.81898940354586e-12,1
3,229,2,5000,3.63797880709171e-12,1
3,230,1,5000,4.54747350886464e-12,1
3,231,1,5000.00000000001,6.3664629124105e-12,1
3,232,1,5000,3.63797880709171e-12,1
3,233,2,5000,-9.09494701772928e-13,1
3,234,1,5000,-2.72848410531878e-12,1
3,235,2,5000,-4.54747350886464e-12,1
3,236,1,5000,-1.81898940354586e-12,1
3,237,2,5000.00000000001,7.27595761418343e-12,1
3,238,1,5000,0,1
3,239,1,4999.99999999999,-5.45696821063757e-12,1
3,240,1,5000,-1.81898940354586e-12,1
3,241,1,5000,1.81898940354586e-12,1
3,242,1,5000,2.72848410531878e-12,1
3,243,1,5000,1.81898940354586e-12,1
3,244,1,4999.99999999999,-9.09494701772928e-12,1
3,245,1,5000,1.81898940354586e-12,1
3,246,2,5000,4.54747350886464e-12,1
3,247,1,5000,0,1
3,248,1,5000,0,1
3,249,1,4847.92956512635,-152.070434873646,0
3,250,1,5000,3.63797880709171e-12,1
3,251,1,5000,2.72848410531878e-12,1
3,252,1,5000,1.81898940354586e-12,1
3,253,2,5000,0,1
3,254,2,5000,0,1
3,255,1,5000,9.09494701772928e-13,1
3,256,1,5000,-3.63797880709171e-12,1
3,257,1,5000,2.72848410531878e-12,1
3,258,1,5000,-2.72848410531878e-12,1
3,259,2,5000,3.63797880709171e-12,1
3,260,1,5000,-9.09494701772928e-13,1
3,261,1,5000,0,1
3,262,1,4793.50417987968,-206.495820120317,0
3,263,1,5000,0,1
3,264,2,4999.99999999999,-8.18545231595635e-12,1
3,265,1,5000,3.63797880709171e-12,1
3,266,1,5000,-9.09494701772928e-13,1
3,267,1,5000,1.81898940354586e-12,1
3,268,2,5000,9.09494701772928e-13,1
3,269,1,5000,-4.54747350886464e-12,1
3,270,1,5000,3.63797880709171e-12,1
3,271,1,5000.00000000001,6.3664629124105e-12,1
3,272,1,4998.981194219,-1.01880578100099,0
3,273,1,5000,2.72848410531878e-12,1
3,274,1,5000,-1.81898940354586e-12,1
3,275,1,5000,-1.81898940354586e-12,1
3,276,1,5000.00000000001,5.45696821063757e-12,1
3,277,1,4581.83853070264,-418.161469297359,0
3,278,1,5000,0,1
3,279,2,4999.99999999999,-8.18545231595635e-12,1
3,280,1,5000,4.54747350886464e-12,1
3,281,2,5000,4.54747350886464e-12,1
3,282,1,5000,-4.54747350886464e-12,1
3,283,1,5000,0,1
3,284,1,5000,4.54747350886464e-12,1
3,285,1,5000,3.63797880709171e-12,1
3,286,1,5000,4.54747350886464e-12,1
3,287,1,4999.99999999999,-5.45696821063757e-12,1
3,288,2,4999.99999999999,-6.3664629124105e-12,1
3,289,1,5000,0,1
3,290,1,5000,-1.81898940354586e-12,1
3,291,2,5000,9.09494701772928e-13,1
3,292,1,5000,1.81898940354586e-12,1
3,293,1,5000,0,1
3,294,2,5000.00000000001,5.45696821063757e-12,1
3,295,1,4937.90565426453,-62.0943457354688,0
3,296,2,5000,-2.72848410531878e-12,1
3,297,1,5000,-2.72848410531878e-12,1
3,298,1,5000,-1.81898940354586e-12,1
3,299,1,5000,0,1
3,300,2,5000,-2.72848410531878e-12,1
3,301,1,4508.64473911168,-491.355260888316,0
3,302,1,5000,3.63797880709171e-12,1
3,303,2,4999.99999999999,-5.45696821063757e-12,1
3,304,1,4503.32754166859,-496.672458331413,0
3,305,1,5000,1.81898940354586e-12,1
3,306,1,5000,-2.72848410531878e-12,1
3,307,1,5000,4.54747350886464e-12,1
3,308,2,4914.49250043472,-85.5074995652803,0
3,309,1,5000,0,1
3,310,1,4541.62487768027,-458.375122319732,0
3,311,1,5000,-9.09494701772928e-13,1
3,312,1,5000.00000000001,7.27595761418343e-12,1
3,313,1,4977.96547913873,-22.0345208612698,0
3,314,2,5000,-1.81898940354586e-12,1
3,315,1,5000,9.09494701772928e-13,1
3,316,1,5000,0,1
3,317,1,5000,0,1
3,318,1,4904.30107336559,-95.6989266344144,0
3,319,1,4911.87016671171,-88.1298332882861,0
3,320,1,5000,1.81898940354586e-12,1
3,321,1,4695.54112112537,-304.458878874627,0
3,322,1,5000,0,1
3,323,2,5000.00000000001,6.3664629124105e-12,1
3,324,2,4999.99999999999,-6.3664629124105e-12,1
3,325,3,5000,3.63797880709171e-12,1
3,326,1,5000,0,1
3,327,1,4999.99999999999,-7.27595761418343e-12,1
3,328,2,5000,0,1
3,329,1,5000,2.72848410531878e-12,1
3,330,1,4555.10390298357,-444.896097016428,0
3,331,1,4639.94149979009,-360.058500209911,0
3,332,1,4517.04299910179,-482.957000898211,0
3,333,2,5000,-1.81898940354586e-12,1
3,334,1,4634.87361748108,-365.126382518919,0
3,335,2,5000,2.72848410531878e-12,1
3,336,2,5000,-1.81898940354586e-12,1
3,337,1,5000,-9.09494701772928e-13,1
3,338,2,4999.99999999999,-1.00044417195022e-11,1
3,339,1,4694.60360116403,-305.396398835969,0
3,340,1,5000,-9.09494701772928e-13,1
3,341,2,4999.99999999999,-6.3664629124105e-12,1
3,342,1,5000,0,1
3,343,1,4129.57261625149,-870.427383748505,0
3,344,2,5000,-3.63797880709171e-12,1
3,345,1,5000,-4.54747350886464e-12,1
3,346,1,5000,-2.72848410531878e-12,1
3,347,2,5000,-1.81898940354586e-12,1
3,348,1,5000,1.81898940354586e-12,1
3,349,2,5000.00000000001,7.27595761418343e-12,1
3,350,1,4632.08996543516,-367.910034564844,0
3,351,1,4630.17824695822,-369.821753041782,0
3,352,1,5000,-9.09494701772928e-13,1
3,353,1,5000,1.81898940354586e-12,1
3,354,2,5000,3.63797880709171e-12,1
