Group,Model,GroupPieceCount,ParentCount,ParentID,ParentPieceCount,RecordIDs,TotalAxisLength,TouchesXMin,TouchesXMax,TouchesYMin,TouchesYMax,TouchesZMin,TouchesZMax
1,M0,12,12,1,1,1,2447.81384794709,1,0,0,0,0,0
1,M0,12,12,2,1,2,2315.53436981696,1,0,0,0,0,0
1,M0,12,12,3,1,3,1062.14117897414,1,0,0,0,0,0
1,M0,12,12,4,1,4,5000,0,0,0,0,0,0
1,M0,12,12,5,1,5,5000,0,0,0,0,0,0
1,M0,12,12,6,1,6,1419.64670679088,0,0,0,0,0,0
1,M0,12,12,7,1,7,3580.35329320912,0,0,0,0,0,0
1,M0,12,12,8,1,8,4423.31152946422,0,1,0,0,0,0
1,M0,12,12,9,1,9,3937.85882102586,0,1,0,0,0,0
1,M0,12,12,10,1,10,2684.46563018304,0,1,0,0,0,0
1,M0,12,12,11,1,11,1019.11725459342,0,0,0,0,0,0
1,M0,12,12,12,1,12,1359.25138469766,0,1,0,0,0,0
1,M1,12,9,1,2,1;12,3807.06523264475,1,1,0,0,0,0
1,M1,12,9,2,2,2;10,5000,1,1,0,0,0,0
1,M1,12,9,3,2,3;9,5000,1,1,0,0,0,0
1,M1,12,9,4,1,4,5000,0,0,0,0,0,0
1,M1,12,9,5,1,5,5000,0,0,0,0,0,0
1,M1,12,9,6,1,6,1419.64670679088,0,0,0,0,0,0
1,M1,12,9,7,1,7,3580.35329320912,0,0,0,0,0,0
1,M1,12,9,8,1,8,4423.31152946422,0,1,0,0,0,0
1,M1,12,9,9,1,11,1019.11725459342,0,0,0,0,0,0
1,M2,12,7,1,3,1;11;12,4826.18248723817,1,1,0,0,0,0
1,M2,12,7,2,2,2;10,5000,1,1,0,0,0,0
1,M2,12,7,3,2,3;9,5000,1,1,0,0,0,0
1,M2,12,7,4,1,4,5000,0,0,0,0,0,0
1,M2,12,7,5,1,5,5000,0,0,0,0,0,0
1,M2,12,7,6,2,6;7,5000,0,0,0,0,0,0
1,M2,12,7,7,1,8,4423.31152946422,0,1,0,0,0,0
2,M0,49,49,1,1,1,1506.09418033954,1,0,0,0,0,0
2,M0,49,49,2,1,2,4230.18584984047,1,0,0,0,0,0
2,M0,49,49,3,1,3,1844.66724462366,1,0,0,0,0,0
2,M0,49,49,4,1,4,3080.12275204436,1,0,0,0,0,0
2,M0,49,49,5,1,5,3017.14422333278,1,0,0,0,0,0
2,M0,49,49,6,1,6,2677.26381858866,1,0,0,0,0,0
2,M0,49,49,7,1,7,1556.48796969499,1,0,0,0,0,0
2,M0,49,49,8,1,8,829.438387900712,1,0,0,0,0,0
2,M0,49,49,9,1,9,1944.05599729246,1,0,0,0,0,0
2,M0,49,49,10,1,10,1874.6776896276,1,0,0,0,0,0
2,M0,49,49,11,1,11,3053.57357536614,1,0,0,0,0,0
2,M0,49,49,12,1,12,5000,0,0,0,0,0,0
2,M0,49,49,13,1,13,2967.30063640691,0,0,0,0,0,0
2,M0,49,49,14,1,14,4999.99999999999,0,0,0,0,0,0
2,M0,49,49,15,1,15,3716.89680479571,0,0,0,0,0,0
2,M0,49,49,16,1,16,5000,0,0,0,0,0,0
2,M0,49,49,17,1,17,1102.18149257544,0,0,0,0,0,0
2,M0,49,49,18,1,18,5000,0,0,0,0,0,0
2,M0,49,49,19,1,19,3746.52557798049,0,0,0,0,0,0
2,M0,49,49,20,1,20,2021.0259153868,0,0,0,0,0,0
2,M0,49,49,21,1,21,5000.00000000001,0,0,0,0,0,0
2,M0,49,49,22,1,22,843.937832660219,0,0,0,0,0,0
2,M0,49,49,23,1,23,3472.01251981556,0,0,0,0,0,0
2,M0,49,49,24,1,24,5000,0,0,0,0,0,0
2,M0,49,49,25,1,25,5000,0,0,0,0,0,0
2,M0,49,49,26,1,26,5000,0,0,0,0,0,0
2,M0,49,49,27,1,27,4156.06216733979,0,0,0,0,0,0
2,M0,49,49,28,1,28,759.724984160844,0,0,0,0,0,0
2,M0,49,49,29,1,29,5000,0,0,0,0,0,0
2,M0,49,49,30,1,30,1272.97437943224,0,0,0,0,0,0
2,M0,49,49,31,1,31,5000,0,0,0,0,0,0
2,M0,49,49,32,1,32,1064.85148373562,0,0,0,0,0,0
2,M0,49,49,33,1,33,5000,0,0,0,0,0,0
2,M0,49,49,34,1,34,4925.51310143542,0,1,0,0,0,0
2,M0,49,49,35,1,35,1253.4744220195,0,0,0,0,0,0
2,M0,49,49,36,1,36,3935.14851626438,0,0,0,0,0,0
2,M0,49,49,37,1,37,1527.98748018443,0,0,0,0,0,0
2,M0,49,49,38,1,38,3443.51203030501,0,1,0,0,0,0
2,M0,49,49,39,1,39,3125.32231037239,0,1,0,0,0,0
2,M0,49,49,40,1,40,927.56174555182,0,0,0,0,0,0
2,M0,49,49,41,1,41,1338.58205286218,0,0,0,0,0,0
2,M0,49,49,42,1,42,2322.73618141134,0,1,0,0,0,0
2,M0,49,49,43,1,43,2227.77100982453,0,1,0,0,0,0
2,M0,49,49,44,1,44,1946.42642463387,0,1,0,0,0,0
2,M0,49,49,45,1,45,1919.87724795563,0,1,0,0,0,0
2,M0,49,49,46,1,46,1934.51292932385,0,1,0,0,0,0
2,M0,49,49,47,1,47,1053.14227422283,0,1,0,0,0,0
2,M0,49,49,48,1,48,1034.91808732073,0,1,0,0,0,0
2,M0,49,49,49,1,49,577.473950139756,0,1,0,0,0,0
2,M1,49,39,1,2,1;47,2559.23645456237,1,1,0,0,0,0
2,M1,49,39,2,2,2;49,4807.65979998023,1,1,0,0,0,0
2,M1,49,39,3,2,3;43,4072.43825444819,1,1,0,0,0,0
2,M1,49,39,4,2,4;45,4999.99999999999,1,1,0,0,0,0
2,M1,49,39,5,2,5;46,4951.65715265663,1,1,0,0,0,0
2,M1,49,39,6,2,6;42,5000,1,1,0,0,0,0
2,M1,49,39,7,2,7;38,5000,1,1,0,0,0,0
2,M1,49,39,8,1,8,829.438387900712,1,0,0,0,0,0
2,M1,49,39,9,2,9;48,2978.9740846132,1,1,0,0,0,0
2,M1,49,39,10,2,10;39,5000,1,1,0,0,0,0
2,M1,49,39,11,2,11;44,5000.00000000001,1,1,0,0,0,0
2,M1,49,39,12,1,12,5000,0,0,0,0,0,0
2,M1,49,39,13,1,13,2967.30063640691,0,0,0,0,0,0
2,M1,49,39,14,1,14,4999.99999999999,0,0,0,0,0,0
2,M1,49,39,15,1,15,3716.89680479571,0,0,0,0,0,0
2,M1,49,39,16,1,16,5000,0,0,0,0,0,0
2,M1,49,39,17,1,17,1102.18149257544,0,0,0,0,0,0
2,M1,49,39,18,1,18,5000,0,0,0,0,0,0
2,M1,49,39,19,1,19,3746.52557798049,0,0,0,0,0,0
2,M1,49,39,20,1,20,2021.0259153868,0,0,0,0,0,0
2,M1,49,39,21,1,21,5000.00000000001,0,0,0,0,0,0
2,M1,49,39,22,1,22,843.937832660219,0,0,0,0,0,0
2,M1,49,39,23,1,23,3472.01251981556,0,0,0,0,0,0
2,M1,49,39,24,1,24,5000,0,0,0,0,0,0
2,M1,49,39,25,1,25,5000,0,0,0,0,0,0
2,M1,49,39,26,1,26,5000,0,0,0,0,0,0
2,M1,49,39,27,1,27,4156.06216733979,0,0,0,0,0,0
2,M1,49,39,28,1,28,759.724984160844,0,0,0,0,0,0
2,M1,49,39,29,1,29,5000,0,0,0,0,0,0
2,M1,49,39,30,1,30,1272.97437943224,0,0,0,0,0,0
2,M1,49,39,31,1,31,5000,0,0,0,0,0,0
2,M1,49,39,32,1,32,1064.85148373562,0,0,0,0,0,0
2,M1,49,39,33,1,33,5000,0,0,0,0,0,0
2,M1,49,39,34,1,34,4925.51310143542,0,1,0,0,0,0
2,M1,49,39,35,1,35,1253.4744220195,0,0,0,0,0,0
2,M1,49,39,36,1,36,3935.14851626438,0,0,0,0,0,0
2,M1,49,39,37,1,37,1527.98748018443,0,0,0,0,0,0
2,M1,49,39,38,1,40,927.56174555182,0,0,0,0,0,0
2,M1,49,39,39,1,41,1338.58205286218,0,0,0,0,0,0
2,M2,49,28,1,4,1;17;41;47,4999.99999999999,1,1,0,0,0,0
2,M2,49,28,2,2,2;49,4807.65979998023,1,1,0,0,0,0
2,M2,49,28,3,3,3;40;43,5000.00000000001,1,1,0,0,0,0
2,M2,49,28,4,2,4;45,4999.99999999999,1,1,0,0,0,0
2,M2,49,28,5,2,5;46,4951.65715265663,1,1,0,0,0,0
2,M2,49,28,6,2,6;42,5000,1,1,0,0,0,0
2,M2,49,28,7,2,7;38,5000,1,1,0,0,0,0
2,M2,49,28,8,2,8;15,4546.33519269643,1,0,0,0,0,0
2,M2,49,28,9,3,9;20;48,5000,1,1,0,0,0,0
2,M2,49,28,10,2,10;39,5000,1,1,0,0,0,0
2,M2,49,28,11,2,11;44,5000.00000000001,1,1,0,0,0,0
2,M2,49,28,12,1,12,5000,0,0,0,0,0,0
2,M2,49,28,13,3,13;28;30,5000,0,0,0,0,0,0
2,M2,49,28,14,1,14,4999.99999999999,0,0,0,0,0,0
2,M2,49,28,15,1,16,5000,0,0,0,0,0,0
2,M2,49,28,16,1,18,5000,0,0,0,0,0,0
2,M2,49,28,17,2,19;35,5000,0,0,0,0,0,0
2,M2,49,28,18,1,21,5000.00000000001,0,0,0,0,0,0
2,M2,49,28,19,2,22;27,5000.00000000001,0,0,0,0,0,0
2,M2,49,28,20,2,23;37,5000,0,0,0,0,0,0
2,M2,49,28,21,1,24,5000,0,0,0,0,0,0
2,M2,49,28,22,1,25,5000,0,0,0,0,0,0
2,M2,49,28,23,1,26,5000,0,0,0,0,0,0
2,M2,49,28,24,1,29,5000,0,0,0,0,0,0
2,M2,49,28,25,1,31,5000,0,0,0,0,0,0
2,M2,49,28,26,2,32;36,5000,0,0,0,0,0,0
2,M2,49,28,27,1,33,5000,0,0,0,0,0,0
2,M2,49,28,28,1,34,4925.51310143542,0,1,0,0,0,0
3,M0,535,535,1,1,1,4874.80715336013,1,0,0,0,0,0
3,M0,535,535,2,1,2,3536.54143714368,1,0,0,0,0,0
3,M0,535,535,3,1,3,1779.05263698407,1,0,1,0,0,0
3,M0,535,535,4,1,4,1478.06913913149,1,0,0,0,0,0
3,M0,535,535,5,1,5,4422.79632196514,1,0,0,0,0,0
3,M0,535,535,6,1,6,3442.09243364942,1,0,0,0,0,0
3,M0,535,535,7,1,7,2497.59827637837,1,0,0,0,0,0
3,M0,535,535,8,1,8,2497.12824849134,1,0,0,0,0,0
3,M0,535,535,9,1,9,2904.01079087906,1,0,0,0,0,0
3,M0,535,535,10,1,10,4342.18122187873,1,0,0,0,0,0
3,M0,535,535,11,1,11,913.515101427663,1,0,1,0,0,0
3,M0,535,535,12,1,12,2060.38274038113,1,0,0,0,0,0
3,M0,535,535,13,1,13,4528.15914247438,1,0,0,0,0,0
3,M0,535,535,14,1,14,3509.93057904505,1,0,0,0,0,0
3,M0,535,535,15,1,15,804.902585300458,1,0,0,0,0,0
3,M0,535,535,16,1,16,2497.84094460506,1,0,0,0,0,0
3,M0,535,535,17,1,17,981.387976262608,1,0,0,0,0,0
3,M0,535,535,18,1,18,1471.2231541959,1,0,0,0,0,0
3,M0,535,535,19,1,19,882.416415678777,1,0,0,0,0,0
3,M0,535,535,20,1,20,1840.46038496326,1,0,0,0,0,0
3,M0,535,535,21,1,21,3191.74066050144,1,0,0,0,0,0
3,M0,535,535,22,1,22,2765.28806184841,1,0,0,0,0,0
3,M0,535,535,23,1,23,3450.04396005675,1,0,0,0,0,0
3,M0,535,535,24,1,24,3815.52228969526,1,0,0,0,0,0
3,M0,535,535,25,1,25,3665.68426682574,1,0,0,0,0,0
3,M0,535,535,26,1,26,4474.30261795094,1,0,0,0,0,0
3,M0,535,535,27,1,27,2305.77420421187,1,0,0,0,0,0
3,M0,535,535,28,1,28,4036.5366439421,1,0,0,0,0,0
3,M0,535,535,29,1,29,3711.55542740026,1,0,0,0,0,0
3,M0,535,535,30,1,30,831.635453761807,1,0,0,0,0,0
3,M0,535,535,31,1,31,3277.86233502475,1,0,0,0,0,0
3,M0,535,535,32,1,32,3934.46970492368,1,0,0,0,0,0
3,M0,535,535,33,1,33,3432.25591481607,1,0,0,0,0,0
3,M0,535,535,34,1,34,3965.72498047042,1,0,0,0,0,0
3,M0,535,535,35,1,35,3102.40496915297,1,0,0,0,0,0
3,M0,535,535,36,1,36,4168.65995530506,1,0,0,0,0,0
3,M0,535,535,37,1,37,1075.09193562398,1,0,0,0,0,1
3,M0,535,535,38,1,38,561.718304811153,1,0,0,0,0,0
3,M0,535,535,39,1,39,811.0214235043,1,0,0,0,0,1
3,M0,535,535,40,1,40,2217.8121965483,1,0,0,0,0,0
3,M0,535,535,41,1,41,4193.51846848242,1,0,0,0,0,0
3,M0,535,535,42,1,42,1222.58033939938,1,0,0,0,0,0
3,M0,535,535,43,1,43,1570.71075645864,1,0,0,0,0,0
3,M0,535,535,44,1,44,1001.77543944703,1,0,0,0,0,0
3,M0,535,535,45,1,45,2719.60390634487,1,0,0,0,0,0
3,M0,535,535,46,1,46,1133.87485420103,1,0,0,0,0,0
3,M0,535,535,47,1,47,1521.29921475044,1,0,0,0,0,0
3,M0,535,535,48,1,48,1869.02361591365,1,0,0,0,0,1
3,M0,535,535,49,1,49,4990.28278053823,1,0,0,0,0,0
3,M0,535,535,50,1,50,3790.51176351418,1,0,0,0,0,0
3,M0,535,535,51,1,51,1166.46899467179,1,0,0,0,0,0
3,M0,535,535,52,1,52,4658.08876117796,1,0,0,0,0,0
3,M0,535,535,53,1,53,3360.04652037727,1,0,0,0,0,0
3,M0,535,535,54,1,54,2350.56906661349,1,0,0,0,0,0
3,M0,535,535,55,1,55,3112.94540205222,1,0,0,0,0,0
3,M0,535,535,56,1,56,527.676800319801,1,0,0,0,1,0
3,M0,535,535,57,1,57,3858.5340030566,1,0,0,0,0,0
3,M0,535,535,58,1,58,1835.02890319845,1,0,0,0,0,0
3,M0,535,535,59,1,59,3851.41266716847,1,0,0,0,0,0
3,M0,535,535,60,1,60,3412.71788762464,1,0,0,0,0,0
3,M0,535,535,61,1,61,3968.89366983223,1,0,0,0,0,0
3,M0,535,535,62,1,62,2685.67602875809,1,0,0,0,0,0
3,M0,535,535,63,1,63,4993.53751413764,1,0,0,0,0,0
3,M0,535,535,64,1,64,4041.13735010894,1,0,0,0,0,0
3,M0,535,535,65,1,65,3350.06006665072,1,0,0,0,0,0
3,M0,535,535,66,1,66,1051.93355018598,1,0,0,0,0,0
3,M0,535,535,67,1,67,4794.64235304177,1,0,0,0,0,0
3,M0,535,535,68,1,68,4092.49030587831,1,0,0,0,0,0
3,M0,535,535,69,1,69,703.657841629242,1,0,0,0,0,0
3,M0,535,535,70,1,70,3863.64577130947,1,0,0,0,0,0
3,M0,535,535,71,1,71,2881.41368809394,1,0,0,0,0,0
3,M0,535,535,72,1,72,3326.05302515012,1,0,0,0,0,0
3,M0,535,535,73,1,73,4593.51548495366,1,0,0,0,0,1
3,M0,535,535,74,1,74,690.711020866485,1,0,0,0,0,0
3,M0,535,535,75,1,75,3725.79108665815,1,0,0,0,0,0
3,M0,535,535,76,1,76,2952.02824550811,1,0,0,0,1,0
3,M0,535,535,77,1,77,4320.66486523392,1,0,0,0,0,0
3,M0,535,535,78,1,78,919.407116503299,1,0,0,0,0,0
3,M0,535,535,79,1,79,3399.85771804035,1,0,0,0,0,0
3,M0,535,535,80,1,80,771.300909264929,1,0,0,0,0,0
3,M0,535,535,81,1,81,1870.00052923577,1,0,0,1,0,0
3,M0,535,535,82,1,82,811.96724056501,1,0,0,0,0,0
3,M0,535,535,83,1,83,2575.77529595882,1,0,0,0,0,0
3,M0,535,535,84,1,84,4088.70798391017,1,0,0,0,0,0
3,M0,535,535,85,1,85,1668.3304045978,1,0,0,1,0,0
3,M0,535,535,86,1,86,3595.47694819031,1,0,0,0,0,0
3,M0,535,535,87,1,87,700.403163458043,1,0,0,0,0,0
3,M0,535,535,88,1,88,827.249017764548,1,0,0,0,1,0
3,M0,535,535,89,1,89,2066.89184897457,1,0,0,0,0,0
3,M0,535,535,90,1,90,1594.67885104065,1,0,0,0,0,0
3,M0,535,535,91,1,91,661.256218116935,1,0,0,1,0,0
3,M0,535,535,92,1,92,3800.25416017011,0,0,0,0,0,1
3,M0,535,535,93,1,93,5000,0,0,0,0,0,0
3,M0,535,535,94,1,94,5000,0,0,0,0,0,0
3,M0,535,535,95,1,95,5000,0,0,0,0,0,0
3,M0,535,535,96,1,96,1531.44317552721,0,0,0,0,1,0
3,M0,535,535,97,1,97,5000,0,0,0,0,0,0
3,M0,535,535,98,1,98,5000,0,0,0,0,0,0
3,M0,535,535,99,1,99,1302.20977112235,0,0,0,1,0,0
3,M0,535,535,100,1,100,4999.99999999999,0,0,0,0,0,0
3,M0,535,535,101,1,101,5000,0,0,0,0,0,0
3,M0,535,535,102,1,102,1190.15021507902,0,0,1,0,0,0
3,M0,535,535,103,1,103,5000,0,0,0,0,0,0
3,M0,535,535,104,1,104,3905.22827248758,0,0,0,1,0,0
3,M0,535,535,105,1,105,2910.80889568809,0,0,0,0,1,0
3,M0,535,535,106,1,106,5000,0,0,0,0,0,0
3,M0,535,535,107,1,107,5000,0,0,0,0,0,0
3,M0,535,535,108,1,108,5000,0,0,0,0,0,0
3,M0,535,535,109,1,109,4814.48425745186,0,0,0,1,0,0
3,M0,535,535,110,1,110,1080.12043594506,0,0,0,0,0,1
3,M0,535,535,111,1,111,5000,0,0,0,0,0,0
3,M0,535,535,112,1,112,705.212623967009,0,0,0,0,1,0
3,M0,535,535,113,1,113,5000,0,0,0,0,0,0
3,M0,535,535,114,1,114,5000.00000000001,0,0,0,0,0,0
3,M0,535,535,115,1,115,5000,0,0,0,0,0,0
3,M0,535,535,116,1,116,5000,0,0,0,0,0,0
3,M0,535,535,117,1,117,5000,0,0,0,0,0,0
3,M0,535,535,118,1,118,4833.7867686378,0,0,0,0,1,0
3,M0,535,535,119,1,119,5000.00000000001,0,0,0,0,0,0
3,M0,535,535,120,1,120,5000,0,0,0,0,0,0
3,M0,535,535,121,1,121,3468.55682447278,0,0,0,0,0,1
3,M0,535,535,122,1,122,5000,0,0,0,0,0,0
3,M0,535,535,123,1,123,2099.37127947342,0,0,1,0,0,0
3,M0,535,535,124,1,124,3722.62738277933,0,0,1,0,0,0
3,M0,535,535,125,1,125,5000,0,0,0,0,0,0
3,M0,535,535,126,1,126,5000,0,0,0,0,0,0
3,M0,535,535,127,1,127,2212.29056922531,0,0,0,1,0,0
3,M0,535,535,128,1,128,5000,0,0,0,0,0,0
3,M0,535,535,129,1,129,712.473863303729,0,0,0,1,1,0
3,M0,535,535,130,1,130,2188.15485722285,0,0,0,0,0,1
3,M0,535,535,131,1,131,5000,0,0,0,0,0,0
3,M0,535,535,132,1,132,4294.78737603298,0,0,0,0,0,1
3,M0,535,535,133,1,133,3580.19427244057,0,0,0,0,1,0
3,M0,535,535,134,1,134,2651.71788614618,0,0,0,0,0,1
3,M0,535,535,135,1,135,1094.77172751241,0,0,1,0,0,0
3,M0,535,535,136,1,136,5000,0,0,0,0,0,0
3,M0,535,535,137,1,137,5000,0,0,0,0,0,0
3,M0,535,535,138,1,138,4297.11991408837,0,0,0,0,1,0
3,M0,535,535,139,1,139,1038.93321006507,0,0,1,0,0,0
3,M0,535,535,140,1,140,1199.74583982989,0,0,0,0,1,0
3,M0,535,535,141,1,141,5000,0,0,0,0,0,0
3,M0,535,535,142,1,142,1487.55370187422,0,0,0,0,1,0
3,M0,535,535,143,1,143,2787.70943077468,0,0,1,0,0,0
3,M0,535,535,144,1,144,5000,0,0,0,0,0,0
3,M0,535,535,145,1,145,1225.26841466554,0,0,0,0,1,0
3,M0,535,535,146,1,146,1759.84192786261,0,0,1,0,0,0
3,M0,535,535,147,1,147,4332.51149395308,0,0,0,0,0,1
3,M0,535,535,148,1,148,4804.00542169829,0,0,0,0,0,1
3,M0,535,535,149,1,149,5000,0,0,0,0,0,0
3,M0,535,535,150,1,150,2116.56423481571,0,0,0,1,0,0
3,M0,535,535,151,1,151,5000,0,0,0,0,0,0
3,M0,535,535,152,1,152,4015.66027169416,0,0,0,1,0,0
3,M0,535,535,153,1,153,1820.96286391131,0,0,0,1,0,0
3,M0,535,535,154,1,154,5000,0,0,0,0,0,0
3,M0,535,535,155,1,155,5000,0,0,0,0,0,0
3,M0,535,535,156,1,156,3936.06202969232,0,0,0,0,0,1
3,M0,535,535,157,1,157,5000,0,0,0,0,0,0
3,M0,535,535,158,1,158,4634.68646516899,0,0,0,0,0,1
3,M0,535,535,159,1,159,4564.22118696735,0,0,0,1,0,0
3,M0,535,535,160,1,160,5000,0,0,0,0,0,0
3,M0,535,535,161,1,161,4997.38931275427,0,0,1,0,0,0
3,M0,535,535,162,1,162,3179.03713608869,0,0,1,0,0,0
3,M0,535,535,163,1,163,2193.43489022273,0,0,1,0,0,0
3,M0,535,535,164,1,164,5000,0,0,0,0,0,0
3,M0,535,535,165,1,165,1714.28308421033,0,0,0,0,0,1
3,M0,535,535,166,1,166,3983.39186299556,0,0,1,0,0,0
3,M0,535,535,167,1,167,559.223064247723,0,0,0,0,0,1
3,M0,535,535,168,1,168,4532.156821229,0,0,0,1,0,0
3,M0,535,535,169,1,169,1207.76384107211,0,0,0,0,1,0
3,M0,535,535,170,1,170,4999.99999999999,0,0,0,0,0,0
3,M0,535,535,171,1,171,4999.99999999999,0,0,0,0,0,0
3,M0,535,535,172,1,172,5000,0,0,0,0,0,0
3,M0,535,535,173,1,173,3774.73158533446,0,0,0,0,0,1
3,M0,535,535,174,1,174,2292.64918281482,0,0,0,0,0,1
3,M0,535,535,175,1,175,5000,0,0,0,0,0,0
3,M0,535,535,176,1,176,5000,0,0,0,0,0,0
3,M0,535,535,177,1,177,4323.19445208131,0,0,0,0,0,1
3,M0,535,535,178,1,178,2584.56310279916,0,0,0,0,0,1
3,M0,535,535,179,1,179,4440.77693575228,0,0,0,0,1,0
3,M0,535,535,180,1,180,5000,0,0,0,0,0,0
3,M0,535,535,181,1,181,5000,0,0,0,0,0,0
3,M0,535,535,182,1,182,2301.16502332824,0,0,0,1,0,0
3,M0,535,535,183,1,183,5000,0,0,0,0,0,0
3,M0,535,535,184,1,184,4999.99999999999,0,0,0,0,0,0
3,M0,535,535,185,1,185,1507.08805693065,0,0,0,0,1,0
3,M0,535,535,186,1,186,5000,0,0,0,0,0,0
3,M0,535,535,187,1,187,702.880085911635,0,0,0,0,0,1
3,M0,535,535,188,1,188,4466.33871196905,0,0,0,0,0,1
3,M0,535,535,189,1,189,984.339728305846,0,0,1,0,0,0
3,M0,535,535,190,1,190,5000,0,0,0,0,0,0
3,M0,535,535,191,1,191,5000,0,0,0,0,0,0
3,M0,535,535,192,1,192,4728.58759313997,0,0,0,0,0,1
3,M0,535,535,193,1,193,5000,0,0,0,0,0,0
3,M0,535,535,194,1,194,5000,0,0,0,0,0,0
3,M0,535,535,195,1,195,3492.91194306935,0,0,0,0,0,1
3,M0,535,535,196,1,196,4540.804961644,0,0,1,0,0,0
3,M0,535,535,197,1,197,2794.32269310754,0,0,1,0,0,0
3,M0,535,535,198,1,198,3707.37065546017,0,0,1,0,0,0
3,M0,535,535,199,1,199,715.989966532897,0,0,0,1,0,1
3,M0,535,535,200,1,200,1489.68734035956,0,0,0,0,1,0
3,M0,535,535,201,1,201,1662.79929088666,0,0,0,1,0,0
3,M0,535,535,202,1,202,5000,0,0,0,0,0,0
3,M0,535,535,203,1,203,5000,0,0,0,0,0,0
3,M0,535,535,204,1,204,4384.08315640866,0,0,0,1,0,0
3,M0,535,535,205,1,205,5000,0,0,0,0,0,0
3,M0,535,535,206,1,206,5000.00000000001,0,0,0,0,0,0
3,M0,535,535,207,1,207,4620.62460134513,0,0,0,0,0,1
3,M0,535,535,208,1,208,2917.96802848347,0,0,1,0,0,0
3,M0,535,535,209,1,209,1136.00195721934,0,0,0,0,0,1
3,M0,535,535,210,1,210,2939.89401740938,0,0,0,0,0,1
3,M0,535,535,211,1,211,5000,0,0,0,0,0,0
3,M0,535,535,212,1,212,3696.90963175142,0,0,0,1,0,0
3,M0,535,535,213,1,213,2801.99766413508,0,0,0,1,0,0
3,M0,535,535,214,1,214,5000,0,0,0,0,0,0
3,M0,535,535,215,1,215,622.589126458353,0,0,0,0,1,0
3,M0,535,535,216,1,216,5000,0,0,0,0,0,0
3,M0,535,535,217,1,217,4123.50004025937,0,0,0,1,0,0
3,M0,535,535,218,1,218,2707.35081718519,0,0,0,0,1,0
3,M0,535,535,219,1,219,4587.0763405977,0,0,0,0,0,1
3,M0,535,535,220,1,220,5000,0,0,0,0,0,0
3,M0,535,535,221,1,221,5000,0,0,0,0,0,0
3,M0,535,535,222,1,222,5000,0,0,0,0,0,0
3,M0,535,535,223,1,223,5000.00000000001,0,0,0,0,0,0
3,M0,535,535,224,1,224,3042.81663141002,0,0,1,0,0,0
3,M0,535,535,225,1,225,5000.00000000001,0,0,0,0,0,0
3,M0,535,535,226,1,226,2347.12211264691,0,0,1,0,0,0
3,M0,535,535,227,1,227,2883.43576518429,0,0,1,0,0,0
3,M0,535,535,228,1,228,5000,0,0,0,0,0,0
3,M0,535,535,229,1,229,4999.99999999999,0,0,0,0,0,0
3,M0,535,535,230,1,230,3830.29145697035,0,0,0,0,0,1
3,M0,535,535,231,1,231,1778.70169108243,0,0,0,0,1,0
3,M0,535,535,232,1,232,531.642412043764,0,0,0,1,1,0
3,M0,535,535,233,1,233,5000.00000000001,0,0,0,0,0,0
3,M0,535,535,234,1,234,2410.9795098861,0,0,1,0,0,1
3,M0,535,535,235,1,235,3221.29830891757,0,0,0,0,0,1
3,M0,535,535,236,1,236,2257.25840961064,0,0,1,0,0,1
3,M0,535,535,237,1,237,1550.38955947277,0,0,0,0,0,1
3,M0,535,535,238,1,238,5000,0,0,0,0,0,0
3,M0,535,535,239,1,239,3285.71691578968,0,0,0,0,1,0
3,M0,535,535,240,1,240,5000.00000000001,0,0,0,0,0,0
3,M0,535,535,241,1,241,876.499959740629,0,0,1,0,0,0
3,M0,535,535,242,1,242,5000,0,0,0,0,0,0
3,M0,535,535,243,1,243,676.80554791869,0,0,0,0,1,0
3,M0,535,535,244,1,244,1072.06215025698,0,0,0,1,0,1
3,M0,535,535,245,1,245,5000,0,0,0,0,0,0
3,M0,535,535,246,1,246,2698.83497667175,0,0,1,0,0,0
3,M0,535,535,247,1,247,5000,0,0,0,0,0,0
3,M0,535,535,248,1,248,5000,0,0,0,0,0,0
3,M0,535,535,249,1,249,4941.14986216036,0,0,0,1,0,0
3,M0,535,535,250,1,250,5000.00000000001,0,0,0,0,0,0
3,M0,535,535,251,1,251,3981.90000124325,0,0,0,0,1,0
3,M0,535,535,252,1,252,615.91684359134,0,0,1,0,0,0
3,M0,535,535,253,1,253,5000,0,0,0,0,0,0
3,M0,535,535,254,1,254,787.488553358562,0,0,0,1,0,0
3,M0,535,535,255,1,255,5000,0,0,0,0,0,0
3,M0,535,535,256,1,256,1580.8157370961,0,0,0,0,1,0
3,M0,535,535,257,1,257,5000,0,0,0,0,0,0
3,M0,535,535,258,1,258,2089.19110431191,0,0,0,0,0,1
3,M0,535,535,259,1,259,5000,0,0,0,0,0,0
3,M0,535,535,260,1,260,5000,0,0,0,0,0,0
3,M0,535,535,261,1,261,5000,0,0,0,0,0,0
3,M0,535,535,262,1,262,5000,0,0,0,0,0,0
3,M0,535,535,263,1,263,2060.10598259062,0,0,0,0,1,0
3,M0,535,535,264,1,264,5000,0,0,0,0,0,0
3,M0,535,535,265,1,265,5000,0,0,0,0,0,0
3,M0,535,535,266,1,266,4999.99999999999,0,0,0,0,0,0
3,M0,535,535,267,1,267,4957.33929067089,0,0,0,1,0,0
3,M0,535,535,268,1,268,4844.16844643241,0,0,1,0,0,0
3,M0,535,535,269,1,269,4267.81119649178,0,0,0,0,0,1
3,M0,535,535,270,1,270,5000,0,0,0,0,0,0
3,M0,535,535,271,1,271,3930.02113943689,0,0,1,0,0,0
3,M0,535,535,272,1,272,2806.56510977727,0,0,0,1,0,0
3,M0,535,535,273,1,273,4212.51144664144,0,0,1,0,0,0
3,M0,535,535,274,1,274,5000,0,0,0,0,0,0
3,M0,535,535,275,1,275,5000.00000000001,0,0,0,0,0,0
3,M0,535,535,276,1,276,5000,0,0,0,0,0,0
3,M0,535,535,277,1,277,2874.34986829384,0,0,0,0,0,1
3,M0,535,535,278,1,278,5000,0,0,0,0,0,0
3,M0,535,535,279,1,279,4118.7372743169,0,0,1,0,0,0
3,M0,535,535,280,1,280,5000,0,0,0,0,0,0
3,M0,535,535,281,1,281,3260.35486012245,0,0,1,0,0,0
3,M0,535,535,282,1,282,5000,0,0,0,0,0,0
3,M0,535,535,283,1,283,1079.9422995027,0,0,0,0,1,0
3,M0,535,535,284,1,284,4999.99999999999,0,0,0,0,0,0
3,M0,535,535,285,1,285,5000,0,0,0,0,0,0
3,M0,535,535,286,1,286,5000,0,0,0,0,0,0
3,M0,535,535,287,1,287,5000,0,0,0,0,0,0
3,M0,535,535,288,1,288,5000,0,0,0,0,0,0
3,M0,535,535,289,1,289,4999.99999999999,0,0,0,0,0,0
3,M0,535,535,290,1,290,1063.93797030767,0,0,0,0,1,0
3,M0,535,535,291,1,291,5000,0,0,0,0,0,0
3,M0,535,535,292,1,292,664.571804287634,0,0,0,0,1,0
3,M0,535,535,293,1,293,5000,0,0,0,0,0,0
3,M0,535,535,294,1,294,5000,0,0,0,0,0,0
3,M0,535,535,295,1,295,4847.92956512635,0,0,1,0,0,0
3,M0,535,535,296,1,296,5000,0,0,0,0,0,0
3,M0,535,535,297,1,297,1966.43136365555,0,0,0,1,0,0
3,M0,535,535,298,1,298,5000,0,0,0,0,0,0
3,M0,535,535,299,1,299,5000,0,0,0,0,0,0
3,M0,535,535,300,1,300,1069.97886056311,0,0,0,1,0,0
3,M0,535,535,301,1,301,3658.6314329986,0,0,1,0,0,0
3,M0,535,535,302,1,302,1454.10096490555,0,0,1,0,0,0
3,M0,535,535,303,1,303,5000,0,0,0,0,0,0
3,M0,535,535,304,1,304,2198.00233586492,0,0,1,0,0,0
3,M0,535,535,305,1,305,5000,0,0,0,0,0,0
3,M0,535,535,306,1,306,5000,0,0,0,0,0,0
3,M0,535,535,307,1,307,3545.89903509446,0,0,0,1,0,0
3,M0,535,535,308,1,308,4335.42819571237,0,0,0,0,0,1
3,M0,535,535,309,1,309,5000,0,0,0,0,0,0
3,M0,535,535,310,1,310,1739.64513987756,0,0,0,1,0,0
3,M0,535,535,311,1,311,3273.0231007313,0,0,0,0,0,1
3,M0,535,535,312,1,312,5000,0,0,0,0,0,0
3,M0,535,535,313,1,313,5000,0,0,0,0,0,0
3,M0,535,535,314,1,314,4793.50417987968,0,0,1,0,0,0
3,M0,535,535,315,1,315,1957.18336858997,0,0,0,1,0,0
3,M0,535,535,316,1,316,5000,0,0,0,0,0,0
3,M0,535,535,317,1,317,2629.61794473875,0,0,0,0,0,1
3,M0,535,535,318,1,318,5000,0,0,0,0,0,0
3,M0,535,535,319,1,319,5000,0,0,0,0,0,0
3,M0,535,535,320,1,320,5000,0,0,0,0,0,0
3,M0,535,535,321,1,321,3979.18308966163,0,0,0,0,1,0
3,M0,535,535,322,1,322,5000,0,0,0,0,0,0
3,M0,535,535,323,1,323,5000,0,0,0,0,0,0
3,M0,535,535,324,1,324,5000.00000000001,0,0,0,0,0,0
3,M0,535,535,325,1,325,4998.981194219,0,0,1,0,0,0
3,M0,535,535,326,1,326,5000,0,0,0,0,0,0
3,M0,535,535,327,1,327,5000,0,0,0,0,0,0
3,M0,535,535,328,1,328,5000,0,0,0,0,0,0
3,M0,535,535,329,1,329,5000.00000000001,0,0,0,0,0,0
3,M0,535,535,330,1,330,4581.83853070264,0,0,1,0,0,0
3,M0,535,535,331,1,331,5000,0,0,0,0,0,0
3,M0,535,535,332,1,332,1391.5287687711,0,0,0,0,1,0
3,M0,535,535,333,1,333,5000,0,0,0,0,0,0
3,M0,535,535,334,1,334,3521.79976312683,0,0,0,0,1,0
3,M0,535,535,335,1,335,3608.47123122889,0,0,0,0,0,1
3,M0,535,535,336,1,336,5000,0,0,0,0,0,0
3,M0,535,535,337,1,337,5000,0,0,0,0,0,0
3,M0,535,535,338,1,338,5000,0,0,0,0,0,0
3,M0,535,535,339,1,339,5000,0,0,0,0,0,0
3,M0,535,535,340,1,340,5000,0,0,0,0,0,0
3,M0,535,535,341,1,341,4999.99999999999,0,0,0,0,0,0
3,M0,535,535,342,1,342,1427.43867354528,0,0,1,0,0,0
3,M0,535,535,343,1,343,5000,0,0,0,0,0,0
3,M0,535,535,344,1,344,5000,0,0,0,0,0,0
3,M0,535,535,345,1,345,2370.38205526124,0,0,0,0,1,0
3,M0,535,535,346,1,346,827.213344498678,0,0,0,0,1,0
3,M0,535,535,347,1,347,5000,0,0,0,0,0,0
3,M0,535,535,348,1,348,5000,0,0,0,0,0,0
3,M0,535,535,349,1,349,667.488506046921,0,0,0,0,1,0
3,M0,535,535,350,1,350,1156.50289680255,0,0,0,1,0,0
3,M0,535,535,351,1,351,4937.90565426453,0,1,0,0,0,0
3,M0,535,535,352,1,352,1995.46099134144,0,0,0,1,0,0
3,M0,535,535,353,1,353,5000,0,0,0,0,0,0
3,M0,535,535,354,1,354,4172.78665550132,0,0,0,0,0,1
3,M0,535,535,355,1,355,2125.65013170616,0,0,0,0,1,0
3,M0,535,535,356,1,356,1292.62934453984,0,0,0,1,0,0
3,M0,535,535,357,1,357,5000,0,0,0,0,0,0
3,M0,535,535,358,1,358,5000,0,0,0,0,0,0
3,M0,535,535,359,1,359,1169.70854302966,0,0,0,0,1,0
3,M0,535,535,360,1,360,894.26331305287,0,0,0,1,0,0
3,M0,535,535,361,1,361,1016.60813700445,0,0,0,1,0,0
3,M0,535,535,362,1,362,3572.56132645471,0,0,0,1,0,0
3,M0,535,535,363,1,363,4508.64473911168,0,1,0,0,0,0
3,M0,535,535,364,1,364,5000,0,0,0,0,0,0
3,M0,535,535,365,1,365,1067.93004343111,0,0,0,0,1,0
3,M0,535,535,366,1,366,533.66128803095,0,0,0,0,1,0
3,M0,535,535,367,1,367,4503.32754166859,0,1,0,0,0,0
3,M0,535,535,368,1,368,4105.73668694713,0,0,1,0,0,0
3,M0,535,535,369,1,369,881.262725683091,0,0,0,1,0,0
3,M0,535,535,370,1,370,5000,0,0,0,0,0,0
3,M0,535,535,371,1,371,1303.09036824859,0,0,1,0,0,0
3,M0,535,535,372,1,372,5000,0,0,0,0,0,0
3,M0,535,535,373,1,373,5000,0,0,0,0,0,0
3,M0,535,535,374,1,374,4296.34215837076,0,1,0,0,0,0
3,M0,535,535,375,1,375,911.494663134396,0,0,1,0,0,0
3,M0,535,535,376,1,376,1341.3685670014,0,0,0,1,0,0
3,M0,535,535,377,1,377,5000,0,0,0,0,0,0
3,M0,535,535,378,1,378,4541.62487768027,0,0,0,1,0,0
3,M0,535,535,379,1,379,5000,0,0,0,0,0,0
3,M0,535,535,380,1,380,5000.00000000001,0,0,0,0,0,0
3,M0,535,535,381,1,381,4168.36454623819,0,1,0,0,0,0
3,M0,535,535,382,1,382,4977.96547913873,0,0,1,0,0,0
3,M0,535,535,383,1,383,1514.13310299847,0,0,1,0,0,0
3,M0,535,535,384,1,384,5000,0,0,0,0,0,0
3,M0,535,535,385,1,385,5000,0,0,0,0,0,0
3,M0,535,535,386,1,386,4309.28897913351,0,1,0,0,0,0
3,M0,535,535,387,1,387,5000,0,0,0,0,0,0
3,M0,535,535,388,1,388,4080.59288349671,0,1,0,0,0,0
3,M0,535,535,389,1,389,4904.30107336559,0,1,0,0,0,0
3,M0,535,535,390,1,390,4911.87016671171,0,0,1,0,0,0
3,M0,535,535,391,1,391,3843.49710319746,0,0,1,0,0,0
3,M0,535,535,392,1,392,3485.86689700153,0,0,0,1,0,0
3,M0,535,535,393,1,393,4195.09741469954,0,1,0,0,0,0
3,M0,535,535,394,1,394,5000,0,0,0,0,0,0
3,M0,535,535,395,1,395,3932.06995656888,0,0,0,0,0,1
3,M0,535,535,396,1,396,4695.54112112537,0,0,0,0,0,1
3,M0,535,535,397,1,397,5000,0,0,0,0,0,0
3,M0,535,535,398,1,398,4018.61202373739,0,1,0,0,0,0
3,M0,535,535,399,1,399,912.704745364744,0,0,0,0,1,0
3,M0,535,535,400,1,400,605.068179852784,0,0,0,1,0,0
3,M0,535,535,401,1,401,1339.52263637702,0,0,0,0,1,0
3,M0,535,535,402,1,402,3866.12514579897,0,1,0,0,0,0
3,M0,535,535,403,1,403,3777.41966060062,0,1,0,0,0,0
3,M0,535,535,404,1,404,5000,0,0,0,0,0,0
3,M0,535,535,405,1,405,4999.99999999999,0,0,0,0,0,0
3,M0,535,535,406,1,406,2058.38780314568,0,0,0,0,1,0
3,M0,535,535,407,1,407,1370.52386487611,0,0,1,0,0,1
3,M0,535,535,408,1,408,1726.9768992687,0,0,0,0,1,0
3,M0,535,535,409,1,409,5000,0,0,0,0,0,0
3,M0,535,535,410,1,410,4002.99783730032,0,1,0,1,0,0
3,M0,535,535,411,1,411,4555.10390298357,0,1,0,0,0,0
3,M0,535,535,412,1,412,2289.95349874687,0,0,0,1,0,0
3,M0,535,535,413,1,413,4639.94149979009,0,1,0,0,0,0
3,M0,535,535,414,1,414,1020.81691033838,0,0,0,0,0,1
3,M0,535,535,415,1,415,4517.04299910179,0,0,0,0,1,0
3,M0,535,535,416,1,416,3478.70078524956,0,1,0,0,0,0
3,M0,535,535,417,1,417,1268.29495055118,0,0,1,0,0,0
3,M0,535,535,418,1,418,3004.53900865855,0,0,1,0,0,0
3,M0,535,535,419,1,419,3429.28924354136,0,1,0,0,0,0
3,M0,535,535,420,1,420,1926.28834567294,0,0,0,1,0,0
3,M0,535,535,421,1,421,4634.87361748108,0,0,0,0,1,0
3,M0,535,535,422,1,422,3405.32114895935,0,1,0,0,0,0
3,M0,535,535,423,1,423,565.054587845842,0,0,1,0,0,0
3,M0,535,535,424,1,424,3550.25852141096,0,0,1,0,0,0
3,M0,535,535,425,1,425,4394.93182014721,0,0,1,0,0,0
3,M0,535,535,426,1,426,674.319202673029,0,0,0,0,1,0
3,M0,535,535,427,1,427,2670.3402218322,0,0,0,0,1,0
3,M0,535,535,428,1,428,4438.28169518884,0,1,0,0,0,0
3,M0,535,535,429,1,429,3164.97109680155,0,1,0,0,0,0
3,M0,535,535,430,1,430,5000,0,0,0,0,0,0
3,M0,535,535,431,1,431,3738.11773349679,0,0,0,0,0,1
3,M0,535,535,432,1,432,4434.94541215416,0,0,0,1,0,0
3,M0,535,535,433,1,433,1018.09999875675,0,0,0,0,0,1
3,M0,535,535,434,1,434,4087.29525463526,0,0,0,0,0,1
3,M0,535,535,435,1,435,3392.20276373514,0,1,0,0,0,0
3,M0,535,535,436,1,436,4694.60360116403,0,0,1,0,0,0
3,M0,535,535,437,1,437,5000,0,0,0,0,0,0
3,M0,535,535,438,1,438,644.708591127967,0,0,1,0,0,0
3,M0,535,535,439,1,439,3731.70504944882,0,0,0,1,0,0
3,M0,535,535,440,1,440,656.612880149495,0,0,0,0,1,0
3,M0,535,535,441,1,441,4085.29670989942,0,1,0,0,0,1
3,M0,535,535,442,1,442,1140.02731766198,0,0,0,1,0,0
3,M0,535,535,443,1,443,3159.53961503674,0,1,0,0,0,0
3,M0,535,535,444,1,444,3948.06644981402,0,1,0,0,0,0
3,M0,535,535,445,1,445,3323.90535787994,0,1,0,0,0,1
3,M0,535,535,446,1,446,5000,0,0,0,0,0,0
3,M0,535,535,447,1,447,2649.4309333865,0,1,0,0,0,0
3,M0,535,535,448,1,448,2941.61219685432,0,0,0,0,0,1
3,M0,535,535,449,1,449,4129.57261625149,0,0,1,0,0,0
3,M0,535,535,450,1,450,2502.87175150866,0,1,0,0,0,0
3,M0,535,535,451,1,451,4102.12197558475,0,0,0,0,1,0
3,M0,535,535,452,1,452,2502.40172362162,0,1,0,0,0,0
3,M0,535,535,453,1,453,5000,0,0,0,0,0,0
3,M0,535,535,454,1,454,2782.1878034517,0,1,0,0,0,0
3,M0,535,535,455,1,455,3440.24766298556,0,1,0,0,0,0
3,M0,535,535,456,1,456,2502.15905539493,0,1,0,0,0,0
3,M0,535,535,457,1,457,3859.97268233801,0,0,1,0,0,0
3,M0,535,535,458,1,458,2329.6597781678,0,0,0,0,0,1
3,M0,535,535,459,1,459,4188.03275943499,0,1,0,0,0,0
3,M0,535,535,460,1,460,5000,0,0,0,0,0,0
3,M0,535,535,461,1,461,2314.3239712419,0,1,0,0,0,0
3,M0,535,535,462,1,462,3528.7768458041,0,1,0,0,0,0
3,M0,535,535,463,1,463,2424.22470404117,0,1,0,0,0,0
3,M0,535,535,464,1,464,2694.22579578813,0,1,0,0,0,0
3,M0,535,535,465,1,465,1478.20023687318,0,0,0,0,0,1
3,M0,535,535,466,1,466,2280.39609365513,0,1,0,0,0,0
3,M0,535,535,467,1,467,4353.87207481267,0,0,1,0,0,0
3,M0,535,535,468,1,468,5000,0,0,0,0,0,0
3,M0,535,535,469,1,469,2288.39955989747,0,1,0,1,0,0
3,M0,535,535,470,1,470,2283.00437946937,0,1,0,0,0,1
3,M0,535,535,471,1,471,2437.3543625018,0,1,0,0,0,0
3,M0,535,535,472,1,472,3833.53100532821,0,1,0,0,0,0
3,M0,535,535,473,1,473,1894.71353463894,0,0,1,0,0,0
3,M0,535,535,474,1,474,939.722531126788,0,0,0,1,0,0
3,M0,535,535,475,1,475,897.878024415251,0,0,0,0,0,1
3,M0,535,535,476,1,476,4632.08996543516,0,0,0,1,0,0
3,M0,535,535,477,1,477,1808.25933949856,0,1,0,0,0,0
3,M0,535,535,478,1,478,2118.58631190606,0,1,0,0,0,0
3,M0,535,535,479,1,479,1887.05459794778,0,1,0,0,0,0
3,M0,535,535,480,1,480,2234.71193815159,0,1,0,0,0,0
3,M0,535,535,481,1,481,1923.21254301424,0,1,0,0,0,0
3,M0,535,535,482,1,482,1897.59503084703,0,1,0,0,0,0
3,M0,535,535,483,1,483,4630.17824695822,0,0,0,0,0,1
3,M0,535,535,484,1,484,5000,0,0,0,0,0,0
3,M0,535,535,485,1,485,1557.90756635058,0,1,0,0,0,0
3,M0,535,535,486,1,486,3177.86105319443,0,1,1,0,0,0
3,M0,535,535,487,1,487,5000,0,0,0,0,0,0
3,M0,535,535,488,1,488,1595.64251519556,0,1,1,0,0,0
3,M0,535,535,489,1,489,1673.94697484988,0,1,0,0,0,0
3,M0,535,535,490,1,490,1490.06942095495,0,1,0,0,0,0
3,M0,535,535,491,1,491,1567.74408518393,0,1,0,0,0,0
3,M0,535,535,492,1,492,1086.37897171852,0,0,0,0,0,1
3,M0,535,535,493,1,493,3105.28646536107,0,0,0,1,0,0
3,M0,535,535,494,1,494,3913.62102828149,0,0,0,0,1,0
3,M0,535,535,495,1,495,646.127925187326,0,0,0,1,0,0
3,M0,535,535,496,1,496,1512.89274587724,0,1,0,1,0,0
3,M0,535,535,497,1,497,1649.93993334928,0,1,0,0,0,0
3,M0,535,535,498,1,498,1209.48823648581,0,1,0,0,0,0
3,M0,535,535,499,1,499,1148.58733283153,0,1,0,0,0,0
3,M0,535,535,500,1,500,1639.95347962273,0,1,0,0,0,0
3,M0,535,535,501,1,501,1600.14228195965,0,1,0,0,0,0
3,M0,535,535,502,1,502,1141.4659969434,0,1,0,0,0,0
3,M0,535,535,503,1,503,1181.61633666392,0,0,0,1,0,0
3,M0,535,535,504,1,504,1288.44457259974,0,1,0,0,0,0
3,M0,535,535,505,1,505,1463.45856285631,0,1,0,0,0,0
3,M0,535,535,506,1,506,1034.27501952959,0,1,0,0,0,0
3,M0,535,535,507,1,507,1031.10633016776,0,1,0,0,0,0
3,M0,535,535,508,1,508,1571.82766753958,0,1,0,0,0,0
3,M0,535,535,509,1,509,1065.53029507632,0,1,0,0,0,0
3,M0,535,535,510,1,510,2091.06626069915,0,1,0,0,0,0
3,M0,535,535,511,1,511,1308.64464129011,0,1,0,1,0,0
3,M0,535,535,512,1,512,963.4633560579,0,1,0,0,0,0
3,M0,535,535,513,1,513,1261.8822665032,0,0,0,0,1,0
3,M0,535,535,514,1,514,911.292016089822,0,1,0,0,0,0
3,M0,535,535,515,1,515,1274.20891334185,0,1,0,0,0,0
3,M0,535,535,516,1,516,806.481531517574,0,1,0,0,0,0
3,M0,535,535,517,1,517,907.509694121695,0,1,0,0,0,0
3,M0,535,535,518,1,518,584.986327155286,0,0,0,0,0,1
3,M0,535,535,519,1,519,911.969797272547,0,1,0,0,0,0
3,M0,535,535,520,1,520,1549.95603994324,0,1,0,0,0,0
3,M0,535,535,521,1,521,1334.31573317426,0,1,0,0,0,0
3,M0,535,535,522,1,522,1136.35422869052,0,1,0,0,0,0
3,M0,535,535,523,1,523,679.335134766083,0,1,0,0,0,0
3,M0,535,535,524,1,524,2784.27512744999,0,1,0,0,0,0
3,M0,535,535,525,1,525,657.818778121276,0,1,0,0,0,0
3,M0,535,535,526,1,526,616.116399103731,0,1,0,0,0,0
3,M0,535,535,527,1,527,749.338315130985,0,1,0,1,0,0
3,M0,535,535,528,1,528,608.784304055118,0,1,0,0,0,0
3,M0,535,535,529,1,529,1722.13766497526,0,1,0,0,0,0
3,M0,535,535,530,1,530,831.340044694939,0,1,0,0,0,0
3,M0,535,535,531,1,531,1587.28211237536,0,1,0,0,0,0
3,M0,535,535,532,1,532,914.372872457019,0,1,1,0,0,0
3,M0,535,535,533,1,533,1184.47771030474,0,1,0,0,0,0
3,M0,535,535,534,1,534,525.697382049068,0,1,0,0,0,0
3,M0,535,535,535,1,535,577.203678034865,0,1,0,0,0,0
3,M1,535,357,1,1,1,4874.80715336013,1,0,0,0,0,0
3,M1,535,357,2,2,2;505,4999.99999999999,1,1,0,0,0,0
3,M1,535,357,3,1,3,1779.05263698407,1,0,1,0,0,0
3,M1,535,357,4,3,4;420;488,4999.99999999999,1,1,1,1,0,0
3,M1,535,357,5,2,5;535,5000,1,1,0,0,0,0
3,M1,535,357,6,2,6;485,5000,1,1,0,0,0,0
3,M1,535,357,7,2,7;452,5000,1,1,0,0,0,0
3,M1,535,357,8,2,8;450,5000,1,1,0,0,0,0
3,M1,535,357,9,3,9;503;532,5000,1,1,1,1,0,0
3,M1,535,357,10,2,10;525,5000,1,1,0,0,0,0
3,M1,535,357,11,3,11;99;524,5000,1,1,1,1,0,0
3,M1,535,357,12,3,12;440;470,5000,1,1,0,0,1,1
3,M1,535,357,13,1,13,4528.15914247438,1,0,0,0,0,0
3,M1,535,357,14,2,14;490,5000,1,1,0,0,0,0
3,M1,535,357,15,2,15;393,5000,1,1,0,0,0,0
3,M1,535,357,16,2,16;456,5000,1,1,0,0,0,0
3,M1,535,357,17,2,17;398,5000,1,1,0,0,0,0
3,M1,535,357,18,2,18;462,5000,1,1,0,0,0,0
3,M1,535,357,19,3,19;474;486,5000,1,1,1,1,0,0
3,M1,535,357,20,2,20;443,5000,1,1,0,0,0,0
3,M1,535,357,21,2,21;477,5000,1,1,0,0,0,0
3,M1,535,357,22,2,22;480,5000,1,1,0,0,0,0
3,M1,535,357,23,2,23;520,5000,1,1,0,0,0,0
3,M1,535,357,24,2,24;533,5000,1,1,0,0,0,0
3,M1,535,357,25,2,25;521,5000,1,1,0,0,0,0
3,M1,535,357,26,2,26;534,5000,1,1,0,0,0,0
3,M1,535,357,27,2,27;464,5000,1,1,0,0,0,0
3,M1,535,357,28,2,28;512,5000,1,1,0,0,0,0
3,M1,535,357,29,2,29;504,4999.99999999999,1,1,0,0,0,0
3,M1,535,357,30,2,30;381,5000,1,1,0,0,0,0
3,M1,535,357,31,2,31;529,5000,1,1,0,0,0,0
3,M1,535,357,32,2,32;509,5000,1,1,0,0,0,0
3,M1,535,357,33,2,33;491,5000,1,1,0,0,0,0
3,M1,535,357,34,2,34;506,5000.00000000001,1,1,0,0,0,0
3,M1,535,357,35,2,35;482,5000,1,1,0,0,0,0
3,M1,535,357,36,2,36;530,5000,1,1,0,0,0,0
3,M1,535,357,37,3,37;142;471,5000,1,1,0,0,1,1
3,M1,535,357,38,2,38;428,4999.99999999999,1,1,0,0,0,0
3,M1,535,357,39,3,39;133;528,4999.99999999999,1,1,0,0,1,1
3,M1,535,357,40,2,40;454,5000,1,1,0,0,0,0
3,M1,535,357,41,2,41;516,5000,1,1,0,0,0,0
3,M1,535,357,42,2,42;403,5000,1,1,0,0,0,0
3,M1,535,357,43,2,43;419,5000,1,1,0,0,0,0
3,M1,535,357,44,3,44;426;445,5000,1,1,0,0,1,1
3,M1,535,357,45,2,45;466,5000,1,1,0,0,0,0
3,M1,535,357,46,2,46;402,5000,1,1,0,0,0,0
3,M1,535,357,47,2,47;416,5000,1,1,0,0,0,0
3,M1,535,357,48,3,48;169;481,5000,1,1,0,0,1,1
3,M1,535,357,49,1,49,4990.28278053823,1,0,0,0,0,0
3,M1,535,357,50,2,50;498,4999.99999999999,1,1,0,0,0,0
3,M1,535,357,51,2,51;472,5000,1,1,0,0,0,0
3,M1,535,357,52,1,52,4658.08876117796,1,0,0,0,0,0
3,M1,535,357,53,2,53;500,5000,1,1,0,0,0,0
3,M1,535,357,54,2,54;447,4999.99999999999,1,1,0,0,0,0
3,M1,535,357,55,2,55;479,4999.99999999999,1,1,0,0,0,0
3,M1,535,357,56,3,56;110;435,5000,1,1,0,0,1,1
3,M1,535,357,57,2,57;502,5000,1,1,0,0,0,0
3,M1,535,357,58,2,58;429,5000.00000000001,1,1,0,0,0,0
3,M1,535,357,59,2,59;499,5000,1,1,0,0,0,0
3,M1,535,357,60,2,60;531,5000,1,1,0,0,0,0
3,M1,535,357,61,2,61;507,4999.99999999999,1,1,0,0,0,0
3,M1,535,357,62,2,62;461,5000,1,1,0,0,0,0
3,M1,535,357,63,1,63,4993.53751413764,1,0,0,0,0,0
3,M1,535,357,64,1,64,4041.13735010894,1,0,0,0,0,0
3,M1,535,357,65,2,65;497,5000.00000000001,1,1,0,0,0,0
3,M1,535,357,66,2,66;444,5000,1,1,0,0,0,0
3,M1,535,357,67,1,67,4794.64235304177,1,0,0,0,0,0
3,M1,535,357,68,2,68;517,5000,1,1,0,0,0,0
3,M1,535,357,69,2,69;374,5000,1,1,0,0,0,0
3,M1,535,357,70,2,70;522,4999.99999999999,1,1,0,0,0,0
3,M1,535,357,71,2,71;478,5000,1,1,0,0,0,0
3,M1,535,357,72,2,72;489,5000,1,1,0,0,0,0
3,M1,535,357,73,1,73,4593.51548495366,1,0,0,0,0,1
3,M1,535,357,74,2,74;386,5000,1,1,0,0,0,0
3,M1,535,357,75,2,75;515,5000,1,1,0,0,0,0
3,M1,535,357,76,3,76;209;519,5000,1,1,0,0,1,1
3,M1,535,357,77,2,77;523,5000,1,1,0,0,0,0
3,M1,535,357,78,2,78;388,5000,1,1,0,0,0,0
3,M1,535,357,79,2,79;501,5000,1,1,0,0,0,0
3,M1,535,357,80,2,80;441,4856.59761916435,1,1,0,0,0,1
3,M1,535,357,81,3,81;139;510,4999.99999999999,1,1,1,1,0,0
3,M1,535,357,82,2,82;459,5000,1,1,0,0,0,0
3,M1,535,357,83,2,83;463,5000,1,1,0,0,0,0
3,M1,535,357,84,2,84;514,5000,1,1,0,0,0,0
3,M1,535,357,85,3,85;146;508,5000,1,1,1,1,0,0
3,M1,535,357,86,2,86;511,4904.12158948042,1,1,0,1,0,0
3,M1,535,357,87,3,87;424;527,4999.99999999999,1,1,1,1,0,0
3,M1,535,357,88,3,88;134;496,4991.85964978797,1,1,0,1,1,1
3,M1,535,357,89,3,89;438;469,5000.00000000001,1,1,1,1,0,0
3,M1,535,357,90,2,90;422,5000,1,1,0,0,0,0
3,M1,535,357,91,3,91;124;526,5000,1,1,1,1,0,0
3,M1,535,357,92,2,92;140,5000,0,0,0,0,1,1
3,M1,535,357,93,1,93,5000,0,0,0,0,0,0
3,M1,535,357,94,1,94,5000,0,0,0,0,0,0
3,M1,535,357,95,1,95,5000,0,0,0,0,0,0
3,M1,535,357,96,2,96;121,5000,0,0,0,0,1,1
3,M1,535,357,97,1,97,5000,0,0,0,0,0,0
3,M1,535,357,98,1,98,5000,0,0,0,0,0,0
3,M1,535,357,99,1,100,4999.99999999999,0,0,0,0,0,0
3,M1,535,357,100,1,101,5000,0,0,0,0,0,0
3,M1,535,357,101,1,102,1190.15021507902,0,0,1,0,0,0
3,M1,535,357,102,1,103,5000,0,0,0,0,0,0
3,M1,535,357,103,2,104;135,5000,0,0,1,1,0,0
3,M1,535,357,104,2,105;258,5000,0,0,0,0,1,1
3,M1,535,357,105,1,106,5000,0,0,0,0,0,0
3,M1,535,357,106,1,107,5000,0,0,0,0,0,0
3,M1,535,357,107,1,108,5000,0,0,0,0,0,0
3,M1,535,357,108,1,109,4814.48425745186,0,0,0,1,0,0
3,M1,535,357,109,1,111,5000,0,0,0,0,0,0
3,M1,535,357,110,2,112;132,4999.99999999999,0,0,0,0,1,1
3,M1,535,357,111,1,113,5000,0,0,0,0,0,0
3,M1,535,357,112,1,114,5000.00000000001,0,0,0,0,0,0
3,M1,535,357,113,1,115,5000,0,0,0,0,0,0
3,M1,535,357,114,1,116,5000,0,0,0,0,0,0
3,M1,535,357,115,1,117,5000,0,0,0,0,0,0
3,M1,535,357,116,1,118,4833.7867686378,0,0,0,0,1,0
3,M1,535,357,117,1,119,5000.00000000001,0,0,0,0,0,0
3,M1,535,357,118,1,120,5000,0,0,0,0,0,0
3,M1,535,357,119,1,122,5000,0,0,0,0,0,0
3,M1,535,357,120,3,123;129;130,5000,0,0,1,1,1,1
3,M1,535,357,121,1,125,5000,0,0,0,0,0,0
3,M1,535,357,122,1,126,5000,0,0,0,0,0,0
3,M1,535,357,123,2,127;143,4999.99999999999,0,0,1,1,0,0
3,M1,535,357,124,1,128,5000,0,0,0,0,0,0
3,M1,535,357,125,1,131,5000,0,0,0,0,0,0
3,M1,535,357,126,1,136,5000,0,0,0,0,0,0
3,M1,535,357,127,1,137,5000,0,0,0,0,0,0
3,M1,535,357,128,2,138;187,5000,0,0,0,0,1,1
3,M1,535,357,129,1,141,5000,0,0,0,0,0,0
3,M1,535,357,130,1,144,5000,0,0,0,0,0,0
3,M1,535,357,131,2,145;173,5000,0,0,0,0,1,1
3,M1,535,357,132,2,147;349,5000,0,0,0,0,1,1
3,M1,535,357,133,1,148,4804.00542169829,0,0,0,0,0,1
3,M1,535,357,134,1,149,5000,0,0,0,0,0,0
3,M1,535,357,135,2,150;227,5000,0,0,1,1,0,0
3,M1,535,357,136,1,151,5000,0,0,0,0,0,0
3,M1,535,357,137,2,152;189,5000.00000000001,0,0,1,1,0,0
3,M1,535,357,138,2,153;162,5000,0,0,1,1,0,0
3,M1,535,357,139,1,154,5000,0,0,0,0,0,0
3,M1,535,357,140,1,155,5000,0,0,0,0,0,0
3,M1,535,357,141,2,156;290,5000,0,0,0,0,1,1
3,M1,535,357,142,1,157,5000,0,0,0,0,0,0
3,M1,535,357,143,1,158,4634.68646516899,0,0,0,0,0,1
3,M1,535,357,144,1,159,4564.22118696735,0,0,0,1,0,0
3,M1,535,357,145,1,160,5000,0,0,0,0,0,0
3,M1,535,357,146,1,161,4997.38931275427,0,0,1,0,0,0
3,M1,535,357,147,2,163;272,5000,0,0,1,1,0,0
3,M1,535,357,148,1,164,5000,0,0,0,0,0,0
3,M1,535,357,149,2,165;239,5000.00000000001,0,0,0,0,1,1
3,M1,535,357,150,2,166;361,5000.00000000001,0,0,1,1,0,0
3,M1,535,357,151,2,167;179,5000.00000000001,0,0,0,0,1,1
3,M1,535,357,152,1,168,4532.156821229,0,0,0,1,0,0
3,M1,535,357,153,1,170,4999.99999999999,0,0,0,0,0,0
3,M1,535,357,154,1,171,4999.99999999999,0,0,0,0,0,0
3,M1,535,357,155,1,172,5000,0,0,0,0,0,0
3,M1,535,357,156,2,174;218,5000.00000000001,0,0,0,0,1,1
3,M1,535,357,157,1,175,5000,0,0,0,0,0,0
3,M1,535,357,158,1,176,5000,0,0,0,0,0,0
3,M1,535,357,159,2,177;243,5000,0,0,0,0,1,1
3,M1,535,357,160,1,178,2584.56310279916,0,0,0,0,0,1
3,M1,535,357,161,1,180,5000,0,0,0,0,0,0
3,M1,535,357,162,1,181,5000,0,0,0,0,0,0
3,M1,535,357,163,2,182;246,5000,0,0,1,1,0,0
3,M1,535,357,164,1,183,5000,0,0,0,0,0,0
3,M1,535,357,165,1,184,4999.99999999999,0,0,0,0,0,0
3,M1,535,357,166,2,185;195,5000,0,0,0,0,1,1
3,M1,535,357,167,1,186,5000,0,0,0,0,0,0
3,M1,535,357,168,2,188;366,5000,0,0,0,0,1,1
3,M1,535,357,169,1,190,5000,0,0,0,0,0,0
3,M1,535,357,170,1,191,5000,0,0,0,0,0,0
3,M1,535,357,171,1,192,4728.58759313997,0,0,0,0,0,1
3,M1,535,357,172,1,193,5000,0,0,0,0,0,0
3,M1,535,357,173,1,194,5000,0,0,0,0,0,0
3,M1,535,357,174,1,196,4540.804961644,0,0,1,0,0,0
3,M1,535,357,175,3,197;199;200,4999.99999999999,0,0,1,1,1,1
3,M1,535,357,176,2,198;356,5000.00000000001,0,0,1,1,0,0
3,M1,535,357,177,3,201;236;283,5000,0,0,1,1,1,1
3,M1,535,357,178,1,202,5000,0,0,0,0,0,0
3,M1,535,357,179,1,203,5000,0,0,0,0,0,0
3,M1,535,357,180,2,204;252,5000,0,0,1,1,0,0
3,M1,535,357,181,1,205,5000,0,0,0,0,0,0
3,M1,535,357,182,1,206,5000.00000000001,0,0,0,0,0,0
3,M1,535,357,183,1,207,4620.62460134513,0,0,0,0,0,1
3,M1,535,357,184,3,208;232;237,5000,0,0,1,1,1,1
3,M1,535,357,185,2,210;263,5000,0,0,0,0,1,1
3,M1,535,357,186,1,211,5000,0,0,0,0,0,0
3,M1,535,357,187,2,212;371,5000.00000000001,0,0,1,1,0,0
3,M1,535,357,188,2,213;304,5000,0,0,1,1,0,0
3,M1,535,357,189,1,214,5000,0,0,0,0,0,0
3,M1,535,357,190,3,215;234;297,5000,0,0,1,1,1,1
3,M1,535,357,191,1,216,5000,0,0,0,0,0,0
3,M1,535,357,192,2,217;241,5000,0,0,1,1,0,0
3,M1,535,357,193,1,219,4587.0763405977,0,0,0,0,0,1
3,M1,535,357,194,1,220,5000,0,0,0,0,0,0
3,M1,535,357,195,1,221,5000,0,0,0,0,0,0
3,M1,535,357,196,1,222,5000,0,0,0,0,0,0
3,M1,535,357,197,1,223,5000.00000000001,0,0,0,0,0,0
3,M1,535,357,198,2,224;315,4999.99999999999,0,0,1,1,0,0
3,M1,535,357,199,1,225,5000.00000000001,0,0,0,0,0,0
3,M1,535,357,200,3,226;244;256,5000,0,0,1,1,1,1
3,M1,535,357,201,1,228,5000,0,0,0,0,0,0
3,M1,535,357,202,1,229,4999.99999999999,0,0,0,0,0,0
3,M1,535,357,203,2,230;359,5000.00000000001,0,0,0,0,1,1
3,M1,535,357,204,2,231;235,4999.99999999999,0,0,0,0,1,1
3,M1,535,357,205,1,233,5000.00000000001,0,0,0,0,0,0
3,M1,535,357,206,1,238,5000,0,0,0,0,0,0
3,M1,535,357,207,1,240,5000.00000000001,0,0,0,0,0,0
3,M1,535,357,208,1,242,5000,0,0,0,0,0,0
3,M1,535,357,209,1,245,5000,0,0,0,0,0,0
3,M1,535,357,210,1,247,5000,0,0,0,0,0,0
3,M1,535,357,211,1,248,5000,0,0,0,0,0,0
3,M1,535,357,212,1,249,4941.14986216036,0,0,0,1,0,0
3,M1,535,357,213,1,250,5000.00000000001,0,0,0,0,0,0
3,M1,535,357,214,2,251;433,5000,0,0,0,0,1,1
3,M1,535,357,215,1,253,5000,0,0,0,0,0,0
3,M1,535,357,216,2,254;273,5000,0,0,1,1,0,0
3,M1,535,357,217,1,255,5000,0,0,0,0,0,0
3,M1,535,357,218,1,257,5000,0,0,0,0,0,0
3,M1,535,357,219,1,259,5000,0,0,0,0,0,0
3,M1,535,357,220,1,260,5000,0,0,0,0,0,0
3,M1,535,357,221,1,261,5000,0,0,0,0,0,0
3,M1,535,357,222,1,262,5000,0,0,0,0,0,0
3,M1,535,357,223,1,264,5000,0,0,0,0,0,0
3,M1,535,357,224,1,265,5000,0,0,0,0,0,0
3,M1,535,357,225,1,266,4999.99999999999,0,0,0,0,0,0
3,M1,535,357,226,1,267,4957.33929067089,0,0,0,1,0,0
3,M1,535,357,227,1,268,4844.16844643241,0,0,1,0,0,0
3,M1,535,357,228,1,269,4267.81119649178,0,0,0,0,0,1
3,M1,535,357,229,1,270,5000,0,0,0,0,0,0
3,M1,535,357,230,2,271;300,5000,0,0,1,1,0,0
3,M1,535,357,231,1,274,5000,0,0,0,0,0,0
3,M1,535,357,232,1,275,5000.00000000001,0,0,0,0,0,0
3,M1,535,357,233,1,276,5000,0,0,0,0,0,0
3,M1,535,357,234,2,277;355,5000,0,0,0,0,1,1
3,M1,535,357,235,1,278,5000,0,0,0,0,0,0
3,M1,535,357,236,2,279;369,5000,0,0,1,1,0,0
3,M1,535,357,237,1,280,5000,0,0,0,0,0,0
3,M1,535,357,238,2,281;310,5000.00000000001,0,0,1,1,0,0
3,M1,535,357,239,1,282,5000,0,0,0,0,0,0
3,M1,535,357,240,1,284,4999.99999999999,0,0,0,0,0,0
3,M1,535,357,241,1,285,5000,0,0,0,0,0,0
3,M1,535,357,242,1,286,5000,0,0,0,0,0,0
3,M1,535,357,243,1,287,5000,0,0,0,0,0,0
3,M1,535,357,244,1,288,5000,0,0,0,0,0,0
3,M1,535,357,245,1,289,4999.99999999999,0,0,0,0,0,0
3,M1,535,357,246,1,291,5000,0,0,0,0,0,0
3,M1,535,357,247,2,292;308,5000,0,0,0,0,1,1
3,M1,535,357,248,1,293,5000,0,0,0,0,0,0
3,M1,535,357,249,1,294,5000,0,0,0,0,0,0
3,M1,535,357,250,1,295,4847.92956512635,0,0,1,0,0,0
3,M1,535,357,251,1,296,5000,0,0,0,0,0,0
3,M1,535,357,252,1,298,5000,0,0,0,0,0,0
3,M1,535,357,253,1,299,5000,0,0,0,0,0,0
3,M1,535,357,254,2,301;376,5000,0,0,1,1,0,0
3,M1,535,357,255,2,302;307,5000,0,0,1,1,0,0
3,M1,535,357,256,1,303,5000,0,0,0,0,0,0
3,M1,535,357,257,1,305,5000,0,0,0,0,0,0
3,M1,535,357,258,1,306,5000,0,0,0,0,0,0
3,M1,535,357,259,1,309,5000,0,0,0,0,0,0
3,M1,535,357,260,2,311;408,5000,0,0,0,0,1,1
3,M1,535,357,261,1,312,5000,0,0,0,0,0,0
3,M1,535,357,262,1,313,5000,0,0,0,0,0,0
3,M1,535,357,263,1,314,4793.50417987968,0,0,1,0,0,0
3,M1,535,357,264,1,316,5000,0,0,0,0,0,0
3,M1,535,357,265,2,317;345,4999.99999999999,0,0,0,0,1,1
3,M1,535,357,266,1,318,5000,0,0,0,0,0,0
3,M1,535,357,267,1,319,5000,0,0,0,0,0,0
3,M1,535,357,268,1,320,5000,0,0,0,0,0,0
3,M1,535,357,269,2,321;414,5000,0,0,0,0,1,1
3,M1,535,357,270,1,322,5000,0,0,0,0,0,0
3,M1,535,357,271,1,323,5000,0,0,0,0,0,0
3,M1,535,357,272,1,324,5000.00000000001,0,0,0,0,0,0
3,M1,535,357,273,1,325,4998.981194219,0,0,1,0,0,0
3,M1,535,357,274,1,326,5000,0,0,0,0,0,0
3,M1,535,357,275,1,327,5000,0,0,0,0,0,0
3,M1,535,357,276,1,328,5000,0,0,0,0,0,0
3,M1,535,357,277,1,329,5000.00000000001,0,0,0,0,0,0
3,M1,535,357,278,1,330,4581.83853070264,0,0,1,0,0,0
3,M1,535,357,279,1,331,5000,0,0,0,0,0,0
3,M1,535,357,280,2,332;335,4999.99999999999,0,0,0,0,1,1
3,M1,535,357,281,1,333,5000,0,0,0,0,0,0
3,M1,535,357,282,2,334;465,5000,0,0,0,0,1,1
3,M1,535,357,283,1,336,5000,0,0,0,0,0,0
3,M1,535,357,284,1,337,5000,0,0,0,0,0,0
3,M1,535,357,285,1,338,5000,0,0,0,0,0,0
3,M1,535,357,286,1,339,5000,0,0,0,0,0,0
3,M1,535,357,287,1,340,5000,0,0,0,0,0,0
3,M1,535,357,288,1,341,4999.99999999999,0,0,0,0,0,0
3,M1,535,357,289,2,342;362,4999.99999999999,0,0,1,1,0,0
3,M1,535,357,290,1,343,5000,0,0,0,0,0,0
3,M1,535,357,291,1,344,5000,0,0,0,0,0,0
3,M1,535,357,292,2,346;354,5000,0,0,0,0,1,1
3,M1,535,357,293,1,347,5000,0,0,0,0,0,0
3,M1,535,357,294,1,348,5000,0,0,0,0,0,0
3,M1,535,357,295,2,350;391,5000.00000000001,0,0,1,1,0,0
3,M1,535,357,296,1,351,4937.90565426453,0,1,0,0,0,0
3,M1,535,357,297,2,352;418,5000,0,0,1,1,0,0
3,M1,535,357,298,1,353,5000,0,0,0,0,0,0
3,M1,535,357,299,1,357,5000,0,0,0,0,0,0
3,M1,535,357,300,1,358,5000,0,0,0,0,0,0
3,M1,535,357,301,2,360;368,5000,0,0,1,1,0,0
3,M1,535,357,302,1,363,4508.64473911168,0,1,0,0,0,0
3,M1,535,357,303,1,364,5000,0,0,0,0,0,0
3,M1,535,357,304,2,365;395,4999.99999999999,0,0,0,0,1,1
3,M1,535,357,305,1,367,4503.32754166859,0,1,0,0,0,0
3,M1,535,357,306,1,370,5000,0,0,0,0,0,0
3,M1,535,357,307,1,372,5000,0,0,0,0,0,0
3,M1,535,357,308,1,373,5000,0,0,0,0,0,0
3,M1,535,357,309,2,375;410,4914.49250043472,0,1,1,1,0,0
3,M1,535,357,310,1,377,5000,0,0,0,0,0,0
3,M1,535,357,311,1,378,4541.62487768027,0,0,0,1,0,0
3,M1,535,357,312,1,379,5000,0,0,0,0,0,0
3,M1,535,357,313,1,380,5000.00000000001,0,0,0,0,0,0
3,M1,535,357,314,1,382,4977.96547913873,0,0,1,0,0,0
3,M1,535,357,315,2,383;392,5000,0,0,1,1,0,0
3,M1,535,357,316,1,384,5000,0,0,0,0,0,0
3,M1,535,357,317,1,385,5000,0,0,0,0,0,0
3,M1,535,357,318,1,387,5000,0,0,0,0,0,0
3,M1,535,357,319,1,389,4904.30107336559,0,1,0,0,0,0
3,M1,535,357,320,1,390,4911.87016671171,0,0,1,0,0,0
3,M1,535,357,321,1,394,5000,0,0,0,0,0,0
3,M1,535,357,322,1,396,4695.54112112537,0,0,0,0,0,1
3,M1,535,357,323,1,397,5000,0,0,0,0,0,0
3,M1,535,357,324,2,399;434,5000.00000000001,0,0,0,0,1,1
3,M1,535,357,325,2,400;425,4999.99999999999,0,0,1,1,0,0
3,M1,535,357,326,3,401;407;412,5000,0,0,1,1,1,1
3,M1,535,357,327,1,404,5000,0,0,0,0,0,0
3,M1,535,357,328,1,405,4999.99999999999,0,0,0,0,0,0
3,M1,535,357,329,2,406;448,5000,0,0,0,0,1,1
3,M1,535,357,330,1,409,5000,0,0,0,0,0,0
3,M1,535,357,331,1,411,4555.10390298357,0,1,0,0,0,0
3,M1,535,357,332,1,413,4639.94149979009,0,1,0,0,0,0
3,M1,535,357,333,1,415,4517.04299910179,0,0,0,0,1,0
3,M1,535,357,334,2,417;439,5000,0,0,1,1,0,0
3,M1,535,357,335,1,421,4634.87361748108,0,0,0,0,1,0
3,M1,535,357,336,2,423;432,5000,0,0,1,1,0,0
3,M1,535,357,337,2,427;458,5000,0,0,0,0,1,1
3,M1,535,357,338,1,430,5000,0,0,0,0,0,0
3,M1,535,357,339,2,431;513,4999.99999999999,0,0,0,0,1,1
3,M1,535,357,340,1,436,4694.60360116403,0,0,1,0,0,0
3,M1,535,357,341,1,437,5000,0,0,0,0,0,0
3,M1,535,357,342,2,442;457,4999.99999999999,0,0,1,1,0,0
3,M1,535,357,343,1,446,5000,0,0,0,0,0,0
3,M1,535,357,344,1,449,4129.57261625149,0,0,1,0,0,0
3,M1,535,357,345,2,451;475,5000,0,0,0,0,1,1
3,M1,535,357,346,1,453,5000,0,0,0,0,0,0
3,M1,535,357,347,1,455,3440.24766298556,0,1,0,0,0,0
3,M1,535,357,348,1,460,5000,0,0,0,0,0,0
3,M1,535,357,349,2,467;495,5000,0,0,1,1,0,0
3,M1,535,357,350,1,468,5000,0,0,0,0,0,0
3,M1,535,357,351,2,473;493,5000.00000000001,0,0,1,1,0,0
3,M1,535,357,352,1,476,4632.08996543516,0,0,0,1,0,0
3,M1,535,357,353,1,483,4630.17824695822,0,0,0,0,0,1
3,M1,535,357,354,1,484,5000,0,0,0,0,0,0
3,M1,535,357,355,1,487,5000,0,0,0,0,0,0
3,M1,535,357,356,2,492;494,5000,0,0,0,0,1,1
3,M1,535,357,357,1,518,584.986327155286,0,0,0,0,0,1
3,M2,535,354,1,1,1,4874.80715336013,1,0,0,0,0,0
3,M2,535,354,2,2,2;505,4999.99999999999,1,1,0,0,0,0
3,M2,535,354,3,2,3;178,4363.61573978323,1,0,1,0,0,1
3,M2,535,354,4,3,4;420;488,4999.99999999999,1,1,1,1,0,0
3,M2,535,354,5,2,5;535,5000,1,1,0,0,0,0
3,M2,535,354,6,2,6;485,5000,1,1,0,0,0,0
3,M2,535,354,7,2,7;452,5000,1,1,0,0,0,0
3,M2,535,354,8,2,8;450,5000,1,1,0,0,0,0
3,M2,535,354,9,3,9;503;532,5000,1,1,1,1,0,0
3,M2,535,354,10,2,10;525,5000,1,1,0,0,0,0
3,M2,535,354,11,3,11;99;524,5000,1,1,1,1,0,0
3,M2,535,354,12,3,12;440;470,5000,1,1,0,0,1,1
3,M2,535,354,13,1,13,4528.15914247438,1,0,0,0,0,0
3,M2,535,354,14,2,14;490,5000,1,1,0,0,0,0
3,M2,535,354,15,2,15;393,5000,1,1,0,0,0,0
3,M2,535,354,16,2,16;456,5000,1,1,0,0,0,0
3,M2,535,354,17,2,17;398,5000,1,1,0,0,0,0
3,M2,535,354,18,2,18;462,5000,1,1,0,0,0,0
3,M2,535,354,19,3,19;474;486,5000,1,1,1,1,0,0
3,M2,535,354,20,2,20;443,5000,1,1,0,0,0,0
3,M2,535,354,21,2,21;477,5000,1,1,0,0,0,0
3,M2,535,354,22,2,22;480,5000,1,1,0,0,0,0
3,M2,535,354,23,2,23;520,5000,1,1,0,0,0,0
3,M2,535,354,24,2,24;533,5000,1,1,0,0,0,0
3,M2,535,354,25,2,25;521,5000,1,1,0,0,0,0
3,M2,535,354,26,2,26;534,5000,1,1,0,0,0,0
3,M2,535,354,27,2,27;464,5000,1,1,0,0,0,0
3,M2,535,354,28,2,28;512,5000,1,1,0,0,0,0
3,M2,535,354,29,2,29;504,4999.99999999999,1,1,0,0,0,0
3,M2,535,354,30,2,30;381,5000,1,1,0,0,0,0
3,M2,535,354,31,2,31;529,5000,1,1,0,0,0,0
3,M2,535,354,32,2,32;509,5000,1,1,0,0,0,0
3,M2,535,354,33,2,33;491,5000,1,1,0,0,0,0
3,M2,535,354,34,2,34;506,5000.00000000001,1,1,0,0,0,0
3,M2,535,354,35,2,35;482,5000,1,1,0,0,0,0
3,M2,535,354,36,2,36;530,5000,1,1,0,0,0,0
3,M2,535,354,37,3,37;142;471,5000,1,1,0,0,1,1
3,M2,535,354,38,2,38;428,4999.99999999999,1,1,0,0,0,0
3,M2,535,354,39,3,39;133;528,4999.99999999999,1,1,0,0,1,1
3,M2,535,354,40,2,40;454,5000,1,1,0,0,0,0
3,M2,535,354,41,2,41;516,5000,1,1,0,0,0,0
3,M2,535,354,42,2,42;403,5000,1,1,0,0,0,0
3,M2,535,354,43,2,43;419,5000,1,1,0,0,0,0
3,M2,535,354,44,3,44;426;445,5000,1,1,0,0,1,1
3,M2,535,354,45,2,45;466,5000,1,1,0,0,0,0
3,M2,535,354,46,2,46;402,5000,1,1,0,0,0,0
3,M2,535,354,47,2,47;416,5000,1,1,0,0,0,0
3,M2,535,354,48,3,48;169;481,5000,1,1,0,0,1,1
3,M2,535,354,49,1,49,4990.28278053823,1,0,0,0,0,0
3,M2,535,354,50,2,50;498,4999.99999999999,1,1,0,0,0,0
3,M2,535,354,51,2,51;472,5000,1,1,0,0,0,0
3,M2,535,354,52,1,52,4658.08876117796,1,0,0,0,0,0
3,M2,535,354,53,2,53;500,5000,1,1,0,0,0,0
3,M2,535,354,54,2,54;447,4999.99999999999,1,1,0,0,0,0
3,M2,535,354,55,2,55;479,4999.99999999999,1,1,0,0,0,0
3,M2,535,354,56,3,56;110;435,5000,1,1,0,0,1,1
3,M2,535,354,57,2,57;502,5000,1,1,0,0,0,0
3,M2,535,354,58,2,58;429,5000.00000000001,1,1,0,0,0,0
3,M2,535,354,59,2,59;499,5000,1,1,0,0,0,0
3,M2,535,354,60,2,60;531,5000,1,1,0,0,0,0
3,M2,535,354,61,2,61;507,4999.99999999999,1,1,0,0,0,0
3,M2,535,354,62,2,62;461,5000,1,1,0,0,0,0
3,M2,535,354,63,1,63,4993.53751413764,1,0,0,0,0,0
3,M2,535,354,64,2,64;518,4626.12367726423,1,0,0,0,0,1
3,M2,535,354,65,2,65;497,5000.00000000001,1,1,0,0,0,0
3,M2,535,354,66,2,66;444,5000,1,1,0,0,0,0
3,M2,535,354,67,1,67,4794.64235304177,1,0,0,0,0,0
3,M2,535,354,68,2,68;517,5000,1,1,0,0,0,0
3,M2,535,354,69,2,69;374,5000,1,1,0,0,0,0
3,M2,535,354,70,2,70;522,4999.99999999999,1,1,0,0,0,0
3,M2,535,354,71,2,71;478,5000,1,1,0,0,0,0
3,M2,535,354,72,2,72;489,5000,1,1,0,0,0,0
3,M2,535,354,73,1,73,4593.51548495366,1,0,0,0,0,1
3,M2,535,354,74,2,74;386,5000,1,1,0,0,0,0
3,M2,535,354,75,2,75;515,5000,1,1,0,0,0,0
3,M2,535,354,76,3,76;209;519,5000,1,1,0,0,1,1
3,M2,535,354,77,2,77;523,5000,1,1,0,0,0,0
3,M2,535,354,78,2,78;388,5000,1,1,0,0,0,0
3,M2,535,354,79,2,79;501,5000,1,1,0,0,0,0
3,M2,535,354,80,2,80;441,4856.59761916435,1,1,0,0,0,1
3,M2,535,354,81,3,81;139;510,4999.99999999999,1,1,1,1,0,0
3,M2,535,354,82,2,82;459,5000,1,1,0,0,0,0
3,M2,535,354,83,2,83;463,5000,1,1,0,0,0,0
3,M2,535,354,84,2,84;514,5000,1,1,0,0,0,0
3,M2,535,354,85,3,85;146;508,5000,1,1,1,1,0,0
3,M2,535,354,86,2,86;511,4904.12158948042,1,1,0,1,0,0
3,M2,535,354,87,3,87;424;527,4999.99999999999,1,1,1,1,0,0
3,M2,535,354,88,3,88;134;496,4991.85964978797,1,1,0,1,1,1
3,M2,535,354,89,3,89;438;469,5000.00000000001,1,1,1,1,0,0
3,M2,535,354,90,2,90;422,5000,1,1,0,0,0,0
3,M2,535,354,91,3,91;124;526,5000,1,1,1,1,0,0
3,M2,535,354,92,2,92;140,5000,0,0,0,0,1,1
3,M2,535,354,93,1,93,5000,0,0,0,0,0,0
3,M2,535,354,94,1,94,5000,0,0,0,0,0,0
3,M2,535,354,95,1,95,5000,0,0,0,0,0,0
3,M2,535,354,96,2,96;121,5000,0,0,0,0,1,1
3,M2,535,354,97,1,97,5000,0,0,0,0,0,0
3,M2,535,354,98,1,98,5000,0,0,0,0,0,0
3,M2,535,354,99,1,100,4999.99999999999,0,0,0,0,0,0
3,M2,535,354,100,1,101,5000,0,0,0,0,0,0
3,M2,535,354,101,2,102;455,4630.39787806458,0,1,1,0,0,0
3,M2,535,354,102,1,103,5000,0,0,0,0,0,0
3,M2,535,354,103,2,104;135,5000,0,0,1,1,0,0
3,M2,535,354,104,2,105;258,5000,0,0,0,0,1,1
3,M2,535,354,105,1,106,5000,0,0,0,0,0,0
3,M2,535,354,106,1,107,5000,0,0,0,0,0,0
3,M2,535,354,107,1,108,5000,0,0,0,0,0,0
3,M2,535,354,108,1,109,4814.48425745186,0,0,0,1,0,0
3,M2,535,354,109,1,111,5000,0,0,0,0,0,0
3,M2,535,354,110,2,112;132,4999.99999999999,0,0,0,0,1,1
3,M2,535,354,111,1,113,5000,0,0,0,0,0,0
3,M2,535,354,112,1,114,5000.00000000001,0,0,0,0,0,0
3,M2,535,354,113,1,115,5000,0,0,0,0,0,0
3,M2,535,354,114,1,116,5000,0,0,0,0,0,0
3,M2,535,354,115,1,117,5000,0,0,0,0,0,0
3,M2,535,354,116,1,118,4833.7867686378,0,0,0,0,1,0
3,M2,535,354,117,1,119,5000.00000000001,0,0,0,0,0,0
3,M2,535,354,118,1,120,5000,0,0,0,0,0,0
3,M2,535,354,119,1,122,5000,0,0,0,0,0,0
3,M2,535,354,120,3,123;129;130,5000,0,0,1,1,1,1
3,M2,535,354,121,1,125,5000,0,0,0,0,0,0
3,M2,535,354,122,1,126,5000,0,0,0,0,0,0
3,M2,535,354,123,2,127;143,4999.99999999999,0,0,1,1,0,0
3,M2,535,354,124,1,128,5000,0,0,0,0,0,0
3,M2,535,354,125,1,131,5000,0,0,0,0,0,0
3,M2,535,354,126,1,136,5000,0,0,0,0,0,0
3,M2,535,354,127,1,137,5000,0,0,0,0,0,0
3,M2,535,354,128,2,138;187,5000,0,0,0,0,1,1
3,M2,535,354,129,1,141,5000,0,0,0,0,0,0
3,M2,535,354,130,1,144,5000,0,0,0,0,0,0
3,M2,535,354,131,2,145;173,5000,0,0,0,0,1,1
3,M2,535,354,132,2,147;349,5000,0,0,0,0,1,1
3,M2,535,354,133,1,148,4804.00542169829,0,0,0,0,0,1
3,M2,535,354,134,1,149,5000,0,0,0,0,0,0
3,M2,535,354,135,2,150;227,5000,0,0,1,1,0,0
3,M2,535,354,136,1,151,5000,0,0,0,0,0,0
3,M2,535,354,137,2,152;189,5000.00000000001,0,0,1,1,0,0
3,M2,535,354,138,2,153;162,5000,0,0,1,1,0,0
3,M2,535,354,139,1,154,5000,0,0,0,0,0,0
3,M2,535,354,140,1,155,5000,0,0,0,0,0,0
3,M2,535,354,141,2,156;290,5000,0,0,0,0,1,1
3,M2,535,354,142,1,157,5000,0,0,0,0,0,0
3,M2,535,354,143,1,158,4634.68646516899,0,0,0,0,0,1
3,M2,535,354,144,1,159,4564.22118696735,0,0,0,1,0,0
3,M2,535,354,145,1,160,5000,0,0,0,0,0,0
3,M2,535,354,146,1,161,4997.38931275427,0,0,1,0,0,0
3,M2,535,354,147,2,163;272,5000,0,0,1,1,0,0
3,M2,535,354,148,1,164,5000,0,0,0,0,0,0
3,M2,535,354,149,2,165;239,5000.00000000001,0,0,0,0,1,1
3,M2,535,354,150,2,166;361,5000.00000000001,0,0,1,1,0,0
3,M2,535,354,151,2,167;179,5000.00000000001,0,0,0,0,1,1
3,M2,535,354,152,1,168,4532.156821229,0,0,0,1,0,0
3,M2,535,354,153,1,170,4999.99999999999,0,0,0,0,0,0
3,M2,535,354,154,1,171,4999.99999999999,0,0,0,0,0,0
3,M2,535,354,155,1,172,5000,0,0,0,0,0,0
3,M2,535,354,156,2,174;218,5000.00000000001,0,0,0,0,1,1
3,M2,535,354,157,1,175,5000,0,0,0,0,0,0
3,M2,535,354,158,1,176,5000,0,0,0,0,0,0
3,M2,535,354,159,2,177;243,5000,0,0,0,0,1,1
3,M2,535,354,160,1,180,5000,0,0,0,0,0,0
3,M2,535,354,161,1,181,5000,0,0,0,0,0,0
3,M2,535,354,162,2,182;246,5000,0,0,1,1,0,0
3,M2,535,354,163,1,183,5000,0,0,0,0,0,0
3,M2,535,354,164,1,184,4999.99999999999,0,0,0,0,0,0
3,M2,535,354,165,2,185;195,5000,0,0,0,0,1,1
3,M2,535,354,166,1,186,5000,0,0,0,0,0,0
3,M2,535,354,167,2,188;366,5000,0,0,0,0,1,1
3,M2,535,354,168,1,190,5000,0,0,0,0,0,0
3,M2,535,354,169,1,191,5000,0,0,0,0,0,0
3,M2,535,354,170,1,192,4728.58759313997,0,0,0,0,0,1
3,M2,535,354,171,1,193,5000,0,0,0,0,0,0
3,M2,535,354,172,1,194,5000,0,0,0,0,0,0
3,M2,535,354,173,1,196,4540.804961644,0,0,1,0,0,0
3,M2,535,354,174,3,197;199;200,4999.99999999999,0,0,1,1,1,1
3,M2,535,354,175,2,198;356,5000.00000000001,0,0,1,1,0,0
3,M2,535,354,176,3,201;236;283,5000,0,0,1,1,1,1
3,M2,535,354,177,1,202,5000,0,0,0,0,0,0
3,M2,535,354,178,1,203,5000,0,0,0,0,0,0
3,M2,535,354,179,2,204;252,5000,0,0,1,1,0,0
3,M2,535,354,180,1,205,5000,0,0,0,0,0,0
3,M2,535,354,181,1,206,5000.00000000001,0,0,0,0,0,0
3,M2,535,354,182,1,207,4620.62460134513,0,0,0,0,0,1
3,M2,535,354,183,3,208;232;237,5000,0,0,1,1,1,1
3,M2,535,354,184,2,210;263,5000,0,0,0,0,1,1
3,M2,535,354,185,1,211,5000,0,0,0,0,0,0
3,M2,535,354,186,2,212;371,5000.00000000001,0,0,1,1,0,0
3,M2,535,354,187,2,213;304,5000,0,0,1,1,0,0
3,M2,535,354,188,1,214,5000,0,0,0,0,0,0
3,M2,535,354,189,3,215;234;297,5000,0,0,1,1,1,1
3,M2,535,354,190,1,216,5000,0,0,0,0,0,0
3,M2,535,354,191,2,217;241,5000,0,0,1,1,0,0
3,M2,535,354,192,1,219,4587.0763405977,0,0,0,0,0,1
3,M2,535,354,193,1,220,5000,0,0,0,0,0,0
3,M2,535,354,194,1,221,5000,0,0,0,0,0,0
3,M2,535,354,195,1,222,5000,0,0,0,0,0,0
3,M2,535,354,196,1,223,5000.00000000001,0,0,0,0,0,0
3,M2,535,354,197,2,224;315,4999.99999999999,0,0,1,1,0,0
3,M2,535,354,198,1,225,5000.00000000001,0,0,0,0,0,0
3,M2,535,354,199,3,226;244;256,5000,0,0,1,1,1,1
3,M2,535,354,200,1,228,5000,0,0,0,0,0,0
3,M2,535,354,201,1,229,4999.99999999999,0,0,0,0,0,0
3,M2,535,354,202,2,230;359,5000.00000000001,0,0,0,0,1,1
3,M2,535,354,203,2,231;235,4999.99999999999,0,0,0,0,1,1
3,M2,535,354,204,1,233,5000.00000000001,0,0,0,0,0,0
3,M2,535,354,205,1,238,5000,0,0,0,0,0,0
3,M2,535,354,206,1,240,5000.00000000001,0,0,0,0,0,0
3,M2,535,354,207,1,242,5000,0,0,0,0,0,0
3,M2,535,354,208,1,245,5000,0,0,0,0,0,0
3,M2,535,354,209,1,247,5000,0,0,0,0,0,0
3,M2,535,354,210,1,248,5000,0,0,0,0,0,0
3,M2,535,354,211,1,249,4941.14986216036,0,0,0,1,0,0
3,M2,535,354,212,1,250,5000.00000000001,0,0,0,0,0,0
3,M2,535,354,213,2,251;433,5000,0,0,0,0,1,1
3,M2,535,354,214,1,253,5000,0,0,0,0,0,0
3,M2,535,354,215,2,254;273,5000,0,0,1,1,0,0
3,M2,535,354,216,1,255,5000,0,0,0,0,0,0
3,M2,535,354,217,1,257,5000,0,0,0,0,0,0
3,M2,535,354,218,1,259,5000,0,0,0,0,0,0
3,M2,535,354,219,1,260,5000,0,0,0,0,0,0
3,M2,535,354,220,1,261,5000,0,0,0,0,0,0
3,M2,535,354,221,1,262,5000,0,0,0,0,0,0
3,M2,535,354,222,1,264,5000,0,0,0,0,0,0
3,M2,535,354,223,1,265,5000,0,0,0,0,0,0
3,M2,535,354,224,1,266,4999.99999999999,0,0,0,0,0,0
3,M2,535,354,225,1,267,4957.33929067089,0,0,0,1,0,0
3,M2,535,354,226,1,268,4844.16844643241,0,0,1,0,0,0
3,M2,535,354,227,1,269,4267.81119649178,0,0,0,0,0,1
3,M2,535,354,228,1,270,5000,0,0,0,0,0,0
3,M2,535,354,229,2,271;300,5000,0,0,1,1,0,0
3,M2,535,354,230,1,274,5000,0,0,0,0,0,0
3,M2,535,354,231,1,275,5000.00000000001,0,0,0,0,0,0
3,M2,535,354,232,1,276,5000,0,0,0,0,0,0
3,M2,535,354,233,2,277;355,5000,0,0,0,0,1,1
3,M2,535,354,234,1,278,5000,0,0,0,0,0,0
3,M2,535,354,235,2,279;369,5000,0,0,1,1,0,0
3,M2,535,354,236,1,280,5000,0,0,0,0,0,0
3,M2,535,354,237,2,281;310,5000.00000000001,0,0,1,1,0,0
3,M2,535,354,238,1,282,5000,0,0,0,0,0,0
3,M2,535,354,239,1,284,4999.99999999999,0,0,0,0,0,0
3,M2,535,354,240,1,285,5000,0,0,0,0,0,0
3,M2,535,354,241,1,286,5000,0,0,0,0,0,0
3,M2,535,354,242,1,287,5000,0,0,0,0,0,0
3,M2,535,354,243,1,288,5000,0,0,0,0,0,0
3,M2,535,354,244,1,289,4999.99999999999,0,0,0,0,0,0
3,M2,535,354,245,1,291,5000,0,0,0,0,0,0
3,M2,535,354,246,2,292;308,5000,0,0,0,0,1,1
3,M2,535,354,247,1,293,5000,0,0,0,0,0,0
3,M2,535,354,248,1,294,5000,0,0,0,0,0,0
3,M2,535,354,249,1,295,4847.92956512635,0,0,1,0,0,0
3,M2,535,354,250,1,296,5000,0,0,0,0,0,0
3,M2,535,354,251,1,298,5000,0,0,0,0,0,0
3,M2,535,354,252,1,299,5000,0,0,0,0,0,0
3,M2,535,354,253,2,301;376,5000,0,0,1,1,0,0
3,M2,535,354,254,2,302;307,5000,0,0,1,1,0,0
3,M2,535,354,255,1,303,5000,0,0,0,0,0,0
3,M2,535,354,256,1,305,5000,0,0,0,0,0,0
3,M2,535,354,257,1,306,5000,0,0,0,0,0,0
3,M2,535,354,258,1,309,5000,0,0,0,0,0,0
3,M2,535,354,259,2,311;408,5000,0,0,0,0,1,1
3,M2,535,354,260,1,312,5000,0,0,0,0,0,0
3,M2,535,354,261,1,313,5000,0,0,0,0,0,0
3,M2,535,354,262,1,314,4793.50417987968,0,0,1,0,0,0
3,M2,535,354,263,1,316,5000,0,0,0,0,0,0
3,M2,535,354,264,2,317;345,4999.99999999999,0,0,0,0,1,1
3,M2,535,354,265,1,318,5000,0,0,0,0,0,0
3,M2,535,354,266,1,319,5000,0,0,0,0,0,0
3,M2,535,354,267,1,320,5000,0,0,0,0,0,0
3,M2,535,354,268,2,321;414,5000,0,0,0,0,1,1
3,M2,535,354,269,1,322,5000,0,0,0,0,0,0
3,M2,535,354,270,1,323,5000,0,0,0,0,0,0
3,M2,535,354,271,1,324,5000.00000000001,0,0,0,0,0,0
3,M2,535,354,272,1,325,4998.981194219,0,0,1,0,0,0
3,M2,535,354,273,1,326,5000,0,0,0,0,0,0
3,M2,535,354,274,1,327,5000,0,0,0,0,0,0
3,M2,535,354,275,1,328,5000,0,0,0,0,0,0
3,M2,535,354,276,1,329,5000.00000000001,0,0,0,0,0,0
3,M2,535,354,277,1,330,4581.83853070264,0,0,1,0,0,0
3,M2,535,354,278,1,331,5000,0,0,0,0,0,0
3,M2,535,354,279,2,332;335,4999.99999999999,0,0,0,0,1,1
3,M2,535,354,280,1,333,5000,0,0,0,0,0,0
3,M2,535,354,281,2,334;465,5000,0,0,0,0,1,1
3,M2,535,354,282,1,336,5000,0,0,0,0,0,0
3,M2,535,354,283,1,337,5000,0,0,0,0,0,0
3,M2,535,354,284,1,338,5000,0,0,0,0,0,0
3,M2,535,354,285,1,339,5000,0,0,0,0,0,0
3,M2,535,354,286,1,340,5000,0,0,0,0,0,0
3,M2,535,354,287,1,341,4999.99999999999,0,0,0,0,0,0
3,M2,535,354,288,2,342;362,4999.99999999999,0,0,1,1,0,0
3,M2,535,354,289,1,343,5000,0,0,0,0,0,0
3,M2,535,354,290,1,344,5000,0,0,0,0,0,0
3,M2,535,354,291,2,346;354,5000,0,0,0,0,1,1
3,M2,535,354,292,1,347,5000,0,0,0,0,0,0
3,M2,535,354,293,1,348,5000,0,0,0,0,0,0
3,M2,535,354,294,2,350;391,5000.00000000001,0,0,1,1,0,0
3,M2,535,354,295,1,351,4937.90565426453,0,1,0,0,0,0
3,M2,535,354,296,2,352;418,5000,0,0,1,1,0,0
3,M2,535,354,297,1,353,5000,0,0,0,0,0,0
3,M2,535,354,298,1,357,5000,0,0,0,0,0,0
3,M2,535,354,299,1,358,5000,0,0,0,0,0,0
3,M2,535,354,300,2,360;368,5000,0,0,1,1,0,0
3,M2,535,354,301,1,363,4508.64473911168,0,1,0,0,0,0
3,M2,535,354,302,1,364,5000,0,0,0,0,0,0
3,M2,535,354,303,2,365;395,4999.99999999999,0,0,0,0,1,1
3,M2,535,354,304,1,367,4503.32754166859,0,1,0,0,0,0
3,M2,535,354,305,1,370,5000,0,0,0,0,0,0
3,M2,535,354,306,1,372,5000,0,0,0,0,0,0
3,M2,535,354,307,1,373,5000,0,0,0,0,0,0
3,M2,535,354,308,2,375;410,4914.49250043472,0,1,1,1,0,0
3,M2,535,354,309,1,377,5000,0,0,0,0,0,0
3,M2,535,354,310,1,378,4541.62487768027,0,0,0,1,0,0
3,M2,535,354,311,1,379,5000,0,0,0,0,0,0
3,M2,535,354,312,1,380,5000.00000000001,0,0,0,0,0,0
3,M2,535,354,313,1,382,4977.96547913873,0,0,1,0,0,0
3,M2,535,354,314,2,383;392,5000,0,0,1,1,0,0
3,M2,535,354,315,1,384,5000,0,0,0,0,0,0
3,M2,535,354,316,1,385,5000,0,0,0,0,0,0
3,M2,535,354,317,1,387,5000,0,0,0,0,0,0
3,M2,535,354,318,1,389,4904.30107336559,0,1,0,0,0,0
3,M2,535,354,319,1,390,4911.87016671171,0,0,1,0,0,0
3,M2,535,354,320,1,394,5000,0,0,0,0,0,0
3,M2,535,354,321,1,396,4695.54112112537,0,0,0,0,0,1
3,M2,535,354,322,1,397,5000,0,0,0,0,0,0
3,M2,535,354,323,2,399;434,5000.00000000001,0,0,0,0,1,1
3,M2,535,354,324,2,400;425,4999.99999999999,0,0,1,1,0,0
3,M2,535,354,325,3,401;407;412,5000,0,0,1,1,1,1
3,M2,535,354,326,1,404,5000,0,0,0,0,0,0
3,M2,535,354,327,1,405,4999.99999999999,0,0,0,0,0,0
3,M2,535,354,328,2,406;448,5000,0,0,0,0,1,1
3,M2,535,354,329,1,409,5000,0,0,0,0,0,0
3,M2,535,354,330,1,411,4555.10390298357,0,1,0,0,0,0
3,M2,535,354,331,1,413,4639.94149979009,0,1,0,0,0,0
3,M2,535,354,332,1,415,4517.04299910179,0,0,0,0,1,0
3,M2,535,354,333,2,417;439,5000,0,0,1,1,0,0
3,M2,535,354,334,1,421,4634.87361748108,0,0,0,0,1,0
3,M2,535,354,335,2,423;432,5000,0,0,1,1,0,0
3,M2,535,354,336,2,427;458,5000,0,0,0,0,1,1
3,M2,535,354,337,1,430,5000,0,0,0,0,0,0
3,M2,535,354,338,2,431;513,4999.99999999999,0,0,0,0,1,1
3,M2,535,354,339,1,436,4694.60360116403,0,0,1,0,0,0
3,M2,535,354,340,1,437,5000,0,0,0,0,0,0
3,M2,535,354,341,2,442;457,4999.99999999999,0,0,1,1,0,0
3,M2,535,354,342,1,446,5000,0,0,0,0,0,0
3,M2,535,354,343,1,449,4129.57261625149,0,0,1,0,0,0
3,M2,535,354,344,2,451;475,5000,0,0,0,0,1,1
3,M2,535,354,345,1,453,5000,0,0,0,0,0,0
3,M2,535,354,346,1,460,5000,0,0,0,0,0,0
3,M2,535,354,347,2,467;495,5000,0,0,1,1,0,0
3,M2,535,354,348,1,468,5000,0,0,0,0,0,0
3,M2,535,354,349,2,473;493,5000.00000000001,0,0,1,1,0,0
3,M2,535,354,350,1,476,4632.08996543516,0,0,0,1,0,0
3,M2,535,354,351,1,483,4630.17824695822,0,0,0,0,0,1
3,M2,535,354,352,1,484,5000,0,0,0,0,0,0
3,M2,535,354,353,1,487,5000,0,0,0,0,0,0
3,M2,535,354,354,2,492;494,5000,0,0,0,0,1,1
