Group,EdgeType,NodeA,NodeB,AxisDistance,ExactDistance
1,PIECE_PIECE,A1-1,A12-1,9.37485680337354e-13,0
1,PIECE_PIECE,A1-2,A4-1,34.6436549215185,0
1,PIECE_PIECE,A1-2,A12-2,5.6843418860808e-14,0
1,PIECE_PIECE,A2-1,A3-1,53.7473984804563,0
1,PIECE_PIECE,A2-1,A9-1,53.7473984804568,0
1,PIECE_PIECE,A2-1,A10-1,6.82121026329696e-13,0
1,PIECE_PIECE,A2-2,A10-2,8.03887338846093e-14,0
1,PIECE_PIECE,A3-1,A9-1,1.98545526434066e-12,0
1,PIECE_PIECE,A3-1,A10-1,53.7473984804566,0
1,PIECE_PIECE,A3-2,A9-2,5.6843418860808e-14,0
1,PIECE_PIECE,A4-1,A12-2,18.1160531675026,0
1,PIECE_PIECE,A9-1,A10-1,53.7473984804571,0
1,ELECTRODE,LEFT,A1-2,NaN,0
1,ELECTRODE,LEFT,A2-2,NaN,0
1,ELECTRODE,LEFT,A3-2,NaN,0
1,ELECTRODE,LEFT,A8-2,NaN,0
1,ELECTRODE,LEFT,A9-2,NaN,0
1,ELECTRODE,LEFT,A10-2,NaN,0
1,ELECTRODE,LEFT,A12-2,NaN,0
1,ELECTRODE,A1-1,RIGHT,NaN,0
1,ELECTRODE,A2-1,RIGHT,NaN,0
1,ELECTRODE,A3-1,RIGHT,NaN,0
1,ELECTRODE,A8-1,RIGHT,NaN,0
1,ELECTRODE,A9-1,RIGHT,NaN,0
1,ELECTRODE,A10-1,RIGHT,NaN,0
1,ELECTRODE,A12-1,RIGHT,NaN,0
2,PIECE_PIECE,A1-1,A3-1,17.9442880522734,0
2,PIECE_PIECE,A1-1,A43-1,56.9633946438146,0
2,PIECE_PIECE,A1-1,A47-1,1.38430064985479e-12,0
2,PIECE_PIECE,A1-2,A47-2,1.13686837721616e-13,0
2,PIECE_PIECE,A2-1,A3-1,26.7128615061827,0
2,PIECE_PIECE,A2-1,A43-1,26.7128615061827,0
2,PIECE_PIECE,A2-1,A49-1,4.9063477552045e-13,0
2,PIECE_PIECE,A2-2,A11-2,23.4305104271871,0
2,PIECE_PIECE,A2-2,A12-1,55.8323230913113,0
2,PIECE_PIECE,A2-2,A44-2,23.4305104271887,0
2,PIECE_PIECE,A2-2,A49-2,5.123796534383e-14,0
2,PIECE_PIECE,A3-1,A34-1,58.3628222923124,0
2,PIECE_PIECE,A3-1,A43-1,6.86841643391436e-13,0
2,PIECE_PIECE,A3-2,A6-2,27.9212035368755,0
2,PIECE_PIECE,A3-2,A16-1,30.4771678908693,0
2,PIECE_PIECE,A3-2,A42-2,27.9212035368755,0
2,PIECE_PIECE,A3-2,A43-2,0,0
2,PIECE_PIECE,A4-1,A5-1,38.8426042996634,0
2,PIECE_PIECE,A4-1,A45-1,3.59790104231825e-13,0
2,PIECE_PIECE,A4-1,A46-1,38.8426042996634,0
2,PIECE_PIECE,A4-2,A5-2,29.5699198660844,0
2,PIECE_PIECE,A4-2,A45-2,0,0
2,PIECE_PIECE,A4-2,A46-2,29.5699198660844,0
2,PIECE_PIECE,A5-1,A45-1,38.8426042996634,0
2,PIECE_PIECE,A5-1,A46-1,9.80033954054231e-13,0
2,PIECE_PIECE,A5-2,A45-2,29.5699198660844,0
2,PIECE_PIECE,A5-2,A46-2,5.6843418860808e-14,0
2,PIECE_PIECE,A6-1,A42-1,1.87588665062948e-13,0
2,PIECE_PIECE,A6-2,A42-2,7.105427357601e-15,0
2,PIECE_PIECE,A6-2,A43-2,27.9212035368754,0
2,PIECE_PIECE,A7-1,A33-1,19.5693999700991,0
2,PIECE_PIECE,A7-1,A38-1,2.04048278415503e-12,0
2,PIECE_PIECE,A7-2,A38-2,0,0
2,PIECE_PIECE,A9-1,A11-1,3.73307454762755,0
2,PIECE_PIECE,A9-1,A44-1,3.73307454762819,0
2,PIECE_PIECE,A9-1,A48-1,8.47067078713407e-13,0
2,PIECE_PIECE,A9-2,A48-2,2.8421709430404e-14,0
2,PIECE_PIECE,A10-1,A24-1,49.0730002220779,0
2,PIECE_PIECE,A10-1,A39-1,2.67882150190443e-12,0
2,PIECE_PIECE,A10-2,A39-2,1.4210854715202e-14,0
2,PIECE_PIECE,A11-1,A44-1,1.1843735174135e-12,0
2,PIECE_PIECE,A11-1,A48-1,51.270386196097,0
2,PIECE_PIECE,A11-2,A12-1,26.6157494968832,0
2,PIECE_PIECE,A11-2,A44-2,2.8421709430404e-14,0
2,PIECE_PIECE,A11-2,A49-2,23.4305104271859,0
2,PIECE_PIECE,A12-1,A24-1,1.4411345697131,0
2,PIECE_PIECE,A12-1,A44-2,26.615749496883,0
2,PIECE_PIECE,A12-1,A49-2,55.8323230913091,0
2,PIECE_PIECE,A14-1,A34-1,34.9110144444014,0
2,PIECE_PIECE,A16-1,A43-2,12.5170834564984,0
2,PIECE_PIECE,A24-1,A39-1,49.073000222078,0
2,PIECE_PIECE,A26-1,A33-1,9.35898192112835,0
2,PIECE_PIECE,A33-1,A34-1,33.2951496643673,0
2,PIECE_PIECE,A33-1,A38-1,19.5693999700996,0
2,PIECE_PIECE,A34-1,A43-1,58.3628222923124,0
2,PIECE_PIECE,A42-2,A43-2,27.9212035368755,0
2,PIECE_PIECE,A44-1,A48-1,51.2703861960965,0
2,PIECE_PIECE,A44-2,A49-2,23.4305104271873,0
2,PIECE_PIECE,A45-1,A46-1,38.8426042996634,0
2,PIECE_PIECE,A45-2,A46-2,29.5699198660844,0
2,ELECTRODE,LEFT,A1-2,NaN,0
2,ELECTRODE,LEFT,A2-2,NaN,0
2,ELECTRODE,LEFT,A3-2,NaN,0
2,ELECTRODE,LEFT,A4-2,NaN,0
2,ELECTRODE,LEFT,A5-2,NaN,0
2,ELECTRODE,LEFT,A6-2,NaN,0
2,ELECTRODE,LEFT,A7-2,NaN,0
2,ELECTRODE,LEFT,A8-2,NaN,0
2,ELECTRODE,LEFT,A9-2,NaN,0
2,ELECTRODE,LEFT,A10-2,NaN,0
2,ELECTRODE,LEFT,A11-2,NaN,0
2,ELECTRODE,LEFT,A34-2,NaN,0
2,ELECTRODE,LEFT,A38-2,NaN,0
2,ELECTRODE,LEFT,A39-2,NaN,0
2,ELECTRODE,LEFT,A42-2,NaN,0
2,ELECTRODE,LEFT,A43-2,NaN,0
2,ELECTRODE,LEFT,A44-2,NaN,0
2,ELECTRODE,LEFT,A45-2,NaN,0
2,ELECTRODE,LEFT,A46-2,NaN,0
2,ELECTRODE,LEFT,A47-2,NaN,0
2,ELECTRODE,LEFT,A48-2,NaN,0
2,ELECTRODE,LEFT,A49-2,NaN,0
2,ELECTRODE,A1-1,RIGHT,NaN,0
2,ELECTRODE,A2-1,RIGHT,NaN,0
2,ELECTRODE,A3-1,RIGHT,NaN,0
2,ELECTRODE,A4-1,RIGHT,NaN,0
2,ELECTRODE,A5-1,RIGHT,NaN,0
2,ELECTRODE,A6-1,RIGHT,NaN,0
2,ELECTRODE,A7-1,RIGHT,NaN,0
2,ELECTRODE,A8-1,RIGHT,NaN,0
2,ELECTRODE,A9-1,RIGHT,NaN,0
2,ELECTRODE,A10-1,RIGHT,NaN,0
2,ELECTRODE,A11-1,RIGHT,NaN,0
2,ELECTRODE,A34-1,RIGHT,NaN,0
2,ELECTRODE,A38-1,RIGHT,NaN,0
2,ELECTRODE,A39-1,RIGHT,NaN,0
2,ELECTRODE,A42-1,RIGHT,NaN,0
2,ELECTRODE,A43-1,RIGHT,NaN,0
2,ELECTRODE,A44-1,RIGHT,NaN,0
2,ELECTRODE,A45-1,RIGHT,NaN,0
2,ELECTRODE,A46-1,RIGHT,NaN,0
2,ELECTRODE,A47-1,RIGHT,NaN,0
2,ELECTRODE,A48-1,RIGHT,NaN,0
2,ELECTRODE,A49-1,RIGHT,NaN,0
3,PIECE_PIECE,A1-2,A215-2,2.48388127474686,0
3,PIECE_PIECE,A1-2,A297-2,2.48388127475366,0
3,PIECE_PIECE,A2-1,A505-1,5.42370819033593e-12,0
3,PIECE_PIECE,A2-2,A99-2,28.3609817785021,0
3,PIECE_PIECE,A2-2,A104-2,3.50174297594829,0
3,PIECE_PIECE,A2-2,A107-1,39.5970938475744,0
3,PIECE_PIECE,A2-2,A135-2,3.50174297594773,0
3,PIECE_PIECE,A2-2,A505-2,2.27373675443232e-13,0
3,PIECE_PIECE,A2-2,A524-2,28.3609817785025,0
3,PIECE_PIECE,A4-1,A420-1,6.3664629124105e-12,0
3,PIECE_PIECE,A4-2,A420-2,4.48450985534601e-12,0
3,PIECE_PIECE,A4-3,A420-3,3.01645267459699e-12,0
3,PIECE_PIECE,A5-1,A535-1,8.5265128291212e-14,0
3,PIECE_PIECE,A5-2,A535-2,1.13686837721616e-13,0
3,PIECE_PIECE,A6-1,A485-1,1.19018771586547e-11,0
3,PIECE_PIECE,A6-2,A106-1,50.5851739741898,0
3,PIECE_PIECE,A6-2,A485-2,0,0
3,PIECE_PIECE,A7-1,A452-1,7.33346197324415e-12,0
3,PIECE_PIECE,A7-2,A452-2,5.6843418860808e-14,0
3,PIECE_PIECE,A8-1,A450-1,1.32502484887786e-11,0
3,PIECE_PIECE,A8-2,A450-2,0,0
3,PIECE_PIECE,A9-1,A503-1,9.63592360695524e-12,0
3,PIECE_PIECE,A9-2,A178-1,54.1869683237236,0
3,PIECE_PIECE,A9-2,A503-2,1.08474163806719e-11,0
3,PIECE_PIECE,A9-3,A503-3,1.18321730326513e-11,0
3,PIECE_PIECE,A10-1,A525-1,6.82121026329696e-12,0
3,PIECE_PIECE,A10-2,A94-1,41.4321392304711,0
3,PIECE_PIECE,A10-2,A97-1,35.5663310110501,0
3,PIECE_PIECE,A10-2,A525-2,0,0
3,PIECE_PIECE,A12-1,A440-1,1.59421216657921e-11,0
3,PIECE_PIECE,A12-2,A440-2,1.12590154486861e-11,0
3,PIECE_PIECE,A12-3,A440-3,7.83697393654351e-12,0
3,PIECE_PIECE,A13-2,A94-1,42.6014655650072,0
3,PIECE_PIECE,A13-2,A106-1,17.3953381344018,0
3,PIECE_PIECE,A13-2,A281-1,34.8579009813602,0
3,PIECE_PIECE,A13-2,A310-1,34.8579009813616,0
3,PIECE_PIECE,A14-1,A490-1,2.73085155401175e-12,0
3,PIECE_PIECE,A14-2,A106-1,6.47117067564562,0
3,PIECE_PIECE,A14-2,A490-2,0,0
3,PIECE_PIECE,A15-1,A382-2,48.4982523348801,0
3,PIECE_PIECE,A15-1,A393-1,2.93091635181955e-11,0
3,PIECE_PIECE,A15-2,A393-2,4.54747350886464e-13,0
3,PIECE_PIECE,A16-1,A456-1,8.05814358803643e-12,0
3,PIECE_PIECE,A16-2,A127-2,60.651411206254,0.651411206271091
3,PIECE_PIECE,A16-2,A143-2,60.6514112062511,0.651411206267776
3,PIECE_PIECE,A16-2,A456-2,0,0
3,PIECE_PIECE,A17-1,A338-1,14.4864597072032,0
3,PIECE_PIECE,A17-1,A398-1,4.23971127538894e-11,0
3,PIECE_PIECE,A17-2,A398-2,6.43109871076874e-13,0
3,PIECE_PIECE,A18-1,A462-1,7.15437150111639e-12,0
3,PIECE_PIECE,A18-2,A462-2,0,0
3,PIECE_PIECE,A19-1,A474-1,2.73501328641994e-11,0
3,PIECE_PIECE,A19-2,A474-2,1.60133066507651e-11,0
3,PIECE_PIECE,A19-3,A474-3,2.2755550168216e-11,0
3,PIECE_PIECE,A20-1,A443-1,9.34447716100954e-12,0
3,PIECE_PIECE,A20-2,A443-2,0,0
3,PIECE_PIECE,A21-1,A477-1,6.08835209231797e-12,0
3,PIECE_PIECE,A21-2,A36-2,32.6067186648203,0
3,PIECE_PIECE,A21-2,A477-2,0,0
3,PIECE_PIECE,A21-2,A530-2,32.6067186648403,0
3,PIECE_PIECE,A22-1,A480-1,2.99063377450828e-12,0
3,PIECE_PIECE,A22-2,A480-2,0,0
3,PIECE_PIECE,A23-1,A520-1,5.2259633279318e-12,0
3,PIECE_PIECE,A23-2,A119-1,17.7595591183695,0
3,PIECE_PIECE,A23-2,A520-2,0,0
3,PIECE_PIECE,A24-1,A533-1,8.4097528128527e-12,0
3,PIECE_PIECE,A24-2,A533-2,0,0
3,PIECE_PIECE,A25-1,A521-1,9.02934045901237e-12,0
3,PIECE_PIECE,A25-2,A521-2,0,0
3,PIECE_PIECE,A26-1,A534-1,4.19256341833392e-12,0
3,PIECE_PIECE,A26-2,A534-2,2.27373675443232e-13,0
3,PIECE_PIECE,A27-1,A99-1,27.484068166523,0
3,PIECE_PIECE,A27-1,A464-1,1.18779625032484e-11,0
3,PIECE_PIECE,A27-1,A524-1,27.4840681665234,0
3,PIECE_PIECE,A27-2,A464-2,4.54747350886464e-13,0
3,PIECE_PIECE,A28-1,A512-1,7.05957731782292e-12,0
3,PIECE_PIECE,A28-2,A512-2,0,0
3,PIECE_PIECE,A29-1,A504-1,4.09272615797818e-12,0
3,PIECE_PIECE,A29-2,A156-1,57.7531825989781,0
3,PIECE_PIECE,A29-2,A290-1,57.7531825989822,0
3,PIECE_PIECE,A29-2,A504-2,0,0
3,PIECE_PIECE,A30-1,A381-1,2.03829435399264e-11,0
3,PIECE_PIECE,A30-2,A381-2,0,0
3,PIECE_PIECE,A31-1,A35-1,58.5244437736695,0
3,PIECE_PIECE,A31-1,A482-1,58.5244437736702,0
3,PIECE_PIECE,A31-1,A529-1,3.83850943220162e-12,0
3,PIECE_PIECE,A31-2,A32-2,21.6690882153179,0
3,PIECE_PIECE,A31-2,A509-2,21.6690882153119,0
3,PIECE_PIECE,A31-2,A529-2,1.13686837721616e-13,0
3,PIECE_PIECE,A32-1,A460-1,41.2593338469224,0
3,PIECE_PIECE,A32-1,A509-1,7.16136844313206e-12,0
3,PIECE_PIECE,A32-2,A207-1,11.2080670232472,0
3,PIECE_PIECE,A32-2,A509-2,0,0
3,PIECE_PIECE,A32-2,A529-2,21.6690882153151,0
3,PIECE_PIECE,A33-1,A491-1,2.9118037843695e-12,0
3,PIECE_PIECE,A33-2,A138-1,23.0869297094121,0
3,PIECE_PIECE,A33-2,A187-1,23.086929709438,0
3,PIECE_PIECE,A33-2,A491-2,2.27373675443232e-13,0
3,PIECE_PIECE,A34-1,A506-1,2.84898398743773e-12,0
3,PIECE_PIECE,A34-2,A506-2,0,0
3,PIECE_PIECE,A35-1,A482-1,3.83850943220162e-12,0
3,PIECE_PIECE,A35-1,A529-1,58.5244437736674,0
3,PIECE_PIECE,A35-2,A482-2,0,0
3,PIECE_PIECE,A36-1,A530-1,6.77939693372335e-12,0
3,PIECE_PIECE,A36-2,A477-2,32.6067186648201,0
3,PIECE_PIECE,A36-2,A530-2,0,0
3,PIECE_PIECE,A38-1,A367-1,35.6227525607113,0
3,PIECE_PIECE,A38-1,A406-2,25.2989207647811,0
3,PIECE_PIECE,A38-1,A428-1,6.20551040943777e-11,0
3,PIECE_PIECE,A38-1,A448-2,25.2989207647743,0
3,PIECE_PIECE,A38-2,A428-2,2.27373675443232e-13,0
3,PIECE_PIECE,A40-1,A454-1,7.31846600475868e-12,0
3,PIECE_PIECE,A40-2,A454-2,0,0
3,PIECE_PIECE,A41-1,A516-1,7.40275054163235e-12,0
3,PIECE_PIECE,A41-2,A516-2,0,0
3,PIECE_PIECE,A42-1,A403-1,2.32988685774208e-11,0
3,PIECE_PIECE,A42-2,A403-2,0,0
3,PIECE_PIECE,A43-1,A419-1,1.75598328352089e-11,0
3,PIECE_PIECE,A43-2,A419-2,5.57418694535627e-14,0
3,PIECE_PIECE,A44-1,A426-1,2.63606413680098e-11,0
3,PIECE_PIECE,A44-2,A426-2,2.28202080268874e-11,0
3,PIECE_PIECE,A44-3,A426-3,3.25456248837109e-11,0
3,PIECE_PIECE,A45-1,A466-1,2.99063377450828e-12,0
3,PIECE_PIECE,A45-2,A466-2,0,0
3,PIECE_PIECE,A46-1,A402-1,1.49068546898441e-11,0
3,PIECE_PIECE,A46-2,A114-1,26.1902684564598,0
3,PIECE_PIECE,A46-2,A402-2,2.27373675443232e-13,0
3,PIECE_PIECE,A47-1,A416-1,5.95121005755924e-12,0
3,PIECE_PIECE,A47-2,A416-2,2.27373675443232e-13,0
3,PIECE_PIECE,A50-1,A498-1,6.08410489815453e-12,0
3,PIECE_PIECE,A50-2,A131-1,41.2301921852901,0
3,PIECE_PIECE,A50-2,A498-2,0,0
3,PIECE_PIECE,A51-1,A389-1,20.8329026941699,0
3,PIECE_PIECE,A51-1,A472-1,1.82083587747197e-11,0
3,PIECE_PIECE,A51-1,A483-1,12.864319219555,0
3,PIECE_PIECE,A51-1,A487-1,32.7451259003602,0
3,PIECE_PIECE,A51-2,A472-2,1.13686837721616e-13,0
3,PIECE_PIECE,A53-1,A377-1,15.677716971967,0
3,PIECE_PIECE,A53-1,A500-1,1.95924348413588e-12,0
3,PIECE_PIECE,A53-2,A500-2,5.6843418860808e-14,0
3,PIECE_PIECE,A54-1,A447-1,1.64721461484873e-11,0
3,PIECE_PIECE,A54-2,A447-2,3.5527136788005e-15,0
3,PIECE_PIECE,A55-1,A305-1,28.9465780159887,0
3,PIECE_PIECE,A55-1,A380-1,1.59413842748978,0
3,PIECE_PIECE,A55-1,A479-1,4.04507929366837e-12,0
3,PIECE_PIECE,A55-2,A479-2,8.5265128291212e-14,0
3,PIECE_PIECE,A57-1,A502-1,6.01719477471476e-12,0
3,PIECE_PIECE,A57-2,A155-1,34.2879407896581,0
3,PIECE_PIECE,A57-2,A502-2,5.6843418860808e-14,0
3,PIECE_PIECE,A58-1,A59-1,36.7791838301882,0
3,PIECE_PIECE,A58-1,A429-1,1.79866985175712e-12,0
3,PIECE_PIECE,A58-1,A499-1,36.7791838301882,0
3,PIECE_PIECE,A58-2,A429-2,5.6843418860808e-14,0
3,PIECE_PIECE,A59-1,A429-1,36.7791838301885,0
3,PIECE_PIECE,A59-1,A499-1,8.39283021618564e-13,0
3,PIECE_PIECE,A59-2,A499-2,5.6843418860808e-14,0
3,PIECE_PIECE,A60-1,A531-1,9.61414473043922e-13,0
3,PIECE_PIECE,A60-2,A531-2,5.6843418860808e-14,0
3,PIECE_PIECE,A61-1,A507-1,1.70530256582424e-12,0
3,PIECE_PIECE,A61-2,A507-2,1.13686837721616e-13,0
3,PIECE_PIECE,A62-1,A461-1,9.64664806615311e-12,0
3,PIECE_PIECE,A62-2,A461-2,0,0
3,PIECE_PIECE,A63-2,A264-1,56.7649958244215,0
3,PIECE_PIECE,A64-1,A518-1,5.24440228885887e-12,0
3,PIECE_PIECE,A64-2,A518-2,3.32813241773339e-12,0
3,PIECE_PIECE,A64-3,A518-3,4.07373428678714e-12,0
3,PIECE_PIECE,A65-1,A497-1,7.17669268037145e-12,0
3,PIECE_PIECE,A65-2,A122-1,13.9505795065391,0
3,PIECE_PIECE,A65-2,A497-2,3.21554935538437e-13,0
3,PIECE_PIECE,A66-1,A444-1,2.58536967130647e-11,0
3,PIECE_PIECE,A66-2,A444-2,5.08422994585042e-13,0
3,PIECE_PIECE,A67-2,A96-1,22.7309740671356,0
3,PIECE_PIECE,A67-2,A121-1,22.7309740671369,0
3,PIECE_PIECE,A68-1,A517-1,2.03686714339357e-12,0
3,PIECE_PIECE,A68-2,A517-2,0,0
3,PIECE_PIECE,A69-1,A374-1,1.42544436108678e-11,0
3,PIECE_PIECE,A69-2,A374-2,1.13686837721616e-13,0
3,PIECE_PIECE,A70-1,A522-1,1.71663360453539e-12,0
3,PIECE_PIECE,A70-2,A522-2,0,0
3,PIECE_PIECE,A71-1,A478-1,1.59502268682405e-11,0
3,PIECE_PIECE,A71-2,A478-2,0,0
3,PIECE_PIECE,A72-1,A489-1,1.1073821644355e-11,0
3,PIECE_PIECE,A72-2,A183-1,15.2232950846474,0
3,PIECE_PIECE,A72-2,A489-2,4.54747350886464e-13,0
3,PIECE_PIECE,A74-1,A386-1,4.1086272157068e-11,0
3,PIECE_PIECE,A74-2,A386-2,0,0
3,PIECE_PIECE,A75-1,A515-1,5.90405860411865e-12,0
3,PIECE_PIECE,A75-2,A515-2,2.27373675443232e-13,0
3,PIECE_PIECE,A77-1,A523-1,6.39178906425086e-12,0
3,PIECE_PIECE,A77-2,A205-1,31.4649037375362,0
3,PIECE_PIECE,A77-2,A523-2,5.6843418860808e-14,0
3,PIECE_PIECE,A78-1,A379-1,28.747606526207,0
3,PIECE_PIECE,A78-1,A388-1,2.44646044719795e-11,0
3,PIECE_PIECE,A78-2,A388-2,0,0
3,PIECE_PIECE,A79-1,A501-1,7.17579216055106e-12,0
3,PIECE_PIECE,A79-2,A122-1,60.7906647820018,0.790664782045885
3,PIECE_PIECE,A79-2,A181-1,7.16867298121423,0
3,PIECE_PIECE,A79-2,A501-2,0,0
3,PIECE_PIECE,A82-1,A459-1,4.20878208459696e-11,0
3,PIECE_PIECE,A82-2,A459-2,0,0
3,PIECE_PIECE,A83-1,A463-1,1.47792889038101e-12,0
3,PIECE_PIECE,A83-2,A463-2,1.13686837721616e-13,0
3,PIECE_PIECE,A84-1,A514-1,9.592905876038e-12,0
3,PIECE_PIECE,A84-2,A514-2,0,0
3,PIECE_PIECE,A87-1,A424-1,2.05002501877121e-11,0
3,PIECE_PIECE,A87-2,A424-2,3.88536306914717e-12,0
3,PIECE_PIECE,A87-3,A424-3,5.6843418860808e-14,0
3,PIECE_PIECE,A89-1,A438-1,2.85592220577819e-12,0
3,PIECE_PIECE,A89-2,A438-2,2.79459267250828e-12,0
3,PIECE_PIECE,A89-3,A438-3,4.65457016979014e-12,0
3,PIECE_PIECE,A90-1,A422-1,1.5402783496429e-11,0
3,PIECE_PIECE,A90-2,A422-2,4.54747350886464e-13,0
3,PIECE_PIECE,A92-1,A96-2,42.9687490304344,0
3,PIECE_PIECE,A92-1,A112-2,49.0382103498345,0
3,PIECE_PIECE,A92-1,A117-1,55.1530698039645,0
3,PIECE_PIECE,A92-1,A121-2,42.9687490304332,0
3,PIECE_PIECE,A92-1,A132-2,49.0382103498347,0
3,PIECE_PIECE,A92-1,A140-1,7.6534127764293e-12,0
3,PIECE_PIECE,A92-2,A140-2,1.70530256582424e-13,0
3,PIECE_PIECE,A94-1,A128-1,55.5243012508299,0
3,PIECE_PIECE,A94-1,A181-1,22.7884022180745,0
3,PIECE_PIECE,A94-1,A525-2,41.4321392304705,0
3,PIECE_PIECE,A95-1,A109-1,13.5722455829446,0
3,PIECE_PIECE,A95-1,A126-1,23.1958774985909,0
3,PIECE_PIECE,A96-1,A121-1,4.63753123184941e-12,0
3,PIECE_PIECE,A96-2,A121-2,0,0
3,PIECE_PIECE,A96-2,A128-1,45.7108805479045,0
3,PIECE_PIECE,A96-2,A140-1,42.9687490304334,0
3,PIECE_PIECE,A96-2,A161-2,56.4579456145748,0
3,PIECE_PIECE,A97-1,A190-1,48.2581123327412,0
3,PIECE_PIECE,A97-1,A525-2,35.5663310110342,0
3,PIECE_PIECE,A99-1,A464-1,27.4840681665254,0
3,PIECE_PIECE,A99-1,A524-1,2.05040129323524e-11,0
3,PIECE_PIECE,A99-2,A505-2,28.360981778501,0
3,PIECE_PIECE,A99-2,A524-2,5.823607568739e-12,0
3,PIECE_PIECE,A99-3,A524-3,1.13686837721616e-12,0
3,PIECE_PIECE,A100-1,A209-2,42.9383656037143,0
3,PIECE_PIECE,A100-1,A519-2,42.9383656037192,0
3,PIECE_PIECE,A101-1,A274-1,44.0259653595712,0
3,PIECE_PIECE,A102-1,A455-1,1.45661191509562e-11,0
3,PIECE_PIECE,A102-2,A455-2,2.03369197834017e-12,0
3,PIECE_PIECE,A102-3,A455-3,4.54747350886464e-13,0
3,PIECE_PIECE,A103-1,A249-1,38.5714471837552,0
3,PIECE_PIECE,A104-1,A135-1,1.96174865869789e-11,0
3,PIECE_PIECE,A104-2,A115-1,36.9974063222651,0
3,PIECE_PIECE,A104-2,A135-2,2.27373675443232e-13,0
3,PIECE_PIECE,A104-2,A505-2,3.50174297594384,0
3,PIECE_PIECE,A105-1,A215-1,6.31648127031268,0
3,PIECE_PIECE,A105-1,A258-1,7.55483039294456e-12,0
3,PIECE_PIECE,A105-1,A297-1,6.31648127030785,0
3,PIECE_PIECE,A105-2,A258-2,0,0
3,PIECE_PIECE,A106-1,A485-2,50.5851739741869,0
3,PIECE_PIECE,A106-1,A490-2,6.47117067564082,0
3,PIECE_PIECE,A107-1,A505-2,39.5970938475645,0
3,PIECE_PIECE,A108-1,A128-1,60.6696381011174,0.669638101117926
3,PIECE_PIECE,A109-1,A113-1,2.32680964221322,0
3,PIECE_PIECE,A110-1,A435-1,1.58155512840303e-11,0
3,PIECE_PIECE,A110-2,A435-2,4.54827279919842e-12,0
3,PIECE_PIECE,A110-3,A112-2,3.42359142128111,0
3,PIECE_PIECE,A110-3,A132-2,3.42359142128236,0
3,PIECE_PIECE,A110-3,A435-3,2.06209246553238e-12,0
3,PIECE_PIECE,A112-1,A132-1,3.92672428442223e-12,0
3,PIECE_PIECE,A112-2,A132-2,2.27373675443232e-13,0
3,PIECE_PIECE,A112-2,A140-1,49.0382103498344,0
3,PIECE_PIECE,A112-2,A181-1,53.9177421384,0
3,PIECE_PIECE,A112-2,A435-3,3.42359142127944,0
3,PIECE_PIECE,A114-1,A402-2,26.1902684564578,0
3,PIECE_PIECE,A115-1,A135-2,36.9974063222664,0
3,PIECE_PIECE,A117-1,A140-1,55.1530698039651,0
3,PIECE_PIECE,A117-1,A164-1,21.9846553771493,0
3,PIECE_PIECE,A117-1,A184-1,48.4200721197756,0
3,PIECE_PIECE,A118-2,A138-1,12.033247097963,0
3,PIECE_PIECE,A118-2,A187-1,12.0332470979714,0
3,PIECE_PIECE,A119-1,A123-1,4.84064581963682,0
3,PIECE_PIECE,A119-1,A130-1,4.84064581964749,0
3,PIECE_PIECE,A119-1,A520-2,17.7595591183732,0
3,PIECE_PIECE,A121-2,A128-1,45.7108805478985,0
3,PIECE_PIECE,A121-2,A140-1,42.9687490304324,0
3,PIECE_PIECE,A121-2,A161-2,56.4579456145658,0
3,PIECE_PIECE,A122-1,A497-2,13.9505795065353,0
3,PIECE_PIECE,A122-1,A501-2,60.7906647819984,0.790664782042497
3,PIECE_PIECE,A123-1,A130-1,1.04888045777177e-11,0
3,PIECE_PIECE,A123-2,A130-2,1.07996512152003e-11,0
3,PIECE_PIECE,A123-3,A130-3,1.15759776793837e-11,0
3,PIECE_PIECE,A124-1,A526-1,6.44715641044869e-12,0
3,PIECE_PIECE,A124-2,A526-2,9.931832058938e-12,0
3,PIECE_PIECE,A124-3,A161-2,38.9206120522943,0
3,PIECE_PIECE,A124-3,A215-2,28.8452418445679,0
3,PIECE_PIECE,A124-3,A297-2,28.8452418445651,0
3,PIECE_PIECE,A124-3,A526-3,1.35892631055721e-11,0
3,PIECE_PIECE,A127-1,A143-1,4.11830471573011e-12,0
3,PIECE_PIECE,A127-2,A143-2,2.27373675443232e-13,0
3,PIECE_PIECE,A127-2,A456-2,60.6514112062575,0.6514112062749
3,PIECE_PIECE,A131-1,A156-1,5.72609773096749,0
3,PIECE_PIECE,A131-1,A290-1,5.72609773096356,0
3,PIECE_PIECE,A131-1,A498-2,41.2301921852822,0
3,PIECE_PIECE,A132-2,A140-1,49.0382103498338,0
3,PIECE_PIECE,A132-2,A181-1,53.9177421384111,0
3,PIECE_PIECE,A132-2,A435-3,3.42359142128136,0
3,PIECE_PIECE,A133-1,A528-1,4.16782831503573e-12,0
3,PIECE_PIECE,A133-2,A528-2,5.06895430808253e-12,0
3,PIECE_PIECE,A133-3,A148-1,54.4160424816571,0
3,PIECE_PIECE,A133-3,A169-3,26.8453359492082,0
3,PIECE_PIECE,A133-3,A481-3,26.8453359492112,0
3,PIECE_PIECE,A133-3,A528-3,1.31055827561537e-11,0
3,PIECE_PIECE,A134-4,A159-1,55.2039734156121,0
3,PIECE_PIECE,A134-4,A208-3,20.5379092753283,0
3,PIECE_PIECE,A134-4,A237-3,20.5379092753271,0
3,PIECE_PIECE,A135-2,A505-2,3.50174297594349,0
3,PIECE_PIECE,A136-1,A231-2,11.2236678179823,0
3,PIECE_PIECE,A136-1,A235-2,11.2236678179846,0
3,PIECE_PIECE,A137-1,A180-1,7.53658641222595,0
3,PIECE_PIECE,A137-1,A186-1,52.097267385145,0
3,PIECE_PIECE,A138-1,A187-1,5.6338223329659e-11,0
3,PIECE_PIECE,A138-1,A491-2,23.0869297094133,0
3,PIECE_PIECE,A138-2,A187-2,2.27373675443232e-13,0
3,PIECE_PIECE,A139-1,A510-1,3.31061068631267e-12,0
3,PIECE_PIECE,A139-2,A510-2,4.57015431544318e-12,0
3,PIECE_PIECE,A139-3,A510-3,6.1684931853281e-12,0
3,PIECE_PIECE,A142-1,A471-1,8.32634824455479e-12,0
3,PIECE_PIECE,A142-2,A471-2,1.08973444788005e-11,0
3,PIECE_PIECE,A142-3,A471-3,1.32424427452507e-11,0
3,PIECE_PIECE,A143-2,A456-2,60.6514112062547,0.651411206271526
3,PIECE_PIECE,A144-1,A336-1,53.8285791666457,0
3,PIECE_PIECE,A145-1,A173-1,3.77741519647228e-12,0
3,PIECE_PIECE,A145-2,A167-1,18.2483834819246,0
3,PIECE_PIECE,A145-2,A173-2,4.54747350886464e-13,0
3,PIECE_PIECE,A145-2,A179-1,18.2483834819263,0
3,PIECE_PIECE,A146-1,A508-1,3.08424659266405e-12,0
3,PIECE_PIECE,A146-2,A508-2,7.56850430529686e-12,0
3,PIECE_PIECE,A146-3,A160-1,31.5701422800903,0
3,PIECE_PIECE,A146-3,A508-3,1.21085822281151e-11,0
3,PIECE_PIECE,A147-1,A349-1,2.15465802111469e-11,0
3,PIECE_PIECE,A147-2,A349-2,8.5265128291212e-14,0
3,PIECE_PIECE,A148-1,A528-3,54.4160424816522,0
3,PIECE_PIECE,A150-1,A227-1,6.57420618827062e-12,0
3,PIECE_PIECE,A150-2,A227-2,0,0
3,PIECE_PIECE,A150-2,A281-1,12.7696251985423,0
3,PIECE_PIECE,A150-2,A310-1,12.7696251985409,0
3,PIECE_PIECE,A152-1,A189-1,1.44449406200407e-11,0
3,PIECE_PIECE,A152-2,A189-2,4.54747350886464e-13,0
3,PIECE_PIECE,A153-1,A162-1,6.35935351553917e-12,0
3,PIECE_PIECE,A153-2,A162-2,0,0
3,PIECE_PIECE,A153-2,A176-1,59.2145835836096,0
3,PIECE_PIECE,A154-1,A249-1,32.9887207968254,0
3,PIECE_PIECE,A155-1,A502-2,34.2879407896595,0
3,PIECE_PIECE,A156-1,A290-1,1.65920477221862e-11,0
3,PIECE_PIECE,A156-1,A504-2,57.7531825989878,0
3,PIECE_PIECE,A156-2,A290-2,2.54211497292521e-13,0
3,PIECE_PIECE,A157-1,A159-2,34.7116024618233,0
3,PIECE_PIECE,A157-1,A161-2,15.5351113918957,0
3,PIECE_PIECE,A157-1,A185-2,19.958185620238,0
3,PIECE_PIECE,A157-1,A195-2,19.9581856202441,0
3,PIECE_PIECE,A158-2,A207-1,3.98828098974875,0
3,PIECE_PIECE,A159-1,A208-3,58.7907034037696,0
3,PIECE_PIECE,A159-1,A237-3,58.7907034037705,0
3,PIECE_PIECE,A160-1,A190-1,14.2839426819517,0
3,PIECE_PIECE,A160-1,A508-3,31.5701422800769,0
3,PIECE_PIECE,A161-2,A526-3,38.9206120522768,0
3,PIECE_PIECE,A162-2,A176-1,59.2145835836166,0
3,PIECE_PIECE,A163-1,A272-1,5.53691082217752e-12,0
3,PIECE_PIECE,A163-2,A249-1,13.4521797025604,0
3,PIECE_PIECE,A163-2,A272-2,0,0
3,PIECE_PIECE,A165-1,A209-3,6.62456547988515,0
3,PIECE_PIECE,A165-1,A239-1,6.33389767116756e-12,0
3,PIECE_PIECE,A165-1,A519-3,6.6245654799003,0
3,PIECE_PIECE,A165-2,A239-2,0,0
3,PIECE_PIECE,A166-1,A361-1,2.16960242286682e-11,0
3,PIECE_PIECE,A166-2,A361-2,2.34371420084339e-13,0
3,PIECE_PIECE,A167-1,A173-2,18.2483834819251,0
3,PIECE_PIECE,A167-1,A179-1,5.62491408202413e-12,0
3,PIECE_PIECE,A167-2,A179-2,4.54747350886464e-13,0
3,PIECE_PIECE,A169-1,A481-1,9.67407522671456e-12,0
3,PIECE_PIECE,A169-2,A481-2,7.81385109687089e-12,0
3,PIECE_PIECE,A169-3,A481-3,6.39987226579141e-12,0
3,PIECE_PIECE,A169-3,A528-3,26.8453359492,0
3,PIECE_PIECE,A170-1,A193-1,9.13840450970887,0
3,PIECE_PIECE,A170-1,A277-2,25.1528675746994,0
3,PIECE_PIECE,A170-1,A355-2,25.1528675746994,0
3,PIECE_PIECE,A172-1,A316-1,60.6787506389012,0.678750639256177
3,PIECE_PIECE,A173-2,A179-1,18.2483834819258,0
3,PIECE_PIECE,A174-1,A209-3,41.4831763720654,0
3,PIECE_PIECE,A174-1,A218-1,9.38587956650294e-12,0
3,PIECE_PIECE,A174-1,A519-3,41.4831763720838,0
3,PIECE_PIECE,A174-2,A218-2,0,0
3,PIECE_PIECE,A176-1,A196-2,12.860161418005,0
3,PIECE_PIECE,A177-1,A181-1,58.4712208256913,0
3,PIECE_PIECE,A177-1,A243-1,1.61419296539851e-11,0
3,PIECE_PIECE,A177-2,A243-2,0,0
3,PIECE_PIECE,A178-1,A503-2,54.1869683237134,0
3,PIECE_PIECE,A178-4,A197-2,14.7510941977752,0
3,PIECE_PIECE,A178-4,A200-2,14.7510941977764,0
3,PIECE_PIECE,A180-1,A223-1,14.2373594382039,0
3,PIECE_PIECE,A180-1,A277-1,38.3627715540602,0
3,PIECE_PIECE,A180-1,A355-1,38.362771554058,0
3,PIECE_PIECE,A181-1,A243-1,58.4712208257037,0
3,PIECE_PIECE,A181-1,A501-2,7.16867298120278,0
3,PIECE_PIECE,A182-1,A246-1,1.36897080878865e-12,0
3,PIECE_PIECE,A182-2,A204-2,4.82755300198274,0
3,PIECE_PIECE,A182-2,A242-1,38.2306165778446,0
3,PIECE_PIECE,A182-2,A246-2,9.9475983006414e-14,0
3,PIECE_PIECE,A182-2,A252-2,4.82755300198395,0
3,PIECE_PIECE,A183-1,A489-2,15.2232950846662,0
3,PIECE_PIECE,A185-1,A195-1,7.513659348596e-12,0
3,PIECE_PIECE,A185-2,A188-1,13.3835254227309,0
3,PIECE_PIECE,A185-2,A195-2,0,0
3,PIECE_PIECE,A185-2,A366-1,13.3835254227285,0
3,PIECE_PIECE,A186-1,A223-1,23.9439425831167,0
3,PIECE_PIECE,A186-1,A284-1,8.20111445725882,0
3,PIECE_PIECE,A187-1,A491-2,23.0869297094395,0
3,PIECE_PIECE,A188-1,A195-2,13.3835254227427,0
3,PIECE_PIECE,A188-1,A366-1,1.20400748481859e-11,0
3,PIECE_PIECE,A188-2,A366-2,0,0
3,PIECE_PIECE,A195-2,A366-1,13.38352542274,0
3,PIECE_PIECE,A197-1,A200-1,1.44949603513935e-11,0
3,PIECE_PIECE,A197-2,A200-2,3.40301756912044e-12,0
3,PIECE_PIECE,A197-3,A200-3,2.22779794310843e-12,0
3,PIECE_PIECE,A198-1,A356-1,1.21687408692955e-11,0
3,PIECE_PIECE,A198-2,A352-1,39.7069139348652,0
3,PIECE_PIECE,A198-2,A356-2,1.13686837721616e-13,0
3,PIECE_PIECE,A198-2,A418-1,39.7069139348681,0
3,PIECE_PIECE,A201-1,A283-1,3.6943849430081e-12,0
3,PIECE_PIECE,A201-2,A283-2,4.38542463643578e-12,0
3,PIECE_PIECE,A201-3,A283-3,1.50221573304943e-11,0
3,PIECE_PIECE,A201-3,A292-1,25.6328402470684,0
3,PIECE_PIECE,A201-3,A308-1,25.6328402470674,0
3,PIECE_PIECE,A203-1,A216-1,41.6568040288338,0
3,PIECE_PIECE,A203-1,A285-1,34.2780557531296,0
3,PIECE_PIECE,A204-1,A252-1,9.90055062042176e-12,0
3,PIECE_PIECE,A204-2,A242-1,37.4756749512618,0
3,PIECE_PIECE,A204-2,A246-2,4.82755300198249,0
3,PIECE_PIECE,A204-2,A252-2,1.13686837721616e-13,0
3,PIECE_PIECE,A205-1,A523-2,31.4649037375579,0
3,PIECE_PIECE,A206-1,A303-1,61.7786710871069,1.77867108710721
3,PIECE_PIECE,A207-1,A509-2,11.2080670232301,0
3,PIECE_PIECE,A208-1,A237-1,6.39886242400748e-12,0
3,PIECE_PIECE,A208-2,A237-2,1.57529103268542e-12,0
3,PIECE_PIECE,A208-3,A237-3,0,0
3,PIECE_PIECE,A209-1,A473-2,48.4784430504751,0
3,PIECE_PIECE,A209-1,A493-2,48.4784430504721,0
3,PIECE_PIECE,A209-1,A519-1,1.86501862612294e-11,0
3,PIECE_PIECE,A209-2,A519-2,1.01684598917008e-11,0
3,PIECE_PIECE,A209-3,A218-1,41.4831763720647,0
3,PIECE_PIECE,A209-3,A239-1,6.62456547988393,0
3,PIECE_PIECE,A209-3,A519-3,1.70696915839685e-11,0
3,PIECE_PIECE,A210-1,A263-1,6.52685234599963e-12,0
3,PIECE_PIECE,A210-2,A263-2,0,0
3,PIECE_PIECE,A210-2,A276-1,3.96434762161836,0
3,PIECE_PIECE,A211-1,A285-1,0.225686257350192,0
3,PIECE_PIECE,A211-1,A342-2,23.7029149549996,0
3,PIECE_PIECE,A211-1,A362-2,23.7029149549852,0
3,PIECE_PIECE,A212-1,A371-1,6.58991518602736e-12,0
3,PIECE_PIECE,A212-2,A371-2,3.21554935538437e-13,0
3,PIECE_PIECE,A213-1,A304-1,7.29015461814988e-12,0
3,PIECE_PIECE,A213-2,A304-2,1.13686837721616e-13,0
3,PIECE_PIECE,A215-1,A258-1,6.31648127031223,0
3,PIECE_PIECE,A215-1,A297-1,8.6879359398803e-12,0
3,PIECE_PIECE,A215-2,A297-2,8.3974488518922e-12,0
3,PIECE_PIECE,A215-2,A526-3,28.845241844546,0
3,PIECE_PIECE,A215-3,A297-3,1.69454417124353e-11,0
3,PIECE_PIECE,A216-1,A264-1,54.9135831971758,0
3,PIECE_PIECE,A216-1,A285-1,44.757989538027,0
3,PIECE_PIECE,A216-1,A351-1,36.0279076579219,0
3,PIECE_PIECE,A217-1,A241-1,3.18558552739949e-11,0
3,PIECE_PIECE,A217-2,A241-2,0,0
3,PIECE_PIECE,A218-1,A519-3,41.4831763720833,0
3,PIECE_PIECE,A221-1,A299-1,47.2335760789479,0
3,PIECE_PIECE,A223-1,A317-1,29.2597627611843,0
3,PIECE_PIECE,A223-1,A345-1,29.2597627611846,0
3,PIECE_PIECE,A224-1,A238-1,56.3070499459327,0
3,PIECE_PIECE,A224-1,A315-1,1.35911651649426e-11,0
3,PIECE_PIECE,A224-2,A267-2,29.3224705777909,0
3,PIECE_PIECE,A224-2,A315-2,2.27373675443232e-13,0
3,PIECE_PIECE,A225-1,A271-1,12.8336530359692,0
3,PIECE_PIECE,A225-1,A295-2,20.0768414600129,0
3,PIECE_PIECE,A225-1,A300-1,12.8336530359686,0
3,PIECE_PIECE,A226-1,A256-1,4.89777886026286e-12,0
3,PIECE_PIECE,A226-2,A256-2,4.98150764092467e-12,0
3,PIECE_PIECE,A226-3,A256-3,7.4584111038606e-12,0
3,PIECE_PIECE,A227-2,A281-1,12.7696251985403,0
3,PIECE_PIECE,A227-2,A310-1,12.7696251985391,0
3,PIECE_PIECE,A230-1,A359-1,1.21512032054737e-11,0
3,PIECE_PIECE,A230-2,A359-2,2.27373675443232e-13,0
3,PIECE_PIECE,A231-1,A235-1,6.12222357532858e-12,0
3,PIECE_PIECE,A231-2,A235-2,0,0
3,PIECE_PIECE,A233-1,A321-1,56.1458681276714,0
3,PIECE_PIECE,A233-1,A342-2,16.190259555084,0
3,PIECE_PIECE,A233-1,A362-2,16.1902595550804,0
3,PIECE_PIECE,A233-1,A414-1,56.1458681276695,0
3,PIECE_PIECE,A238-1,A314-1,43.4188798625669,0
3,PIECE_PIECE,A238-1,A315-1,56.3070499459403,0
3,PIECE_PIECE,A238-1,A387-1,14.3571554951467,0
3,PIECE_PIECE,A239-1,A519-3,6.62456547989899,0
3,PIECE_PIECE,A242-1,A246-2,38.2306165778446,0
3,PIECE_PIECE,A242-1,A252-2,37.4756749512628,0
3,PIECE_PIECE,A246-2,A252-2,4.82755300198375,0
3,PIECE_PIECE,A249-1,A264-1,2.79432741462244,0
3,PIECE_PIECE,A249-1,A272-2,13.4521797025601,0
3,PIECE_PIECE,A251-1,A433-1,8.42510749573599e-12,0
3,PIECE_PIECE,A251-2,A433-2,0,0
3,PIECE_PIECE,A254-1,A273-1,8.02277953170112e-12,0
3,PIECE_PIECE,A254-2,A273-2,0,0
3,PIECE_PIECE,A254-2,A294-1,35.6288745258658,0
3,PIECE_PIECE,A255-1,A289-1,14.3497488749474,0
3,PIECE_PIECE,A255-1,A313-1,23.783920388354,0
3,PIECE_PIECE,A257-1,A328-1,42.7556704026431,0
3,PIECE_PIECE,A258-1,A297-1,6.31648127030726,0
3,PIECE_PIECE,A260-1,A421-2,36.3908597288281,0
3,PIECE_PIECE,A263-2,A276-1,3.9643476216163,0
3,PIECE_PIECE,A265-1,A401-3,52.0981484594364,0
3,PIECE_PIECE,A265-1,A412-3,52.0981484594335,0
3,PIECE_PIECE,A267-2,A315-2,29.3224705777891,0
3,PIECE_PIECE,A271-1,A300-1,8.57111300546001e-12,0
3,PIECE_PIECE,A271-2,A276-1,40.7346370553564,0
3,PIECE_PIECE,A271-2,A300-2,0,0
3,PIECE_PIECE,A273-2,A294-1,35.628874525863,0
3,PIECE_PIECE,A276-1,A300-2,40.7346370553548,0
3,PIECE_PIECE,A277-1,A317-1,4.7681121477755,0
3,PIECE_PIECE,A277-1,A345-1,4.76811214777471,0
3,PIECE_PIECE,A277-1,A355-1,3.6165997063533e-12,0
3,PIECE_PIECE,A277-2,A355-2,2.8421709430404e-13,0
3,PIECE_PIECE,A278-1,A306-1,52.8427557790863,0
3,PIECE_PIECE,A279-1,A369-1,2.05493479874258e-11,0
3,PIECE_PIECE,A279-2,A369-2,3.69482222595252e-13,0
3,PIECE_PIECE,A281-1,A310-1,6.57813695465367e-12,0
3,PIECE_PIECE,A281-2,A310-2,1.13686837721616e-13,0
3,PIECE_PIECE,A283-3,A292-1,25.6328402470529,0
3,PIECE_PIECE,A283-3,A308-1,25.6328402470515,0
3,PIECE_PIECE,A290-1,A504-2,57.7531825989925,0
3,PIECE_PIECE,A292-1,A308-1,3.19134161318702e-12,0
3,PIECE_PIECE,A292-2,A308-2,0,0
3,PIECE_PIECE,A292-2,A317-1,14.4742497077522,0
3,PIECE_PIECE,A292-2,A345-1,14.4742497077516,0
3,PIECE_PIECE,A293-1,A449-3,61.4529593482502,1.4529593482527
3,PIECE_PIECE,A293-1,A476-1,29.4113930495143,0
3,PIECE_PIECE,A295-2,A436-1,1.47313520786347,0
3,PIECE_PIECE,A297-2,A526-3,28.8452418445429,0
3,PIECE_PIECE,A301-1,A376-1,8.1379449366856e-12,0
3,PIECE_PIECE,A301-2,A376-2,2.27373675443232e-13,0
3,PIECE_PIECE,A302-1,A307-1,4.2960990930831e-12,0
3,PIECE_PIECE,A302-2,A307-2,0,0
3,PIECE_PIECE,A303-1,A328-1,19.2277501249868,0
3,PIECE_PIECE,A305-1,A479-1,28.9465780159926,0
3,PIECE_PIECE,A308-2,A317-1,14.474249707756,0
3,PIECE_PIECE,A308-2,A345-1,14.4742497077555,0
3,PIECE_PIECE,A309-1,A396-1,7.72052057564008,0
3,PIECE_PIECE,A311-1,A378-1,10.2436980956247,0
3,PIECE_PIECE,A311-1,A408-1,2.00285751614289e-11,0
3,PIECE_PIECE,A311-2,A408-2,0,0
3,PIECE_PIECE,A316-1,A321-1,16.8786268938651,0
3,PIECE_PIECE,A316-1,A414-1,16.8786268938666,0
3,PIECE_PIECE,A317-1,A345-1,1.44252425575923e-12,0
3,PIECE_PIECE,A317-1,A355-1,4.76811214777398,0
3,PIECE_PIECE,A317-2,A345-2,2.59037658648505e-13,0
3,PIECE_PIECE,A318-1,A339-1,23.4997252460221,0
3,PIECE_PIECE,A318-1,A484-1,56.2399236620715,1.20650185260693
3,PIECE_PIECE,A320-1,A324-1,39.1033609439143,0
3,PIECE_PIECE,A320-1,A328-1,14.8930291346296,0
3,PIECE_PIECE,A321-1,A414-1,1.878414837149e-12,0
3,PIECE_PIECE,A321-2,A414-2,0,0
3,PIECE_PIECE,A323-1,A373-1,39.2887208843668,0
3,PIECE_PIECE,A324-1,A328-1,18.33523445013,0
3,PIECE_PIECE,A332-1,A335-1,1.94351298401657e-12,0
3,PIECE_PIECE,A332-2,A335-2,1.59674620578046e-13,0
3,PIECE_PIECE,A334-1,A465-1,2.11399444329649e-11,0
3,PIECE_PIECE,A334-2,A465-2,0,0
3,PIECE_PIECE,A338-1,A398-1,14.4864597071769,0
3,PIECE_PIECE,A340-1,A341-1,5.91773250368904,0
3,PIECE_PIECE,A342-1,A362-1,9.29334487426481e-12,0
3,PIECE_PIECE,A342-2,A362-2,3.63975473046187e-13,0
3,PIECE_PIECE,A343-1,A353-1,40.1938999976992,0
3,PIECE_PIECE,A343-1,A384-1,0.943321075035646,0
3,PIECE_PIECE,A345-1,A355-1,4.76811214777349,0
3,PIECE_PIECE,A346-1,A354-1,3.0249515891469e-12,0
3,PIECE_PIECE,A346-2,A354-2,1.2710574864626e-13,0
3,PIECE_PIECE,A347-1,A365-2,16.5371624342561,0
3,PIECE_PIECE,A347-1,A367-1,52.7599146661225,0
3,PIECE_PIECE,A347-1,A395-2,16.5371624342575,0
3,PIECE_PIECE,A350-1,A390-1,19.6071035548389,0
3,PIECE_PIECE,A350-1,A391-1,1.01775121470029e-11,0
3,PIECE_PIECE,A350-2,A390-2,21.7309844229828,0
3,PIECE_PIECE,A350-2,A391-2,0,0
3,PIECE_PIECE,A351-1,A451-1,8.25467915677045,0
3,PIECE_PIECE,A351-1,A475-1,8.25467915676536,0
3,PIECE_PIECE,A352-1,A356-2,39.7069139348631,0
3,PIECE_PIECE,A352-1,A418-1,1.27775420639582e-11,0
3,PIECE_PIECE,A352-2,A418-2,2.27373675443232e-13,0
3,PIECE_PIECE,A356-2,A418-1,39.7069139348661,0
3,PIECE_PIECE,A357-1,A358-1,4.34320685143078,0
3,PIECE_PIECE,A360-1,A368-1,1.35860527765512e-12,0
3,PIECE_PIECE,A360-2,A368-2,2.0495186137532e-13,0
3,PIECE_PIECE,A365-1,A395-1,2.31946225575293e-12,0
3,PIECE_PIECE,A365-2,A394-1,49.9990251356842,0
3,PIECE_PIECE,A365-2,A395-2,0,0
3,PIECE_PIECE,A367-1,A428-1,35.6227525607524,0
3,PIECE_PIECE,A377-1,A500-1,15.6777169719661,0
3,PIECE_PIECE,A378-1,A408-1,10.2436980956281,0
3,PIECE_PIECE,A379-1,A388-1,28.7476065262159,0
3,PIECE_PIECE,A380-1,A479-1,1.59413842749224,0
3,PIECE_PIECE,A382-2,A393-1,48.4982523348577,0
3,PIECE_PIECE,A383-1,A392-1,4.50176909753812e-12,0
3,PIECE_PIECE,A383-2,A392-2,0,0
3,PIECE_PIECE,A389-1,A472-1,20.832902694173,0
3,PIECE_PIECE,A389-1,A487-1,27.8588340662445,0
3,PIECE_PIECE,A390-1,A391-1,19.6071035548383,0
3,PIECE_PIECE,A390-2,A391-2,21.7309844229829,0
3,PIECE_PIECE,A394-1,A395-2,49.9990251356865,0
3,PIECE_PIECE,A399-1,A434-1,5.00222085975111e-12,0
3,PIECE_PIECE,A399-2,A434-2,0,0
3,PIECE_PIECE,A400-1,A425-1,1.08783512713723e-11,0
3,PIECE_PIECE,A400-2,A425-2,2.27373675443232e-13,0
3,PIECE_PIECE,A401-1,A412-1,1.33125296709336e-11,0
3,PIECE_PIECE,A401-2,A412-2,7.3466682903943e-12,0
3,PIECE_PIECE,A401-3,A412-3,1.11783706900331e-11,0
3,PIECE_PIECE,A406-1,A421-2,15.9751121152152,0
3,PIECE_PIECE,A406-1,A448-1,6.94513998919377e-12,0
3,PIECE_PIECE,A406-2,A428-1,25.2989207648069,0
3,PIECE_PIECE,A406-2,A437-1,27.6933624264312,0
3,PIECE_PIECE,A406-2,A448-2,0,0
3,PIECE_PIECE,A411-1,A446-1,2.41327469723226,0
3,PIECE_PIECE,A417-1,A439-1,8.64019966684282e-12,0
3,PIECE_PIECE,A417-2,A439-2,0,0
3,PIECE_PIECE,A421-2,A448-1,15.9751121152117,0
3,PIECE_PIECE,A423-1,A432-1,5.79245315878188e-12,0
3,PIECE_PIECE,A423-2,A432-2,0,0
3,PIECE_PIECE,A427-1,A436-1,7.44892212469342,0
3,PIECE_PIECE,A427-1,A458-1,1.16560892074415e-11,0
3,PIECE_PIECE,A427-2,A458-2,2.27373675443232e-13,0
3,PIECE_PIECE,A428-1,A448-2,25.2989207647995,0
3,PIECE_PIECE,A429-1,A499-1,36.7791838301886,0
3,PIECE_PIECE,A431-1,A513-1,1.33764534258105e-11,0
3,PIECE_PIECE,A431-2,A513-2,0,0
3,PIECE_PIECE,A436-1,A458-1,7.44892212468943,0
3,PIECE_PIECE,A437-1,A448-2,27.6933624264308,0
3,PIECE_PIECE,A442-1,A457-1,5.14487896861499e-12,0
3,PIECE_PIECE,A442-2,A457-2,4.54747350886464e-13,0
3,PIECE_PIECE,A446-1,A492-2,47.5413815619988,0
3,PIECE_PIECE,A446-1,A494-2,47.5413815619819,0
3,PIECE_PIECE,A451-1,A475-1,8.25150314614077e-12,0
3,PIECE_PIECE,A451-2,A475-2,1.70530256582424e-13,0
3,PIECE_PIECE,A453-1,A487-1,37.6828374530386,0
3,PIECE_PIECE,A460-1,A509-1,41.2593338469237,0
3,PIECE_PIECE,A464-1,A524-1,27.4840681665256,0
3,PIECE_PIECE,A467-1,A495-1,2.72414634653446e-11,0
3,PIECE_PIECE,A467-2,A495-2,0,0
3,PIECE_PIECE,A472-1,A483-1,12.8643192195413,0
3,PIECE_PIECE,A472-1,A487-1,32.7451259003485,0
3,PIECE_PIECE,A473-1,A493-1,5.4758832351546e-12,0
3,PIECE_PIECE,A473-2,A493-2,0,0
3,PIECE_PIECE,A473-2,A519-1,48.4784430504652,0
3,PIECE_PIECE,A477-2,A530-2,32.6067186648401,0
3,PIECE_PIECE,A481-3,A528-3,26.8453359492028,0
3,PIECE_PIECE,A482-1,A529-1,58.524443773668,0
3,PIECE_PIECE,A483-1,A487-1,33.5549405121124,0
3,PIECE_PIECE,A492-1,A494-1,6.46417400995665e-12,0
3,PIECE_PIECE,A492-2,A494-2,1.13686837721616e-13,0
3,PIECE_PIECE,A493-2,A519-1,48.4784430504628,0
3,PIECE_PIECE,A505-2,A524-2,28.3609817785022,0
3,PIECE_PIECE,A509-2,A529-2,21.6690882153094,0
3,ELECTRODE,LEFT,A1-2,NaN,0
3,ELECTRODE,LEFT,A2-2,NaN,0
3,ELECTRODE,LEFT,A4-3,NaN,0
3,ELECTRODE,LEFT,A5-2,NaN,0
3,ELECTRODE,LEFT,A6-2,NaN,0
3,ELECTRODE,LEFT,A7-2,NaN,0
3,ELECTRODE,LEFT,A8-2,NaN,0
3,ELECTRODE,LEFT,A9-3,NaN,0
3,ELECTRODE,LEFT,A10-2,NaN,0
3,ELECTRODE,LEFT,A12-3,NaN,0
3,ELECTRODE,LEFT,A13-2,NaN,0
3,ELECTRODE,LEFT,A14-2,NaN,0
3,ELECTRODE,LEFT,A15-2,NaN,0
3,ELECTRODE,LEFT,A16-2,NaN,0
3,ELECTRODE,LEFT,A17-2,NaN,0
3,ELECTRODE,LEFT,A18-2,NaN,0
3,ELECTRODE,LEFT,A19-3,NaN,0
3,ELECTRODE,LEFT,A20-2,NaN,0
3,ELECTRODE,LEFT,A21-2,NaN,0
3,ELECTRODE,LEFT,A22-2,NaN,0
3,ELECTRODE,LEFT,A23-2,NaN,0
3,ELECTRODE,LEFT,A24-2,NaN,0
3,ELECTRODE,LEFT,A25-2,NaN,0
3,ELECTRODE,LEFT,A26-2,NaN,0
3,ELECTRODE,LEFT,A27-2,NaN,0
3,ELECTRODE,LEFT,A28-2,NaN,0
3,ELECTRODE,LEFT,A29-2,NaN,0
3,ELECTRODE,LEFT,A30-2,NaN,0
3,ELECTRODE,LEFT,A31-2,NaN,0
3,ELECTRODE,LEFT,A32-2,NaN,0
3,ELECTRODE,LEFT,A33-2,NaN,0
3,ELECTRODE,LEFT,A34-2,NaN,0
3,ELECTRODE,LEFT,A35-2,NaN,0
3,ELECTRODE,LEFT,A36-2,NaN,0
3,ELECTRODE,LEFT,A38-2,NaN,0
3,ELECTRODE,LEFT,A40-2,NaN,0
3,ELECTRODE,LEFT,A41-2,NaN,0
3,ELECTRODE,LEFT,A42-2,NaN,0
3,ELECTRODE,LEFT,A43-2,NaN,0
3,ELECTRODE,LEFT,A44-3,NaN,0
3,ELECTRODE,LEFT,A45-2,NaN,0
3,ELECTRODE,LEFT,A46-2,NaN,0
3,ELECTRODE,LEFT,A47-2,NaN,0
3,ELECTRODE,LEFT,A49-2,NaN,0
3,ELECTRODE,LEFT,A50-2,NaN,0
3,ELECTRODE,LEFT,A51-2,NaN,0
3,ELECTRODE,LEFT,A52-2,NaN,0
3,ELECTRODE,LEFT,A53-2,NaN,0
3,ELECTRODE,LEFT,A54-2,NaN,0
3,ELECTRODE,LEFT,A55-2,NaN,0
3,ELECTRODE,LEFT,A57-2,NaN,0
3,ELECTRODE,LEFT,A58-2,NaN,0
3,ELECTRODE,LEFT,A59-2,NaN,0
3,ELECTRODE,LEFT,A60-2,NaN,0
3,ELECTRODE,LEFT,A61-2,NaN,0
3,ELECTRODE,LEFT,A62-2,NaN,0
3,ELECTRODE,LEFT,A63-2,NaN,0
3,ELECTRODE,LEFT,A64-3,NaN,0
3,ELECTRODE,LEFT,A65-2,NaN,0
3,ELECTRODE,LEFT,A66-2,NaN,0
3,ELECTRODE,LEFT,A67-2,NaN,0
3,ELECTRODE,LEFT,A68-2,NaN,0
3,ELECTRODE,LEFT,A69-2,NaN,0
3,ELECTRODE,LEFT,A70-2,NaN,0
3,ELECTRODE,LEFT,A71-2,NaN,0
3,ELECTRODE,LEFT,A72-2,NaN,0
3,ELECTRODE,LEFT,A74-2,NaN,0
3,ELECTRODE,LEFT,A75-2,NaN,0
3,ELECTRODE,LEFT,A77-2,NaN,0
3,ELECTRODE,LEFT,A78-2,NaN,0
3,ELECTRODE,LEFT,A79-2,NaN,0
3,ELECTRODE,LEFT,A80-3,NaN,0
3,ELECTRODE,LEFT,A82-2,NaN,0
3,ELECTRODE,LEFT,A83-2,NaN,0
3,ELECTRODE,LEFT,A84-2,NaN,0
3,ELECTRODE,LEFT,A86-3,NaN,0
3,ELECTRODE,LEFT,A87-3,NaN,0
3,ELECTRODE,LEFT,A89-3,NaN,0
3,ELECTRODE,LEFT,A90-2,NaN,0
3,ELECTRODE,LEFT,A92-1,NaN,0
3,ELECTRODE,LEFT,A99-2,NaN,0
3,ELECTRODE,LEFT,A102-2,NaN,0
3,ELECTRODE,LEFT,A110-2,NaN,0
3,ELECTRODE,LEFT,A124-2,NaN,0
3,ELECTRODE,LEFT,A133-2,NaN,0
3,ELECTRODE,LEFT,A134-3,NaN,0
3,ELECTRODE,LEFT,A139-2,NaN,0
3,ELECTRODE,LEFT,A140-1,NaN,0
3,ELECTRODE,LEFT,A142-2,NaN,0
3,ELECTRODE,LEFT,A146-2,NaN,0
3,ELECTRODE,LEFT,A169-2,NaN,0
3,ELECTRODE,LEFT,A178-2,NaN,0
3,ELECTRODE,LEFT,A209-2,NaN,0
3,ELECTRODE,LEFT,A351-2,NaN,0
3,ELECTRODE,LEFT,A363-2,NaN,0
3,ELECTRODE,LEFT,A367-2,NaN,0
3,ELECTRODE,LEFT,A374-2,NaN,0
3,ELECTRODE,LEFT,A375-3,NaN,0
3,ELECTRODE,LEFT,A381-2,NaN,0
3,ELECTRODE,LEFT,A386-2,NaN,0
3,ELECTRODE,LEFT,A388-2,NaN,0
3,ELECTRODE,LEFT,A389-2,NaN,0
3,ELECTRODE,LEFT,A393-2,NaN,0
3,ELECTRODE,LEFT,A398-2,NaN,0
3,ELECTRODE,LEFT,A402-2,NaN,0
3,ELECTRODE,LEFT,A403-2,NaN,0
3,ELECTRODE,LEFT,A411-2,NaN,0
3,ELECTRODE,LEFT,A413-2,NaN,0
3,ELECTRODE,LEFT,A416-2,NaN,0
3,ELECTRODE,LEFT,A419-2,NaN,0
3,ELECTRODE,LEFT,A420-3,NaN,0
3,ELECTRODE,LEFT,A422-2,NaN,0
3,ELECTRODE,LEFT,A424-3,NaN,0
3,ELECTRODE,LEFT,A426-3,NaN,0
3,ELECTRODE,LEFT,A428-2,NaN,0
3,ELECTRODE,LEFT,A429-2,NaN,0
3,ELECTRODE,LEFT,A435-2,NaN,0
3,ELECTRODE,LEFT,A438-3,NaN,0
3,ELECTRODE,LEFT,A440-3,NaN,0
3,ELECTRODE,LEFT,A443-2,NaN,0
3,ELECTRODE,LEFT,A444-2,NaN,0
3,ELECTRODE,LEFT,A447-2,NaN,0
3,ELECTRODE,LEFT,A450-2,NaN,0
3,ELECTRODE,LEFT,A452-2,NaN,0
3,ELECTRODE,LEFT,A454-2,NaN,0
3,ELECTRODE,LEFT,A455-2,NaN,0
3,ELECTRODE,LEFT,A456-2,NaN,0
3,ELECTRODE,LEFT,A459-2,NaN,0
3,ELECTRODE,LEFT,A461-2,NaN,0
3,ELECTRODE,LEFT,A462-2,NaN,0
3,ELECTRODE,LEFT,A463-2,NaN,0
3,ELECTRODE,LEFT,A464-2,NaN,0
3,ELECTRODE,LEFT,A466-2,NaN,0
3,ELECTRODE,LEFT,A471-2,NaN,0
3,ELECTRODE,LEFT,A472-2,NaN,0
3,ELECTRODE,LEFT,A474-3,NaN,0
3,ELECTRODE,LEFT,A477-2,NaN,0
3,ELECTRODE,LEFT,A478-2,NaN,0
3,ELECTRODE,LEFT,A479-2,NaN,0
3,ELECTRODE,LEFT,A480-2,NaN,0
3,ELECTRODE,LEFT,A481-2,NaN,0
3,ELECTRODE,LEFT,A482-2,NaN,0
3,ELECTRODE,LEFT,A485-2,NaN,0
3,ELECTRODE,LEFT,A489-2,NaN,0
3,ELECTRODE,LEFT,A490-2,NaN,0
3,ELECTRODE,LEFT,A491-2,NaN,0
3,ELECTRODE,LEFT,A497-2,NaN,0
3,ELECTRODE,LEFT,A498-2,NaN,0
3,ELECTRODE,LEFT,A499-2,NaN,0
3,ELECTRODE,LEFT,A500-2,NaN,0
3,ELECTRODE,LEFT,A501-2,NaN,0
3,ELECTRODE,LEFT,A502-2,NaN,0
3,ELECTRODE,LEFT,A503-3,NaN,0
3,ELECTRODE,LEFT,A504-2,NaN,0
3,ELECTRODE,LEFT,A505-2,NaN,0
3,ELECTRODE,LEFT,A506-2,NaN,0
3,ELECTRODE,LEFT,A507-2,NaN,0
3,ELECTRODE,LEFT,A508-2,NaN,0
3,ELECTRODE,LEFT,A509-2,NaN,0
3,ELECTRODE,LEFT,A510-2,NaN,0
3,ELECTRODE,LEFT,A512-2,NaN,0
3,ELECTRODE,LEFT,A514-2,NaN,0
3,ELECTRODE,LEFT,A515-2,NaN,0
3,ELECTRODE,LEFT,A516-2,NaN,0
3,ELECTRODE,LEFT,A517-2,NaN,0
3,ELECTRODE,LEFT,A518-3,NaN,0
3,ELECTRODE,LEFT,A519-2,NaN,0
3,ELECTRODE,LEFT,A520-2,NaN,0
3,ELECTRODE,LEFT,A521-2,NaN,0
3,ELECTRODE,LEFT,A522-2,NaN,0
3,ELECTRODE,LEFT,A523-2,NaN,0
3,ELECTRODE,LEFT,A524-2,NaN,0
3,ELECTRODE,LEFT,A525-2,NaN,0
3,ELECTRODE,LEFT,A526-2,NaN,0
3,ELECTRODE,LEFT,A528-2,NaN,0
3,ELECTRODE,LEFT,A529-2,NaN,0
3,ELECTRODE,LEFT,A530-2,NaN,0
3,ELECTRODE,LEFT,A531-2,NaN,0
3,ELECTRODE,LEFT,A533-2,NaN,0
3,ELECTRODE,LEFT,A534-2,NaN,0
3,ELECTRODE,LEFT,A535-2,NaN,0
3,ELECTRODE,A1-1,RIGHT,NaN,0
3,ELECTRODE,A2-1,RIGHT,NaN,0
3,ELECTRODE,A4-2,RIGHT,NaN,0
3,ELECTRODE,A5-1,RIGHT,NaN,0
3,ELECTRODE,A6-1,RIGHT,NaN,0
3,ELECTRODE,A7-1,RIGHT,NaN,0
3,ELECTRODE,A8-1,RIGHT,NaN,0
3,ELECTRODE,A9-2,RIGHT,NaN,0
3,ELECTRODE,A10-1,RIGHT,NaN,0
3,ELECTRODE,A12-2,RIGHT,NaN,0
3,ELECTRODE,A13-1,RIGHT,NaN,0
3,ELECTRODE,A14-1,RIGHT,NaN,0
3,ELECTRODE,A15-1,RIGHT,NaN,0
3,ELECTRODE,A16-1,RIGHT,NaN,0
3,ELECTRODE,A17-1,RIGHT,NaN,0
3,ELECTRODE,A18-1,RIGHT,NaN,0
3,ELECTRODE,A19-2,RIGHT,NaN,0
3,ELECTRODE,A20-1,RIGHT,NaN,0
3,ELECTRODE,A21-1,RIGHT,NaN,0
3,ELECTRODE,A22-1,RIGHT,NaN,0
3,ELECTRODE,A23-1,RIGHT,NaN,0
3,ELECTRODE,A24-1,RIGHT,NaN,0
3,ELECTRODE,A25-1,RIGHT,NaN,0
3,ELECTRODE,A26-1,RIGHT,NaN,0
3,ELECTRODE,A27-1,RIGHT,NaN,0
3,ELECTRODE,A28-1,RIGHT,NaN,0
3,ELECTRODE,A29-1,RIGHT,NaN,0
3,ELECTRODE,A30-1,RIGHT,NaN,0
3,ELECTRODE,A31-1,RIGHT,NaN,0
3,ELECTRODE,A32-1,RIGHT,NaN,0
3,ELECTRODE,A33-1,RIGHT,NaN,0
3,ELECTRODE,A34-1,RIGHT,NaN,0
3,ELECTRODE,A35-1,RIGHT,NaN,0
3,ELECTRODE,A36-1,RIGHT,NaN,0
3,ELECTRODE,A38-1,RIGHT,NaN,0
3,ELECTRODE,A40-1,RIGHT,NaN,0
3,ELECTRODE,A41-1,RIGHT,NaN,0
3,ELECTRODE,A42-1,RIGHT,NaN,0
3,ELECTRODE,A43-1,RIGHT,NaN,0
3,ELECTRODE,A44-2,RIGHT,NaN,0
3,ELECTRODE,A45-1,RIGHT,NaN,0
3,ELECTRODE,A46-1,RIGHT,NaN,0
3,ELECTRODE,A47-1,RIGHT,NaN,0
3,ELECTRODE,A49-1,RIGHT,NaN,0
3,ELECTRODE,A50-1,RIGHT,NaN,0
3,ELECTRODE,A51-1,RIGHT,NaN,0
3,ELECTRODE,A52-1,RIGHT,NaN,0
3,ELECTRODE,A53-1,RIGHT,NaN,0
3,ELECTRODE,A54-1,RIGHT,NaN,0
3,ELECTRODE,A55-1,RIGHT,NaN,0
3,ELECTRODE,A57-1,RIGHT,NaN,0
3,ELECTRODE,A58-1,RIGHT,NaN,0
3,ELECTRODE,A59-1,RIGHT,NaN,0
3,ELECTRODE,A60-1,RIGHT,NaN,0
3,ELECTRODE,A61-1,RIGHT,NaN,0
3,ELECTRODE,A62-1,RIGHT,NaN,0
3,ELECTRODE,A63-1,RIGHT,NaN,0
3,ELECTRODE,A64-2,RIGHT,NaN,0
3,ELECTRODE,A65-1,RIGHT,NaN,0
3,ELECTRODE,A66-1,RIGHT,NaN,0
3,ELECTRODE,A67-1,RIGHT,NaN,0
3,ELECTRODE,A68-1,RIGHT,NaN,0
3,ELECTRODE,A69-1,RIGHT,NaN,0
3,ELECTRODE,A70-1,RIGHT,NaN,0
3,ELECTRODE,A71-1,RIGHT,NaN,0
3,ELECTRODE,A72-1,RIGHT,NaN,0
3,ELECTRODE,A74-1,RIGHT,NaN,0
3,ELECTRODE,A75-1,RIGHT,NaN,0
3,ELECTRODE,A77-1,RIGHT,NaN,0
3,ELECTRODE,A78-1,RIGHT,NaN,0
3,ELECTRODE,A79-1,RIGHT,NaN,0
3,ELECTRODE,A80-2,RIGHT,NaN,0
3,ELECTRODE,A82-1,RIGHT,NaN,0
3,ELECTRODE,A83-1,RIGHT,NaN,0
3,ELECTRODE,A84-1,RIGHT,NaN,0
3,ELECTRODE,A86-2,RIGHT,NaN,0
3,ELECTRODE,A87-2,RIGHT,NaN,0
3,ELECTRODE,A89-2,RIGHT,NaN,0
3,ELECTRODE,A90-1,RIGHT,NaN,0
3,ELECTRODE,A99-1,RIGHT,NaN,0
3,ELECTRODE,A102-1,RIGHT,NaN,0
3,ELECTRODE,A110-1,RIGHT,NaN,0
3,ELECTRODE,A124-1,RIGHT,NaN,0
3,ELECTRODE,A133-1,RIGHT,NaN,0
3,ELECTRODE,A134-2,RIGHT,NaN,0
3,ELECTRODE,A139-1,RIGHT,NaN,0
3,ELECTRODE,A142-1,RIGHT,NaN,0
3,ELECTRODE,A146-1,RIGHT,NaN,0
3,ELECTRODE,A169-1,RIGHT,NaN,0
3,ELECTRODE,A178-1,RIGHT,NaN,0
3,ELECTRODE,A209-1,RIGHT,NaN,0
3,ELECTRODE,A351-1,RIGHT,NaN,0
3,ELECTRODE,A363-1,RIGHT,NaN,0
3,ELECTRODE,A367-1,RIGHT,NaN,0
3,ELECTRODE,A374-1,RIGHT,NaN,0
3,ELECTRODE,A375-2,RIGHT,NaN,0
3,ELECTRODE,A381-1,RIGHT,NaN,0
3,ELECTRODE,A386-1,RIGHT,NaN,0
3,ELECTRODE,A388-1,RIGHT,NaN,0
3,ELECTRODE,A389-1,RIGHT,NaN,0
3,ELECTRODE,A393-1,RIGHT,NaN,0
3,ELECTRODE,A398-1,RIGHT,NaN,0
3,ELECTRODE,A402-1,RIGHT,NaN,0
3,ELECTRODE,A403-1,RIGHT,NaN,0
3,ELECTRODE,A411-1,RIGHT,NaN,0
3,ELECTRODE,A413-1,RIGHT,NaN,0
3,ELECTRODE,A416-1,RIGHT,NaN,0
3,ELECTRODE,A419-1,RIGHT,NaN,0
3,ELECTRODE,A420-2,RIGHT,NaN,0
3,ELECTRODE,A422-1,RIGHT,NaN,0
3,ELECTRODE,A424-2,RIGHT,NaN,0
3,ELECTRODE,A426-2,RIGHT,NaN,0
3,ELECTRODE,A428-1,RIGHT,NaN,0
3,ELECTRODE,A429-1,RIGHT,NaN,0
3,ELECTRODE,A435-1,RIGHT,NaN,0
3,ELECTRODE,A438-2,RIGHT,NaN,0
3,ELECTRODE,A440-2,RIGHT,NaN,0
3,ELECTRODE,A443-1,RIGHT,NaN,0
3,ELECTRODE,A444-1,RIGHT,NaN,0
3,ELECTRODE,A447-1,RIGHT,NaN,0
3,ELECTRODE,A450-1,RIGHT,NaN,0
3,ELECTRODE,A452-1,RIGHT,NaN,0
3,ELECTRODE,A454-1,RIGHT,NaN,0
3,ELECTRODE,A455-1,RIGHT,NaN,0
3,ELECTRODE,A456-1,RIGHT,NaN,0
3,ELECTRODE,A459-1,RIGHT,NaN,0
3,ELECTRODE,A461-1,RIGHT,NaN,0
3,ELECTRODE,A462-1,RIGHT,NaN,0
3,ELECTRODE,A463-1,RIGHT,NaN,0
3,ELECTRODE,A464-1,RIGHT,NaN,0
3,ELECTRODE,A466-1,RIGHT,NaN,0
3,ELECTRODE,A471-1,RIGHT,NaN,0
3,ELECTRODE,A472-1,RIGHT,NaN,0
3,ELECTRODE,A474-2,RIGHT,NaN,0
3,ELECTRODE,A477-1,RIGHT,NaN,0
3,ELECTRODE,A478-1,RIGHT,NaN,0
3,ELECTRODE,A479-1,RIGHT,NaN,0
3,ELECTRODE,A480-1,RIGHT,NaN,0
3,ELECTRODE,A481-1,RIGHT,NaN,0
3,ELECTRODE,A482-1,RIGHT,NaN,0
3,ELECTRODE,A485-1,RIGHT,NaN,0
3,ELECTRODE,A489-1,RIGHT,NaN,0
3,ELECTRODE,A490-1,RIGHT,NaN,0
3,ELECTRODE,A491-1,RIGHT,NaN,0
3,ELECTRODE,A497-1,RIGHT,NaN,0
3,ELECTRODE,A498-1,RIGHT,NaN,0
3,ELECTRODE,A499-1,RIGHT,NaN,0
3,ELECTRODE,A500-1,RIGHT,NaN,0
3,ELECTRODE,A501-1,RIGHT,NaN,0
3,ELECTRODE,A502-1,RIGHT,NaN,0
3,ELECTRODE,A503-2,RIGHT,NaN,0
3,ELECTRODE,A504-1,RIGHT,NaN,0
3,ELECTRODE,A505-1,RIGHT,NaN,0
3,ELECTRODE,A506-1,RIGHT,NaN,0
3,ELECTRODE,A507-1,RIGHT,NaN,0
3,ELECTRODE,A508-1,RIGHT,NaN,0
3,ELECTRODE,A509-1,RIGHT,NaN,0
3,ELECTRODE,A510-1,RIGHT,NaN,0
3,ELECTRODE,A512-1,RIGHT,NaN,0
3,ELECTRODE,A514-1,RIGHT,NaN,0
3,ELECTRODE,A515-1,RIGHT,NaN,0
3,ELECTRODE,A516-1,RIGHT,NaN,0
3,ELECTRODE,A517-1,RIGHT,NaN,0
3,ELECTRODE,A518-2,RIGHT,NaN,0
3,ELECTRODE,A519-1,RIGHT,NaN,0
3,ELECTRODE,A520-1,RIGHT,NaN,0
3,ELECTRODE,A521-1,RIGHT,NaN,0
3,ELECTRODE,A522-1,RIGHT,NaN,0
3,ELECTRODE,A523-1,RIGHT,NaN,0
3,ELECTRODE,A524-1,RIGHT,NaN,0
3,ELECTRODE,A525-1,RIGHT,NaN,0
3,ELECTRODE,A526-1,RIGHT,NaN,0
3,ELECTRODE,A528-1,RIGHT,NaN,0
3,ELECTRODE,A529-1,RIGHT,NaN,0
3,ELECTRODE,A530-1,RIGHT,NaN,0
3,ELECTRODE,A531-1,RIGHT,NaN,0
3,ELECTRODE,A533-1,RIGHT,NaN,0
3,ELECTRODE,A534-1,RIGHT,NaN,0
3,ELECTRODE,A535-1,RIGHT,NaN,0
