Group,MediumID,ReconstructionStatus,PieceCount,OriginalStartX,OriginalStartY,OriginalStartZ,OriginalEndX,OriginalEndY,OriginalEndZ,TotalPieceLength,CrossedAxisSequence,TouchesLEFT,TouchesRIGHT,DirectElectrodePieceCount,ChargedPieceCount
1,A1,UNIQUE,2,-7514.74698018023,-527.508669386136,-576.16978737989,-2588.09423943591,263.800242732266,-256.916004757901,5000,X,1,1,2,2
1,A2,UNIQUE,2,-7669.26746487694,75.6211298477729,-262.64252357348,-2697.57508248102,420.228820486022,141.734026660795,5000,X,1,1,2,2
1,A3,UNIQUE,2,-8933.0358623267,105.066056981,-242.602515764392,-3939.15969626586,318.937665072886,-118.26517904821,5000,X,1,1,2,2
1,A4,UNIQUE,1,-4192.3186063671,261.813019412782,-199.977019550071,806.624526775099,321.530792400596,-283.651025070759,5000.00000000001,NONE,0,0,0,1
1,A5,UNIQUE,1,-2777.97743793496,-159.004834417892,-249.729794262883,2215.33209763938,97.7058633389306,-280.705584803122,5000,NONE,0,0,0,0
1,A6,UNRESOLVED,0,NaN,NaN,NaN,NaN,NaN,NaN,NaN,NOT_RECONSTRUCTED,0,0,0,0
1,A7,UNRESOLVED,0,NaN,NaN,NaN,NaN,NaN,NaN,NaN,NOT_RECONSTRUCTED,0,0,0,0
1,A8,UNIQUE,2,577.038075568308,-500,-306.636481677966,5576.64289084053,-468.709098793001,-252.115195849156,5000,X,1,1,2,2
1,A9,UNIQUE,2,1066.9641376733,105.066056981001,-242.602515764394,6060.84030373414,318.937665072886,-118.26517904821,5000,X,1,1,2,2
1,A10,UNIQUE,2,2330.73253512306,75.6211298477722,-262.64252357348,7302.42491751898,420.228820486022,141.734026660795,5000,X,1,1,2,2
1,A11,UNRESOLVED,0,NaN,NaN,NaN,NaN,NaN,NaN,NaN,NOT_RECONSTRUCTED,0,0,0,0
1,A12,UNIQUE,2,3660.68808804375,-338.712686789317,-500,8587.34082878807,452.596225329087,-180.746217378014,5000,X,1,1,2,2
2,A1,UNIQUE,2,-8451.63794343944,-590.62216203489,252.833230701372,-3512.12594512394,-404.979103320158,-500,5000,X,1,1,2,2
2,A2,UNIQUE,2,-5759.45994359387,-268.781254298442,150.427922936673,-826.711283177028,226.126989945019,-500,5000,X,1,1,2,2
2,A3,UNIQUE,2,-8109.99496107919,-648.469093654031,48.4670910637463,-3181.83808795686,151.850100006258,318.205894642448,5000,X,1,1,2,2
2,A4,UNIQUE,2,-6913.85908644009,-119.195940929907,-324.340629772121,-1929.53238410003,108.400845346282,-0.786882742922217,5000,X,1,1,2,2
2,A5,UNIQUE,2,-6955.54249614789,288.172608706274,-62.6130768044481,-2024.41608957997,-500,-313.165070078707,5000,X,1,1,2,2
2,A6,UNIQUE,2,-7322.16963646283,35.3271229399665,268.103692349086,-2323.38920016757,-71.012294660458,297.870754283097,5000,X,1,1,2,2
2,A7,UNIQUE,2,-8429.97102577644,285.388425939954,66.2105465060162,-3449.63264509039,-144.842051888255,171.715758761894,5000,X,1,1,2,2
2,A8,UNIQUE,2,-9153.5551509294,349.017421057368,-177.861668869039,-4173.94384524883,33.2672984059111,-500,5000,X,1,1,2,2
2,A9,UNIQUE,2,-8019.03517775782,532.248719292468,145.814521648708,-3079.42375967721,104.273670959877,-500,5000,X,1,1,2,2
2,A10,UNIQUE,2,-8120.60302705075,314.745567026609,-55.6435126372188,-3128.15310165583,291.66119757681,218.054960707695,5000,X,1,1,2,2
2,A11,UNIQUE,2,-6938.54445731346,430.74380997312,-6.82452456142585,-1958.79173514694,114.169942843126,-325.954298674494,5000,X,1,1,2,2
2,A12,UNIQUE,1,-4850.28126750738,82.5010658474648,-222.18011252894,147.723911234192,170.890609581654,-332.323300384175,5000,NONE,0,0,0,1
2,A13,UNRESOLVED,0,NaN,NaN,NaN,NaN,NaN,NaN,NaN,NOT_RECONSTRUCTED,0,0,0,0
2,A14,UNIQUE,1,-4320.97782889831,-411.653921511031,368.315645023836,669.713064161411,-154.034754426643,205.10787964038,5000,NONE,0,0,0,1
2,A15,UNRESOLVED,0,NaN,NaN,NaN,NaN,NaN,NaN,NaN,NOT_RECONSTRUCTED,0,0,0,0
2,A16,UNIQUE,1,-3571.27624542796,181.81815690851,361.831173792362,1420.41208784988,34.5184054987683,114.141112117339,5000,NONE,0,0,0,1
2,A17,UNRESOLVED,0,NaN,NaN,NaN,NaN,NaN,NaN,NaN,NOT_RECONSTRUCTED,0,0,0,0
2,A18,UNIQUE,1,-3511.51171165783,-474.333842855282,-463.533330394968,1481.8651122767,-242.86501776371,-351.238730327768,5000,NONE,0,0,0,0
2,A19,UNRESOLVED,0,NaN,NaN,NaN,NaN,NaN,NaN,NaN,NOT_RECONSTRUCTED,0,0,0,0
2,A20,UNRESOLVED,0,NaN,NaN,NaN,NaN,NaN,NaN,NaN,NOT_RECONSTRUCTED,0,0,0,0
2,A21,UNIQUE,1,-2678.97911623744,295.087071499692,-78.7997608836554,2315.72959335963,490.579233198023,-199.910127862549,5000.00000000001,NONE,0,0,0,0
2,A22,UNRESOLVED,0,NaN,NaN,NaN,NaN,NaN,NaN,NaN,NOT_RECONSTRUCTED,0,0,0,0
2,A23,UNRESOLVED,0,NaN,NaN,NaN,NaN,NaN,NaN,NaN,NOT_RECONSTRUCTED,0,0,0,0
2,A24,UNIQUE,1,-1977.25732408147,66.8052381259813,-477.030271691909,2995.23503720289,342.918909852125,-31.9674028131336,5000,NONE,0,0,0,1
2,A25,UNIQUE,1,-1838.56689459812,294.257902005536,-367.771364687737,3100.77004810686,216.528673349028,404.82732379311,5000,NONE,0,0,0,0
2,A26,UNIQUE,1,-1779.52317608205,-232.026520024825,339.790039270438,3220.45837798502,-243.703331153308,346.726253723034,5000,NONE,0,0,0,1
2,A27,UNRESOLVED,0,NaN,NaN,NaN,NaN,NaN,NaN,NaN,NOT_RECONSTRUCTED,0,0,0,0
2,A28,UNRESOLVED,0,NaN,NaN,NaN,NaN,NaN,NaN,NaN,NOT_RECONSTRUCTED,0,0,0,0
2,A29,UNIQUE,1,-1028.3713146442,-236.936150294581,-334.043480856211,3965.06458500721,-14.6318438933278,-206.847917144566,4999.99999999999,NONE,0,0,0,0
2,A30,UNRESOLVED,0,NaN,NaN,NaN,NaN,NaN,NaN,NaN,NOT_RECONSTRUCTED,0,0,0,0
2,A31,UNIQUE,1,-568.823774163553,-394.401820150427,-168.577848702974,4417.58197113286,-166.578870825741,120.998474631548,5000,NONE,0,0,0,0
2,A32,UNRESOLVED,0,NaN,NaN,NaN,NaN,NaN,NaN,NaN,NOT_RECONSTRUCTED,0,0,0,0
2,A33,UNIQUE,1,-134.813541478156,-364.233142148315,427.977499036112,4824.09874614606,143.9163178571,39.4249930014681,5000,NONE,0,0,0,1
2,A34,UNIQUE,2,74.4923033113464,-195.552670819329,257.81445243288,5074.48681683039,-202.353389003721,260.749586441446,5000,X,1,1,2,2
2,A35,UNRESOLVED,0,NaN,NaN,NaN,NaN,NaN,NaN,NaN,NOT_RECONSTRUCTED,0,0,0,0
2,A36,UNRESOLVED,0,NaN,NaN,NaN,NaN,NaN,NaN,NaN,NOT_RECONSTRUCTED,0,0,0,0
2,A37,UNRESOLVED,0,NaN,NaN,NaN,NaN,NaN,NaN,NaN,NOT_RECONSTRUCTED,0,0,0,0
2,A38,UNIQUE,2,1570.02897422356,285.388425939953,66.2105465060182,6550.36735490961,-144.842051888255,171.715758761893,5000,X,1,1,2,2
2,A39,UNIQUE,2,1879.39697294925,314.745567026607,-55.6435126372199,6871.84689834417,291.661197576811,218.054960707696,5000,X,1,1,2,2
2,A40,UNRESOLVED,0,NaN,NaN,NaN,NaN,NaN,NaN,NaN,NOT_RECONSTRUCTED,0,0,0,0
2,A41,UNRESOLVED,0,NaN,NaN,NaN,NaN,NaN,NaN,NaN,NOT_RECONSTRUCTED,0,0,0,0
2,A42,UNIQUE,2,2677.83036353717,35.3271229399666,268.103692349086,7676.61079983243,-71.0122946604581,297.870754283097,5000,X,1,1,2,2
2,A43,UNIQUE,2,2804.23899723811,-500,98.5069701618498,7732.39587036044,300.31919366029,368.245773740552,5000,X,1,1,2,2
2,A44,UNIQUE,2,3061.45554268653,430.743809973119,-6.82452456142613,8041.20826485305,114.169942843128,-325.954298674493,5000,X,1,1,2,2
2,A45,UNIQUE,2,3086.14091355992,-119.195940929906,-324.34062977212,8070.46761589998,108.400845346282,-0.786882742921591,5000,X,1,1,2,2
2,A46,UNIQUE,2,3092.13444207282,280.552107085691,-65.0355561569352,8023.26084864074,-507.620501620581,-315.587549431193,5000,X,1,1,2,2
2,A47,UNIQUE,2,3959.59822010861,-500,-114.664350356616,8899.11021842411,-314.356941285264,-867.497581057993,5000,X,1,1,2,2
2,A48,UNIQUE,2,3977.58135981847,359.25898652865,-115.227055308326,8917.19277789908,-68.7160618039371,-761.041576957033,5000,X,1,1,2,2
2,A49,UNIQUE,2,4430.2932292045,-249.743104160598,125.407235577456,9363.04188962134,245.165140082868,-525.020687359217,5000,X,1,1,2,2
3,A1,UNIQUE,2,-5119.7502408185,-4877.43388806041,2520.58924842467,-337.119122805609,-4694.65516508342,3967.32057366848,5000,X,1,1,2,2
3,A2,UNIQUE,2,-6034.66440059518,-4944.15626562438,-316.987420275034,-2499.66714527227,-4677.41226432862,-3842.98260498987,5000,X,1,1,2,2
3,A3,AMBIGUOUS,0,NaN,NaN,NaN,NaN,NaN,NaN,NaN,NOT_RECONSTRUCTED,0,0,0,0
3,A4,UNIQUE,3,-8322.87206415158,-5531.15487574788,1611.97860567497,-3605.47101992416,-4152.45454528847,692.569672330724,5000,Y>X,1,1,2,3
3,A5,UNIQUE,2,-5328.43298613041,-4610.19129894059,59.5967397559424,-2483.39752786214,-4066.21125355775,-4015.92273037563,5000,X,1,1,2,2
3,A6,UNIQUE,2,-6557.69750778923,-4498.08055405592,3039.0523260015,-1558.37167667412,-4567.34509022482,2994.96538491327,5000,X,1,1,2,2
3,A7,UNIQUE,2,-7480.57516863928,-4562.50005729551,701.261118186282,-2524.18638177167,-4309.12018384298,92.9776044016462,5000,X,1,1,2,2
3,A8,UNIQUE,2,-7485.47437372652,-4260.34208156522,-2304.59192919242,-2520.22920639355,-4593.9107173629,-2789.43457736672,5000,X,1,1,2,2
3,A9,UNIQUE,3,-6092.752250677,-5948.31105281666,-4381.70758343812,-3485.9825070119,-1935.54048003478,-2931.73384790774,5000,Y>X,1,1,2,3
3,A10,UNIQUE,2,-5642.48288923202,-4345.88343765613,1246.1786196431,-759.049103205538,-3308.26191366606,1520.79841217019,5000,X,1,1,2,2
3,A11,AMBIGUOUS,0,NaN,NaN,NaN,NaN,NaN,NaN,NaN,NOT_RECONSTRUCTED,0,0,0,0
3,A12,UNIQUE,3,-7778.54547893462,-3691.2417493783,5196.66973964978,-3052.51274483836,-4340.69143386373,3699.06174568995,5000,Z>X,1,1,2,3
3,A13,UNIQUE,2,-5453.62257371063,-3956.33374593534,1118.95031819287,-646.677960123347,-4404.32707824943,2419.94434435375,5000,X,1,1,2,2
3,A14,UNIQUE,2,-6487.12407589988,-3908.89270220084,833.536155343552,-1497.00732366556,-3996.37334061972,1135.33399657542,5000,X,1,1,2,2
3,A15,UNIQUE,2,-8804.62101200746,-3347.19192764942,-4035.17894862001,-4270.0171209558,-3898.40520002173,-2002.07012722856,5000,X,1,1,2,2
3,A16,UNIQUE,2,-7427.26396874057,-3554.92440223894,3045.22702639136,-2576.92489156017,-3456.76012690378,1835.03092185925,5000,X,1,1,2,2
3,A17,UNIQUE,2,-8675.72172827145,-4469.59705159465,4630.74058319827,-4102.34949606856,-2841.41616101726,3433.53825557183,5000,X,1,1,2,2
3,A18,UNIQUE,2,-7302.53214933889,-338.839092535155,1065.68879817128,-4040.0246999422,-3964.39042857365,-34.9576720364012,5000,X,1,1,2,2
3,A19,UNIQUE,3,-6991.79517712893,-5656.5587290294,-1074.47554257817,-4573.14946376295,-2163.19389376176,-3710.10735315639,5000,Y>X,1,1,2,3
3,A20,UNIQUE,2,-7713.05490052306,-1448.60950391369,1283.25446944978,-3419.62099703407,-3553.43041143183,2744.81331658726,5000,X,1,1,2,2
3,A21,UNIQUE,2,-6788.65712040849,-2934.55467460004,-1233.640012785,-1842.85902237545,-2262.68910855129,-937.535580783762,5000,X,1,1,2,2
3,A22,UNIQUE,2,-6650.92957248635,-1449.86954706891,1910.41866420061,-2957.09873840603,-4028.25170916487,4080.1097010496,5000,X,1,1,2,2
3,A23,UNIQUE,2,-5717.12861181137,-1914.2426538574,-120.190611144001,-3403.74489856223,-4013.07197165803,-4024.44102447742,5000,X,1,1,2,2
3,A24,UNIQUE,2,-5472.51478078056,-3051.06585963938,-3566.15000961059,-3477.9024015447,-539.990915338504,269.997026244971,5000,X,1,1,2,2
3,A25,UNIQUE,2,-5709.12319512214,-1961.10631399334,-4070.08071759942,-3051.86907793065,-3726.31167480155,-220.009212959164,5000,X,1,1,2,2
3,A26,UNIQUE,2,-5453.93427541205,-2333.10564612701,1439.41223578663,-1136.48576879498,-3251.23992689051,-909.346550295275,5000,X,1,1,2,2
3,A27,UNIQUE,2,-7260.99489663987,-930.100019087664,-1850.99938562975,-3064.99376678937,-3445.2491194506,-817.752309061515,5000,X,1,1,2,2
3,A28,UNIQUE,2,-5883.99784397859,-2323.41298522059,2932.9824985829,-1296.39293705433,-544.587260835758,3821.61080121073,5000,X,1,1,2,2
3,A29,UNIQUE,2,-6058.02143002854,-2592.15662376051,4508.83742012003,-1952.21256355269,148.897971568059,3715.77168678109,5000,X,1,1,2,2
3,A30,UNIQUE,2,-9041.20796233372,-879.348926666654,-4810.58496730685,-4193.73371013477,-2022.79385410491,-4369.53273436392,5000,X,1,1,2,2
3,A31,UNIQUE,2,-5527.62453100125,-1620.35756654936,-1336.03639488305,-3995.73616419977,-2209.34600138377,3386.92990346057,5000,X,1,1,2,2
3,A32,UNIQUE,2,-5978.59993946937,-1357.76387813388,2505.56433286008,-1386.52055894232,-3296.09996253492,2900.10227380758,5000,X,1,1,2,2
3,A33,UNIQUE,2,-6470.47697297513,-1770.42110056799,-1042.75460219955,-1780.69058860293,-1643.08063301096,-2771.82605077521,5000,X,1,1,2,2
3,A34,UNIQUE,2,-6033.40012484487,-1723.44607031509,1110.01620415164,-1037.62963183377,-1563.14982673259,981.243942181346,5000,X,1,1,2,2
3,A35,UNIQUE,2,-6618.14457213507,-2559.68555181577,-734.93467313441,-2354.47254035077,51.3673451435429,-675.743671616226,5000,X,1,1,2,2
3,A36,UNIQUE,2,-5515.7806928964,-1361.26582898101,2855.42176825384,-2413.6764685915,-2347.43049850611,-939.89490181865,5000,X,1,1,2,2
3,A37,AMBIGUOUS,0,NaN,NaN,NaN,NaN,NaN,NaN,NaN,NOT_RECONSTRUCTED,0,0,0,0
3,A38,UNIQUE,2,-8163.2137965135,1880.89202961122,3275.34317478256,-4599.65698133606,-1583.8638820847,2730.79813773728,5000,X,1,1,2,2
3,A39,AMBIGUOUS,0,NaN,NaN,NaN,NaN,NaN,NaN,NaN,NOT_RECONSTRUCTED,0,0,0,0
3,A40,UNIQUE,2,-7460.30859986854,-1371.64340868336,2509.40607726431,-3038.77279122151,-908.420118048348,4797.51561919305,5000,X,1,1,2,2
3,A41,UNIQUE,2,-5796.26722387823,-1221.95108410428,-3535.95774239944,-859.593581892434,-464.39271979464,-3300.67349476013,5000,X,1,1,2,2
3,A42,UNIQUE,2,-8580.06616719511,-2237.29236449687,-3963.72843475645,-3841.2940835211,-642.904872072403,-3919.37008726385,5000,X,1,1,2,2
3,A43,UNIQUE,2,-8353.4218941714,-493.065215503684,477.228413794833,-3464.03861965299,-1273.96671209501,-218.561818589242,5000,X,1,1,2,2
3,A44,UNIQUE,3,-8237.87098457833,-1726.8632933773,5373.96463449328,-4188.73500491925,-770.048269359104,2601.05951025203,5000,Z>X,1,1,2,3
3,A45,UNIQUE,2,-7241.11142302339,-704.783373269199,-1028.25735121264,-2327.24705257705,-763.909003116404,-1950.45099072288,5000,X,1,1,2,2
3,A46,UNIQUE,2,-8609.92690992662,650.083027888508,1952.36995680638,-3941.26413545687,-1135.38813308892,1827.14762813308,5000,X,1,1,2,2
3,A47,UNIQUE,2,-8391.37254664874,213.044832449732,2413.27886626428,-3516.89101459389,-899.92465203099,2440.27368559865,5000,X,1,1,2,2
3,A48,AMBIGUOUS,0,NaN,NaN,NaN,NaN,NaN,NaN,NaN,NOT_RECONSTRUCTED,0,0,0,0
3,A49,UNIQUE,2,-5008.42542479918,-472.086118532311,-1278.82993245206,-673.118996697684,-2802.85269639203,-2157.83239774665,5000,X,1,1,2,2
3,A50,UNIQUE,2,-6165.37706344597,-506.295200470953,2125.67594923217,-1347.73176400929,-169.264629335002,3420.55206799234,5000,X,1,1,2,2
3,A51,UNIQUE,2,-7038.40663166911,2963.392879765,931.959038464291,-4379.75247074549,-1271.17341410157,934.480040778632,5000,X,1,1,2,2
3,A52,UNIQUE,2,-5332.97631947522,-311.562106379373,3464.80199746974,-463.63770658839,124.771338411342,4513.20773858641,5000,X,1,1,2,2
3,A53,UNIQUE,2,-6128.37508129907,844.908496831237,-4276.14084971973,-2688.10956364959,-2232.55516649171,-2354.21718604344,5000,X,1,1,2,2
3,A54,UNIQUE,2,-7636.49077427042,12.1807173140578,-3788.92078205069,-2660.91141296876,-61.3227277094073,-3300.85596774969,5000,X,1,1,2,2
3,A55,UNIQUE,2,-6667.73402243825,-711.651708220178,-977.579563814855,-2248.85280868866,1511.80528368367,-1705.40359744172,5000,X,1,1,2,2
3,A56,AMBIGUOUS,0,NaN,NaN,NaN,NaN,NaN,NaN,NaN,NOT_RECONSTRUCTED,0,0,0,0
3,A57,UNIQUE,2,-6111.25448927516,-31.3664051409532,1617.80884706798,-1243.59092220063,1068.96624807133,1309.39443422368,5000,X,1,1,2,2
3,A58,UNIQUE,2,-8159.6892267564,419.667746797315,-187.62864204453,-3168.03348944253,304.854789176287,-452.564454844165,5000,X,1,1,2,2
3,A59,UNIQUE,2,-6135.71479726242,319.864290043192,-282.432451387935,-1191.75117865526,518.842460481699,-1001.89852117701,5000,X,1,1,2,2
3,A60,UNIQUE,2,-5493.31076386729,-883.760623992503,39.3922598071502,-3939.3627919814,3784.94787024668,-848.530426292623,5000,X,1,1,2,2
3,A61,UNIQUE,2,-6002.66994460483,936.385010562742,3995.20101820592,-1140.56253982493,30.9393602218937,3260.29982847812,5000,X,1,1,2,2
3,A62,UNIQUE,2,-7314.30630950978,1007.78727821895,1133.76916204769,-2314.34446694224,992.637982139226,1146.10089740263,5000,X,1,1,2,2
3,A63,UNIQUE,2,-5006.38243805304,1003.56486866728,-3285.52913673929,-68.3151146029868,637.107139705193,-3979.21483066616,5000,X,1,1,2,2
3,A64,UNIQUE,3,-5780.11990132241,598.3532223583,-5218.21873367755,-1712.1759605972,2828.3771307533,-3353.05775855939,5000,Z>X,1,1,2,3
3,A65,UNIQUE,2,-6291.18036038046,73.4954595251478,2118.95903323431,-2378.37015958896,3020.94096491727,1117.71913924,5000,X,1,1,2,2
3,A66,UNIQUE,2,-7706.96101336831,3878.20935848707,1496.82686801208,-4278.74995388142,479.023569555252,2797.94365905574,5000,X,1,1,2,2
3,A67,UNIQUE,2,-5157.53510171841,1189.23628512208,-4552.89507062527,-1321.90725800691,3096.10853520288,-1973.78722751036,5000,X,1,1,2,2
3,A68,UNIQUE,2,-5792.4054780267,2069.91400679435,467.110873810386,-1426.58171239957,-365.593857143029,378.317336970383,5000,X,1,1,2,2
3,A69,UNIQUE,2,-9255.47616518555,1840.10995910312,-1515.10522800037,-4303.035218537,1847.3209924815,-827.154160731464,5000,X,1,1,2,2
3,A70,UNIQUE,2,-5700.20103219462,1349.80283907628,1835.79803419742,-2619.29098444703,4561.01415799683,4115.29691397877,5000,X,1,1,2,2
3,A71,UNIQUE,2,-6745.80600475513,1204.43391370057,-3055.72089647053,-2625.59151327081,3326.08016801863,-1178.90185466049,5000,X,1,1,2,2
3,A72,UNIQUE,2,-6490.39101327038,2590.92582646437,-3055.11953957642,-2038.66394048171,1713.47815093003,-954.593023176349,5000,X,1,1,2,2
3,A73,AMBIGUOUS,0,NaN,NaN,NaN,NaN,NaN,NaN,NaN,NOT_RECONSTRUCTED,0,0,0,0
3,A74,UNIQUE,2,-8987.05074681052,3316.58486137682,-3012.16634408452,-4360.93868271287,2198.50476408577,-4544.80591895259,5000,X,1,1,2,2
3,A75,UNIQUE,2,-5806.35548357729,2188.20628558915,846.644790812001,-2642.21389292369,3910.39189723333,4313.9614353286,5000,X,1,1,2,2
3,A76,AMBIGUOUS,0,NaN,NaN,NaN,NaN,NaN,NaN,NaN,NOT_RECONSTRUCTED,0,0,0,0
3,A77,UNIQUE,2,-5678.35745007737,2847.06674126332,401.469916902103,-685.553343817277,2637.72908546581,233.884409242303,5000,X,1,1,2,2
3,A78,UNIQUE,2,-8965.2921707139,3820.47445882235,3290.55746507902,-4106.5715338784,2850.17217161023,3962.38128470717,5000,X,1,1,2,2
3,A79,UNIQUE,2,-6127.83749999956,4296.49481642619,2348.90129974546,-2603.65870441669,1039.7209558079,944.056882182582,5000,X,1,1,2,2
3,A80,UNIQUE,3,-7837.01188118525,825.498980122529,5060.12679389344,-4482.53829449633,3883.67840956613,2963.6904047954,5000,Z>X,1,1,2,3
3,A81,AMBIGUOUS,0,NaN,NaN,NaN,NaN,NaN,NaN,NaN,NOT_RECONSTRUCTED,0,0,0,0
3,A82,UNIQUE,2,-7339.79774002756,167.983263353901,-2854.89884709209,-4546.36479139988,4224.19290758382,-1992.40497257619,5000,X,1,1,2,2
3,A83,UNIQUE,2,-7270.65280103613,4049.13681900675,956.225516721767,-2587.39716625327,3249.44185661583,-601.851704214715,5000,X,1,1,2,2
3,A84,UNIQUE,2,-5882.11384255241,3795.58849197618,-3708.8664967722,-1042.20617861071,3853.29927026519,-4962.64609087465,5000,X,1,1,2,2
3,A85,AMBIGUOUS,0,NaN,NaN,NaN,NaN,NaN,NaN,NaN,NOT_RECONSTRUCTED,0,0,0,0
3,A86,UNIQUE,3,-5974.69020335337,5049.72385303712,-4299.49605472247,-2504.86390859264,2456.65557167601,-1802.23708289236,5000,Y>X,1,1,2,3
3,A87,UNIQUE,3,-8269.94221695632,7292.8858288737,-160.856788314693,-4467.32729598824,4063.70432695529,174.563232702057,5000,Y>X,1,1,2,3
3,A88,AMBIGUOUS,0,NaN,NaN,NaN,NaN,NaN,NaN,NaN,NOT_RECONSTRUCTED,0,0,0,0
3,A89,UNIQUE,3,-7805.24690143064,5115.31246903009,254.963652473301,-3023.20894546589,4221.01331886411,-899.307553840379,5000,Y>X,1,1,2,3
3,A90,UNIQUE,2,-8287.81738886369,4203.87659559688,3212.89182525609,-3460.34701963225,4970.55812487301,4265.37900658388,5000,X,1,1,2,2
3,A91,AMBIGUOUS,0,NaN,NaN,NaN,NaN,NaN,NaN,NaN,NOT_RECONSTRUCTED,0,0,0,0
3,A92,UNIQUE,2,-4995.91838936805,1956.76737973369,1769.17430952256,-3869.57462378038,-422.734885853253,6019.9764326269,5000,Z,1,0,1,2
3,A93,UNIQUE,1,-4902.46883794863,-94.4166207700482,672.934600297983,97.3763590855169,-82.0764201731013,710.294005322419,5000,NONE,0,0,0,0
3,A94,UNIQUE,1,-4897.9224016491,-4362.03473939685,1312.21633831054,-3012.14751113252,238.568230852889,1839.76289779741,5000,NONE,0,0,0,1
3,A95,UNIQUE,1,-4845.08073283386,1462.43827903822,-85.8584979188063,-257.976588278578,-503.036407640955,222.985836701638,5000,NONE,0,0,0,0
3,A96,UNIQUE,2,-4833.38316603981,1700.44016001606,-4028.8396946924,-3365.18508309815,-1875.98677250877,-7199.57537991712,5000,Z,0,0,0,2
3,A97,UNIQUE,1,-4801.86959698975,-3582.07213390288,-1984.64462751909,-2690.87373362849,-3968.24918667436,2531.38944551273,5000,NONE,0,0,0,1
3,A98,UNIQUE,1,-4779.75109652657,-2344.06989304822,-3220.67869193697,183.472108314943,-1901.26852208205,-3633.40422397159,5000,NONE,0,0,0,0
3,A99,UNIQUE,3,-5674.79836573578,8587.2439307249,-1448.18219569767,-4462.99576928441,3736.72009258158,-1511.05478779547,5000,X>Y,1,1,2,3
3,A100,UNIQUE,1,-4745.53953435397,3309.54611875961,-4101.31881632114,-3133.25193614438,-375.504264302602,-1131.31336599743,4999.99999999999,NONE,0,0,0,1
3,A101,UNIQUE,1,-4741.19356786378,-378.567447110398,1578.804023168,169.012165270613,561.698729085063,1654.82491632829,5000,NONE,0,0,0,0
3,A102,UNIQUE,3,-7439.32554554398,-7686.52682828981,3733.12410882794,-3894.04947168852,-4160.76206070917,3732.52092145894,5000,X>Y,1,1,2,3
3,A103,UNIQUE,1,-4677.06527617311,1542.78684951119,-2987.78613940108,-232.43418966324,1953.7437089671,-734.706255221154,5000,NONE,0,0,0,1
3,A104,UNIQUE,2,-4668.25542612177,2564.41390693882,1131.01493516207,-4123.31609818373,5682.77975282283,-2739.23513170577,5000,Y,0,0,0,2
3,A105,UNIQUE,2,-4645.06298240691,-4013.03042006628,-4280.17502219044,198.922395809063,-4096.39787008145,-5516.64399628879,5000,Z,0,0,0,2
3,A106,UNIQUE,1,-4642.45937836692,-4593.49833680742,3474.40935702149,-1330.03038400753,-3673.72855897134,-156.270705047679,5000,NONE,0,0,0,1
3,A107,UNIQUE,1,-4628.93500514492,-4623.92424534162,-3379.01806989156,347.663690561501,-4719.99669224236,-3852.55318668825,5000,NONE,0,0,0,1
3,A108,UNIQUE,1,-4571.84128933919,-731.76490888297,4020.15092057908,-918.340568478979,-4145.25624114645,4017.08379880479,5000,NONE,0,0,0,1
3,A109,UNIQUE,2,-4565.75792650676,973.668456715803,-249.852342702499,-3561.55100321278,5155.14598159528,2300.99343157243,5000,Y,0,0,0,0
3,A110,UNIQUE,3,-7861.84817003047,596.154126038027,7058.00850905724,-3643.57413195483,34.8532008198337,4432.91700378619,5000,X>Z,1,1,2,3
3,A111,UNIQUE,1,-4537.55944532078,2428.70864022709,-631.52951422848,-418.27972558606,-214.860659395111,-1652.84041139802,5000,NONE,0,0,0,0
3,A112,UNIQUE,2,-4531.87720662466,656.546568365086,-4461.362601052,-2710.87881632283,-2007.92723570655,-8280.33421785333,5000,Z,0,0,0,2
3,A113,UNIQUE,1,-4518.7611476125,2882.08375528358,694.061209470425,-105.926251516752,2788.08677966835,3043.11479514591,5000,NONE,0,0,0,0
3,A114,UNIQUE,1,-4464.31365797202,-3357.94869264603,1667.83281348784,-3780.03862899474,1578.01319683164,2077.76928459312,5000.00000000001,NONE,0,0,0,1
3,A115,UNIQUE,1,-4463.68735379139,-4886.22789661029,-2725.99859426592,-1902.45867861374,-608.74850625676,-3104.51905414699,5000,NONE,0,0,0,1
3,A116,UNIQUE,1,-4437.424910375,-1542.88317408878,3661.64513403437,393.788811329587,-1730.25327255817,2387.17802131123,5000,NONE,0,0,0,0
3,A117,UNIQUE,1,-4422.28950725118,715.442990850514,4148.53114128022,-528.062227498771,345.954062170818,1034.29418414043,5000,NONE,0,0,0,1
3,A118,UNIQUE,2,-4505.40874964374,-1168.75732035559,-5057.73516523807,-1643.83896399538,2545.40656668242,-3320.95510371989,5000,Z,0,0,0,2
3,A119,UNIQUE,1,-4403.60727755624,-4592.70038720672,-3723.58682101653,-1184.96159580262,-871.28701203014,-2833.97878014365,5000,NONE,0,0,0,1
3,A120,UNIQUE,1,-4397.29493631101,1830.1361867125,-2506.42937971872,-327.237248089884,2386.60773512022,344.003890920108,5000,NONE,0,0,0,0
3,A121,UNIQUE,2,-4833.38316603981,1700.44016001606,5971.1603053076,-3365.18508309814,-1875.98677250877,2800.42462008289,5000,Z,0,0,0,2
3,A122,UNIQUE,1,-4367.72812969583,2076.92333379447,1425.12626491372,423.899947702362,3460.13217657474,1068.7084410836,5000,NONE,0,0,0,1
3,A123,UNIQUE,3,-4366.88748213927,-3819.61253713339,-2675.94087134222,-4232.39723628018,-6630.90055085406,-6808.56377667477,5000,Y>Z,0,0,0,3
3,A124,UNIQUE,3,-5592.2669376111,-5158.91737396406,2760.95781151036,-785.813656439914,-4536.86953991139,3990.21097830275,5000,X>Y,1,1,2,3
3,A125,UNIQUE,1,-4326.70685705914,-3313.35506887951,-3148.29031733543,611.160511270979,-2743.99181004891,-3689.85410145916,5000,NONE,0,0,0,0
3,A126,UNIQUE,1,-4325.93534522974,-1636.01576929022,687.287707327499,283.385320464921,194.607517827582,52.4795619306548,5000,NONE,0,0,0,0
3,A127,UNIQUE,2,-4314.49442587369,3019.10780590509,406.19185737708,-3722.00288186128,7496.12412024161,2552.18316477757,5000,Y,0,0,0,2
3,A128,UNIQUE,1,-4313.76832575146,-563.93752595661,-133.083517332063,-2857.92470190704,-2445.58479963247,4264.63439999503,5000,NONE,0,0,0,1
3,A129,AMBIGUOUS,0,NaN,NaN,NaN,NaN,NaN,NaN,NaN,NOT_RECONSTRUCTED,0,0,0,0
3,A130,UNIQUE,3,-4366.88748213927,6180.3874628666,7324.05912865779,-4232.39723628016,3369.09944914594,3191.43622332523,5000,Y>Z,0,0,0,3
3,A131,UNIQUE,1,-4283.65344231607,782.214621001764,4731.05726019267,-441.016747520069,-925.388000762852,2025.83332899032,5000,NONE,0,0,0,1
3,A132,UNIQUE,2,-4531.87720662466,656.54656836509,5538.63739894801,-2710.87881632285,-2007.92723570653,1719.66578214666,5000,Z,0,0,0,2
3,A133,UNIQUE,3,-5553.81438519865,-1294.29525485803,-5441.43571591975,-1005.2872507959,82.0158712142527,-3886.8719212006,5000,X>Z,1,1,2,3
3,A134,UNIQUE,4,-6378.35628420904,5002.24208849422,5753.44763757134,-1847.3691289889,3625.09710343992,4149.19482415013,5000,Y>X>Z,1,1,2,4
3,A135,UNIQUE,2,-4668.25542612175,-7435.58609306118,1131.01493516208,-4123.31609818374,-4317.22024717717,-2739.23513170577,5000,Y,0,0,0,2
3,A136,UNIQUE,1,-4224.87904616298,1018.43605070981,1905.69831751946,751.900062945494,1373.51986922207,2230.63705170217,5000,NONE,0,0,0,0
3,A137,UNIQUE,1,-4223.07600315043,-1771.37115843877,1892.94507460088,433.368702860982,-644.452482854297,3323.88078191874,5000,NONE,0,0,0,0
3,A138,UNIQUE,2,-4210.6959543032,-1730.15353464306,-1888.43185450096,-2867.5144942155,1445.95168125994,-5508.95933303091,5000,Z,0,0,0,2
3,A139,UNIQUE,3,-5950.53052292286,-8180.63972373862,-2766.319343881,-3677.69359568689,-4165.76205010203,-4693.74497614987,5000,X>Y,1,1,2,3
3,A140,UNIQUE,2,-4995.91838936806,1956.76737973369,-8230.82569047744,-3869.57462378038,-422.734885853251,-3980.0235673731,5000,Z,1,0,1,2
3,A141,UNIQUE,1,-4102.31621428781,4431.47429291086,-2415.60705080457,894.504935331985,4605.85934665772,-2378.61716378044,5000,NONE,0,0,0,0
3,A142,UNIQUE,3,-7072.42254692794,-1630.19458096303,-6798.18676243065,-2821.0453594091,-1019.01073215131,-4238.45116819516,5000,X>Z,1,1,2,3
3,A143,UNIQUE,2,-4314.49442587369,-6980.89219409491,406.191857377074,-3722.00288186128,-2503.8758797584,2552.18316477757,5000,Y,0,0,0,2
3,A144,UNIQUE,1,-4012.39270998318,-1834.8453603863,3726.07429706474,344.762915275798,-943.423431913583,1441.21942142996,5000,NONE,0,0,0,0
3,A145,UNIQUE,2,-3949.01857827991,-2074.5740788911,-4102.45285721345,-1518.95391061229,-4457.7951544819,-7765.10804379781,5000,Z,0,0,0,0
3,A146,UNIQUE,3,-5992.37565343746,-6419.73272112655,1467.64157531646,-2835.61847855312,-4228.89404980516,4666.87743018227,5000,X>Y,1,1,2,3
3,A147,UNIQUE,2,-3941.62191782659,-2541.21008300394,4386.14290663014,754.381618800537,-4105.07590102375,5094.57391047932,5000,Z,0,0,0,0
3,A148,UNIQUE,2,-4098.16451854473,-915.620954808949,5047.26635185887,19.8734899426172,1651.04826883585,3841.45871502447,5000,Z,0,0,0,2
3,A149,UNIQUE,1,-3935.66950286621,-221.024131726583,1238.27483308518,-924.248509871287,-1698.47073322929,4946.17115615808,5000,NONE,0,0,0,0
3,A150,UNIQUE,2,-3927.63123837517,3971.44880669682,3989.56636951461,-125.956377071754,6401.21487848517,1834.68700274722,5000,Y,0,0,0,2
3,A151,UNIQUE,1,-3902.89572773884,-3088.9993237149,1630.40870061951,476.949011720593,-766.260515050205,980.91313870055,5000,NONE,0,0,0,0
3,A152,UNIQUE,2,-3868.12247744941,1284.55208881491,2507.95188151583,-2780.31758623079,5910.75009836115,953.933704301926,5000,Y,0,0,0,0
3,A153,UNIQUE,2,-3831.21985516059,3507.15877538373,965.904437966886,-3040.34197400664,7606.20234788619,3717.6954852355,5000,Y,0,0,0,0
3,A154,UNIQUE,1,-3786.81574078267,4843.24926450574,1101.85560042605,-1801.77961053379,1129.35410692689,-1593.81023942112,5000,NONE,0,0,0,1
3,A155,UNIQUE,1,-3779.58706323983,2768.76779575297,-2930.32195471563,-2949.65479393071,601.473047834658,1498.4528085801,5000,NONE,0,0,0,1
3,A156,UNIQUE,2,-3767.53791624575,756.658513759222,2570.50459685003,-428.855427418373,-1323.86186994544,5656.70520144248,5000,Z,0,0,0,2
3,A157,UNIQUE,1,-3736.69743835885,-973.397803807633,2686.98807733915,-1053.83607794081,-4905.37937369601,4217.27427764092,5000,NONE,0,0,0,1
3,A158,UNIQUE,2,-3969.63994957215,-2528.71336772644,5184.11108996032,324.917711790812,-2983.52391990687,2664.20596181481,5000,Z,0,0,0,2
3,A159,UNIQUE,2,-3634.45936732771,1213.13905013493,4050.24673685265,-847.366423340802,5361.55867611411,4201.00325700726,5000,Y,0,0,0,2
3,A160,UNIQUE,1,-3628.8074308068,-4587.61306219392,4681.3589361279,346.901667158697,-3755.04279473817,1765.78627915242,5000,NONE,0,0,0,1
3,A161,UNIQUE,2,-3559.09130558383,-5002.58457833135,3337.22458473296,-3253.21910971766,-52.5884890382549,2701.62965415288,5000,Y,0,0,0,2
3,A162,UNIQUE,2,-3831.21985516059,-6492.84122461626,965.904437966884,-3040.34197400664,-2393.79765211381,3717.69548523551,5000,Y,0,0,0,0
3,A163,UNIQUE,2,-3496.54007033917,-4290.83309731229,1172.81001896321,811.858336284925,-5907.40012159195,-782.800940765374,5000,Y,0,0,0,2
3,A164,UNIQUE,1,-3496.37091092846,-696.631470477054,1531.62191440463,247.096691063384,2229.7953930502,3088.05248634269,5000,NONE,0,0,0,1
3,A165,UNIQUE,2,-3482.77574037465,2116.61032978454,4198.39286257169,623.763177438714,3750.61767381569,6536.41726709285,5000,Z,0,0,0,2
3,A166,UNIQUE,2,-3457.83167560648,-4229.12624197928,1555.86418738945,1441.91732220165,-5196.73598831367,1792.91088590469,5000,Y,0,0,0,0
3,A167,UNIQUE,2,-3453.7495830052,-2903.72992487522,4589.29175869421,-1039.80189382136,-518.714363966994,8261.42429008651,5000,Z,0,0,0,0
3,A168,UNIQUE,2,-3472.10504475694,5409.61197528972,1215.22681622013,-2896.96682537518,1031.94875525788,3561.56028795574,5000,Y,0,0,0,0
3,A169,UNIQUE,3,-6634.96627372537,-605.812954037211,-6988.72356914633,-2384.35372529927,-367.294829233286,-4366.62477861562,5000,X>Z,1,1,2,3
3,A170,UNIQUE,1,-3381.94352263597,-2014.29877013302,-4270.86180286394,1445.20194002736,-742.106703383865,-3987.67630254788,4999.99999999999,NONE,0,0,0,0
3,A171,UNIQUE,1,-3381.48967918435,2792.75267863163,3344.15385990426,1447.60182498836,1898.6392594994,2405.83811451012,4999.99999999999,NONE,0,0,0,0
3,A172,UNIQUE,1,-3365.54201309952,3426.34108505962,-2178.65524259573,1568.31768688051,4133.78797753554,-2574.315899269,5000,NONE,0,0,0,1
3,A173,UNIQUE,2,-3949.01857827991,-2074.5740788911,5897.54714278655,-1518.9539106123,-4457.79515448191,2234.89195620219,5000,Z,0,0,0,0
3,A174,UNIQUE,2,-3353.12058222035,3082.95543817606,2986.00711651426,-1340.60998055355,1795.4580035895,7378.29028522183,5000,Z,0,0,0,2
3,A175,UNIQUE,1,-3330.97683930299,-192.554020631002,767.786431203294,-964.278987507449,-3933.94320669486,-1556.16456585125,5000,NONE,0,0,0,0
3,A176,UNIQUE,1,-3286.85924593133,-2974.02552709837,3459.42089366925,-1003.25046987847,-2627.96721279353,-975.144992754681,5000,NONE,0,0,0,0
3,A177,UNIQUE,2,-3252.76362536888,386.447498381996,875.664562809716,-1827.05136089992,-76.5395901988716,5645.67373415836,5000,Z,0,0,0,2
3,A178,UNIQUE,4,-5329.70114868821,5354.85792089218,6054.23557845786,-907.288935789322,4530.30275265791,3871.94801863882,5000,X>Y>Z,1,1,2,4
3,A179,UNIQUE,2,-3453.7495830052,-2903.72992487521,-5410.70824130579,-1039.80189382133,-518.714363967028,-1738.57570991348,5000,Z,0,0,0,0
3,A180,UNIQUE,1,-3132.55886825909,-2477.77804858886,-18.8121899238568,-733.401974794709,-529.811963343794,3911.76974298091,5000,NONE,0,0,0,0
3,A181,UNIQUE,1,-3127.03672616569,2903.73641347257,467.769085676664,-3029.66894210302,-1619.45701440739,2596.44020367734,5000,NONE,0,0,0,1
3,A182,UNIQUE,2,-3118.66362985694,3167.45706181989,926.242622903726,-661.620361661811,7149.22916334794,-836.831201333331,5000,Y,0,0,0,0
3,A183,UNIQUE,1,-3115.7239937972,-814.320182024368,-801.001503680503,-1631.39949981614,3935.44525802039,-1287.32347637384,5000,NONE,0,0,0,1
3,A184,UNIQUE,1,-3093.68097161333,504.855793962775,190.215289626727,1309.4637032721,159.848374049618,2533.99148462336,4999.99999999999,NONE,0,0,0,1
3,A185,UNIQUE,2,-3089.67308499266,-3525.67520974636,-3568.40727676765,-2274.31421009608,-2192.58424977129,-8317.93971665688,5000,Z,0,0,0,2
3,A186,UNIQUE,1,-3084.82362850467,594.686233675939,1354.51266409409,288.152295570044,-2163.34240434362,3807.32970730712,5000,NONE,0,0,0,0
3,A187,UNIQUE,2,-4210.69595430325,-1730.15353464306,8111.56814549902,-2867.51449421549,1445.95168125994,4491.04066696909,5000,Z,0,0,0,2
3,A188,UNIQUE,2,-3048.36888233805,-2547.3639288818,2298.33794672485,923.460774613492,-2269.61120961485,5322.80857860409,5000,Z,0,0,0,2
3,A189,UNIQUE,2,-3868.1224774494,-8715.44791118509,2507.95188151582,-2780.31758623079,-4089.24990163884,953.933704301927,5000,Y,0,0,0,0
3,A190,UNIQUE,1,-2986.51011041048,-3997.31782735063,2302.07283132353,1942.1340348178,-4063.26347848573,3141.19026100985,5000,NONE,0,0,0,1
3,A191,UNIQUE,1,-2986.31280160509,-4387.10103169164,-366.71570439906,1962.46839744592,-4564.87028875375,-1058.06419478782,5000,NONE,0,0,0,0
3,A192,UNIQUE,2,-2969.40250126496,1406.65104185053,2094.97168441098,731.489436439067,40.0430323388269,5166.74339040995,5000,Z,0,0,0,0
3,A193,UNIQUE,1,-2968.73708555886,-835.022338979809,-4918.29134699381,166.542246581075,-3757.3536433087,-2343.41207658218,5000,NONE,0,0,0,0
3,A194,UNIQUE,1,-2895.93436936923,1368.51452280352,-2002.05617326184,2103.42009067578,1354.80752479818,-1922.89114920624,5000,NONE,0,0,0,0
3,A195,UNIQUE,2,-3089.67308499266,-3525.67520974637,6431.59272323235,-2274.31421009608,-2192.58424977127,1682.06028334313,5000,Z,0,0,0,2
3,A196,UNIQUE,2,-3010.14056035205,-5419.78260147442,391.144742045802,-1180.52502181864,-848.929626044734,1262.81558483149,5000,Y,0,0,0,0
3,A197,UNIQUE,3,-2834.85811065107,-2402.68161026534,3706.40903851621,-2758.70458362982,-7050.1734624791,5548.96707666016,5000,Y>Z,0,0,0,3
3,A198,UNIQUE,2,-2793.92468518926,-3116.18560171035,-513.773974660901,1464.97649824839,-5656.81961616368,-1151.6920840732,5000,Y,0,0,0,0
3,A199,AMBIGUOUS,0,NaN,NaN,NaN,NaN,NaN,NaN,NaN,NOT_RECONSTRUCTED,0,0,0,0
3,A200,UNIQUE,3,-2834.85811065106,7597.31838973466,-6293.5909614838,-2758.70458362983,2949.8265375209,-4451.03292333984,5000,Y>Z,0,0,0,3
3,A201,UNIQUE,3,-2746.01690991268,3619.88483228078,3319.02036967736,-962.579873953304,7769.86004361041,5463.09548126232,5000,Y>Z,0,0,0,0
3,A202,UNIQUE,1,-2735.73864867041,4334.7976314327,-1158.0041120667,-2304.00169128125,318.681575067157,-4104.93726730237,5000,NONE,0,0,0,0
3,A203,UNIQUE,1,-2732.62655978701,3173.87799493308,-1253.96384006569,6.86960683836378,-247.520179918855,-3660.03850269874,5000,NONE,0,0,0,1
3,A204,UNIQUE,2,-2713.51983737423,2768.20364613302,-4216.7934866811,-1801.5631203054,5313.54354303317,-10.8952763767437,5000,Y,0,0,0,0
3,A205,UNIQUE,1,-2705.11635183855,2724.75473679113,209.559653063315,358.693964527135,3894.63999047646,3983.7396750735,5000,NONE,0,0,0,1
3,A206,UNIQUE,1,-2677.92026474569,-2636.29494613645,-4264.98243282158,272.65986457879,-1223.98345351364,-483.520658819213,5000.00000000001,NONE,0,0,0,0
3,A207,UNIQUE,2,-2639.76796077274,-2885.06730731208,2684.63195984258,1683.19389069427,-2699.01166730076,5190.10279974092,5000,Z,0,0,0,2
3,A208,UNIQUE,3,-2629.90751246813,-2843.64608887052,-2734.93360670101,-1875.78605505326,-6538.604172853,-6018.0092356013,5000,Y>Z,0,0,0,3
3,A209,UNIQUE,3,-5735.08055489299,2719.66656545628,7282.26302004279,-1704.90018548046,2529.88414160758,4329.02262657665,5000,X>Z,1,1,2,3
3,A210,UNIQUE,2,-2558.61843911067,-2372.71621498393,3461.18778183696,-1138.79801143588,1644.09630013757,6078.30970706717,5000,Z,0,0,0,0
3,A211,UNIQUE,1,-2558.22695403246,2942.37905225634,-2002.4004020602,2339.82657173754,2979.80168390297,-998.572127237908,5000,NONE,0,0,0,1
3,A212,UNIQUE,2,-2556.99566448664,4442.37920643136,-3160.32796331038,1716.83020877822,5196.550729559,-677.257743055793,5000,Y,0,0,0,0
3,A213,UNIQUE,2,-2520.59504579702,2704.46472649792,2786.33384317137,332.497919081817,6800.71238381113,2502.40486663859,5000,Y,0,0,0,0
3,A214,UNIQUE,1,-2514.9777610282,-1076.90801464736,-2360.48997091467,2219.74083863324,-2656.87033186128,-2066.96167891529,5000,NONE,0,0,0,0
3,A215,UNIQUE,3,-2470.45984035823,-3863.37174097604,-4506.98479799321,-59.3396500873428,-5736.78947975126,-8466.37937344416,5000,Z>Y,0,0,0,3
3,A216,UNIQUE,1,-2446.27314653107,1373.72966518059,-2438.82758059225,2551.99180759701,1375.05774147409,-2570.53059706634,5000,NONE,0,0,0,1
3,A217,UNIQUE,2,-2438.33403198682,1949.28385329019,-4240.40876203936,-1947.18525291026,5648.46672818343,-912.523707698062,5000,Y,0,0,0,0
3,A218,UNIQUE,2,-3353.12058222035,3082.95543817607,-7013.99288348573,-1340.60998055355,1795.45800358949,-2621.70971477817,5000,Z,0,0,0,2
3,A219,UNIQUE,2,-2429.25437488962,-1243.579648126,2720.59759159582,-1642.52178296891,3023.48675097003,5205.18934367812,5000,Z,0,0,0,0
3,A220,UNIQUE,1,-2414.47353666484,-849.026396101761,-3329.22657332843,1356.42189347572,-3862.29170084743,-2025.16374579248,5000,NONE,0,0,0,0
3,A221,UNIQUE,1,-2406.55684813261,1553.72190916102,2981.06732438274,2590.26838778432,1411.12145989842,3087.85062632555,5000,NONE,0,0,0,0
3,A222,UNIQUE,1,-2404.00490826933,117.226869004377,-4832.9411747539,676.714848596792,2426.64187272604,-1642.9931939492,5000,NONE,0,0,0,0
3,A223,UNIQUE,1,-2395.64019653782,-119.973703180315,2506.29549538455,1357.798453951,-2985.68846615203,4149.27364323153,5000.00000000001,NONE,0,0,0,0
3,A224,UNIQUE,2,-2392.33093833262,-2788.67312895647,-153.262345847898,469.851244695019,-6422.35721004225,1745.22472285258,5000,Y,0,0,0,0
3,A225,UNIQUE,1,-2357.32332415099,-3978.94082377783,-3712.33910970985,2596.33596851486,-3342.34894670237,-3475.67395759219,5000.00000000001,NONE,0,0,0,0
3,A226,UNIQUE,3,-2345.28127734759,-3451.81618422104,2481.30622919476,-1598.90617389862,-6749.8631998342,6164.48557423848,5000,Y>Z,0,0,0,0
3,A227,UNIQUE,2,-3927.63123837517,-6028.55119330319,3989.56636951461,-125.956377071757,-3598.78512151482,1834.68700274722,5000,Y,0,0,0,2
3,A228,UNIQUE,1,-2274.23620732417,1886.7944044507,3789.67674392776,2714.709817092,2185.72391823163,3644.56054478786,5000,NONE,0,0,0,0
3,A229,UNIQUE,1,-2273.23100033529,-997.119451403975,3158.27000080394,2708.44274581757,-1382.38882162524,3343.99614129194,4999.99999999999,NONE,0,0,0,0
3,A230,UNIQUE,2,-2254.24596254165,2436.54255627196,2425.05814136151,1225.57553846407,3698.52167673884,5786.34524909925,5000,Z,0,0,0,0
3,A231,UNIQUE,2,-2253.4458059737,1535.25248123995,-3228.86436047797,-2010.1093423263,1144.07517434065,-8207.59589371277,5000,Z,0,0,0,0
3,A232,AMBIGUOUS,0,NaN,NaN,NaN,NaN,NaN,NaN,NaN,NOT_RECONSTRUCTED,0,0,0,0
3,A233,UNIQUE,1,-2188.50524220757,2097.4606904741,-4434.40067871513,883.230792207638,4540.63601007918,-1336.76737366629,5000.00000000001,NONE,0,0,0,1
3,A234,AMBIGUOUS,0,NaN,NaN,NaN,NaN,NaN,NaN,NaN,NOT_RECONSTRUCTED,0,0,0,0
3,A235,UNIQUE,2,-2253.44580597369,1535.25248123995,6771.13563952204,-2010.10934232631,1144.07517434065,1792.40410628723,5000,Z,0,0,0,0
3,A236,AMBIGUOUS,0,NaN,NaN,NaN,NaN,NaN,NaN,NaN,NOT_RECONSTRUCTED,0,0,0,0
3,A237,UNIQUE,3,-2629.90751246813,7156.35391112948,7265.06639329898,-1875.78605505326,3461.395827147,3981.9907643987,5000,Y>Z,0,0,0,3
3,A238,UNIQUE,1,-2108.23336608646,-3665.72367124177,389.165966663762,2878.66509324681,-4025.37325495226,350.488670528782,5000,NONE,0,0,0,0
3,A239,UNIQUE,2,-3482.77574037465,2116.61032978455,-5801.60713742831,623.763177438724,3750.61767381568,-3463.58273290715,5000,Z,0,0,0,2
3,A240,UNIQUE,1,-2071.1049254666,4244.89005528479,-2447.3561755707,2802.62036856449,4053.76307960668,-3547.47991292472,5000.00000000001,NONE,0,0,0,0
3,A241,UNIQUE,2,-2438.33403198685,-8050.71614670981,-4240.40876203935,-1947.18525291025,-4351.53327181657,-912.523707698063,5000,Y,0,0,0,0
3,A242,UNIQUE,1,-2033.25644272164,-4865.30820637923,2322.528469226,-1547.66880763091,-4682.87130466361,-2650.49087776426,5000,NONE,0,0,0,0
3,A243,UNIQUE,2,-3252.76362536887,386.447498381997,-9124.33543719029,-1827.05136089992,-76.5395901988716,-4354.32626584164,5000,Z,0,0,0,2
3,A244,AMBIGUOUS,0,NaN,NaN,NaN,NaN,NaN,NaN,NaN,NOT_RECONSTRUCTED,0,0,0,0
3,A245,UNIQUE,1,-1993.0511691762,-583.626826635024,-4381.51774328181,2970.46485508624,-232.395679875713,-4871.56402521457,5000,NONE,0,0,0,0
3,A246,UNIQUE,2,-3118.66362985694,-6832.54293818011,926.242622903728,-661.620361661812,-2850.77083665206,-836.831201333332,5000,Y,0,0,0,0
3,A247,UNIQUE,1,-1979.2166521355,-3031.76700765613,1464.07268224517,1593.33253453891,-116.438784863866,-469.254414286326,5000,NONE,0,0,0,0
3,A248,UNIQUE,1,-1976.3601228957,-636.977474317082,-2204.53441950196,2104.54289273436,-3328.89966613609,-1155.82783984592,5000,NONE,0,0,0,0
3,A249,UNIQUE,2,-1967.20584138617,735.587853598221,-1791.44236131533,-172.246150349493,5050.79004879869,-14.6053620127613,5000,Y,0,0,0,2
3,A250,UNIQUE,1,-1959.7032688218,-3760.91767555766,4797.89980168489,3039.74010150104,-3753.46937823196,4872.13260980926,5000.00000000001,NONE,0,0,0,0
3,A251,UNIQUE,2,-1921.17214367799,4023.54136107669,-4239.69943339324,2966.29088949712,4472.16281423261,-5194.39513942475,5000,Z,0,0,0,0
3,A252,UNIQUE,2,-2713.51983737422,-7231.79635386699,-4216.79348668109,-1801.5631203054,-4686.45645696683,-10.8952763767429,5000,Y,0,0,0,0
3,A253,UNIQUE,1,-1913.65157229474,658.792262492777,-2053.58803643263,2896.3161635127,1004.33478139584,-732.67518990504,5000,NONE,0,0,0,0
3,A254,UNIQUE,2,-1903.57591142826,4616.10307835296,-3945.18109835403,69.9962521548625,7053.57928044985,-51.1186079282325,5000,Y,0,0,0,0
3,A255,UNIQUE,1,-1838.89283938742,45.9084458449079,-3327.47236662416,875.431190135028,3155.76205410684,-505.902662020478,5000,NONE,0,0,0,0
3,A256,UNIQUE,3,-2345.28127734759,6548.18381577896,-7518.69377080524,-1598.90617389863,3250.13680016581,-3835.51442576151,5000,Y>Z,0,0,0,0
3,A257,UNIQUE,1,-1827.4342002489,-1648.39626907614,-1547.27202047728,1900.74434373872,-1068.43932429652,1733.63253259223,5000,NONE,0,0,0,0
3,A258,UNIQUE,2,-4645.06298240691,-4013.03042006627,5719.82497780956,198.922395809066,-4096.39787008146,4483.35600371121,5000,Z,0,0,0,2
3,A259,UNIQUE,1,-1824.9495825332,-4478.62663682293,2381.53247841767,-1760.73036069822,-23.933804265962,111.821558694086,5000,NONE,0,0,0,0
3,A260,UNIQUE,1,-1804.43496642929,-125.481945182031,-2904.76845004073,2961.94331755027,-1166.95184877341,-3998.83357329502,5000,NONE,0,0,0,1
3,A261,UNIQUE,1,-1768.36631086668,3611.11350022682,1302.35594993159,2600.5213962355,4559.00000040452,-936.914329760507,5000,NONE,0,0,0,0
3,A262,UNIQUE,1,-1760.28009020591,-100.847387880996,-2161.86617951344,2430.10000398021,2622.9702440665,-2015.127724633,5000,NONE,0,0,0,0
3,A263,UNIQUE,2,-2558.61843911066,-2372.71621498393,-6538.81221816304,-1138.79801143588,1644.09630013757,-3921.69029293283,5000,Z,0,0,0,0
3,A264,UNIQUE,1,-1714.324078827,2687.77286668013,-322.869727028028,-62.3824690924421,322.61173875842,-4406.63046401982,5000,NONE,0,0,0,1
3,A265,UNIQUE,1,-1696.85726928882,4633.57939662882,4469.7931162593,3269.10056783173,4054.68853600402,4405.38712720526,5000,NONE,0,0,0,0
3,A266,UNIQUE,1,-1688.02675109733,3264.63107973665,-3397.74222253306,3024.24235084434,4009.94075078403,-1901.40221934895,4999.99999999999,NONE,0,0,0,0
3,A267,UNIQUE,2,-1729.88519084865,5007.85995525576,1177.87547292652,3183.78868966805,4086.64282368784,1093.21147565664,5000,Y,0,0,0,0
3,A268,UNIQUE,2,-1678.84298934076,-3136.82305666654,1160.98133744767,2838.34532808452,-5059.93634632272,214.067941162474,5000,Y,0,0,0,0
3,A269,UNIQUE,3,-1668.94292631907,-2095.64445248237,2000.7498810709,-126.126354104637,-5300.78109173443,5514.55353924882,5000,Z>Y,0,0,0,0
3,A270,UNIQUE,1,-1638.21381065445,-2001.95466930316,1739.68347518704,2612.1045022839,-4424.66491892332,707.564642355113,5000,NONE,0,0,0,0
3,A271,UNIQUE,2,-1630.79438494195,-1627.7545400243,-2431.43756672781,-763.662178220514,-5918.12008810745,-4848.22162822102,5000,Y,0,0,0,0
3,A272,UNIQUE,2,-3496.54007033917,5709.16690268772,1172.81001896321,811.85833628492,4092.59987840804,-782.800940765375,5000,Y,0,0,0,2
3,A273,UNIQUE,2,-1903.57591142827,-5383.89692164705,-3945.18109835403,69.996252154885,-2946.42071955013,-51.1186079282602,5000,Y,0,0,0,0
3,A274,UNIQUE,1,-1574.65981391307,298.460551002785,2855.46447150688,232.462995940462,202.716371570795,-1805.55904293842,5000,NONE,0,0,0,0
3,A275,UNIQUE,1,-1561.9368141303,4624.04884276696,3593.21278741863,3426.54560476326,4962.26087065698,3618.8210005628,5000.00000000001,NONE,0,0,0,0
3,A276,UNIQUE,1,-1548.58886727104,-98.2144255899202,-4227.9844913351,-768.385068247016,4808.10762137702,-4793.03847409661,5000,NONE,0,0,0,0
3,A277,UNIQUE,2,-1538.64137353927,-650.382714172144,2840.70790805912,1758.47884087487,-793.248857021624,6596.84788906741,5000,Z,0,0,0,0
3,A278,UNIQUE,1,-1489.57061795279,4386.19018971233,1992.54195980958,1540.97012933524,550.103182441659,943.609525533649,5000,NONE,0,0,0,0
3,A279,UNIQUE,2,-1465.67232088247,-2716.32934866515,2555.56071368742,993.322869022494,-5488.62398563444,-801.182514779062,5000,Y,0,0,0,0
3,A280,UNIQUE,1,-1462.5326550549,-2061.1894796973,4271.08530302224,3482.02142277178,-1913.35280985366,4998.77293552472,5000,NONE,0,0,0,0
3,A281,UNIQUE,2,-1410.4247519827,-1801.71988954496,2327.68588257511,-439.686213597374,-6706.52358066054,2303.86484749095,5000,Y,0,0,0,2
3,A282,UNIQUE,1,-1370.47673295522,544.724842807719,-2522.27527979119,3254.3599382504,1055.73116491742,-692.040785679673,5000,NONE,0,0,0,0
3,A283,UNIQUE,3,-2746.01690991268,-6380.11516771922,-6680.97963032264,-962.579873953287,-2230.1399563896,-4536.90451873769,5000,Y>Z,0,0,0,0
3,A284,UNIQUE,1,-1289.85348481225,-922.684354973808,2795.09947323115,2697.27621127285,-1616.50014374302,-141.125388364235,4999.99999999999,NONE,0,0,0,0
3,A285,UNIQUE,1,-1287.5492143397,510.037087201225,-3113.48050250706,1991.96950774375,3481.76950960515,-786.773954371387,5000,NONE,0,0,0,1
3,A286,UNIQUE,1,-1195.86508286475,1713.51827928881,-2864.80604719042,3280.3796441118,-513.312515087985,-2931.57248658817,5000,NONE,0,0,0,0
3,A287,UNIQUE,1,-1191.06447425374,4854.01252903279,3310.70161072481,3250.65348246953,2564.3602456412,3141.48573061371,5000,NONE,0,0,0,0
3,A288,UNIQUE,1,-1172.37821295477,3442.62672615013,-67.954334003678,3798.65040662973,3948.14092733008,-250.518995636845,5000,NONE,0,0,0,0
3,A289,UNIQUE,1,-1164.21722372438,4444.28286971334,3053.98346259342,726.959080512002,2620.85584286194,-1200.2574878045,4999.99999999999,NONE,0,0,0,0
3,A290,UNIQUE,2,-3767.53791624576,756.65851375922,-7429.49540314996,-428.855427418372,-1323.86186994544,-4343.29479855752,5000,Z,0,0,0,2
3,A291,UNIQUE,1,-1122.31996570061,-2622.92397988768,-1872.3566919596,2775.91924704288,-149.022610723488,-3791.61255188984,5000,NONE,0,0,0,0
3,A292,UNIQUE,2,-1115.62918680786,-2644.33441256991,-4686.32069539784,810.181279259431,1320.71336413672,-7046.33132614073,5000,Z,0,0,0,0
3,A293,UNIQUE,1,-1061.35395684506,-3390.18109115154,-2144.22934907679,3325.6147854483,-4782.55634713434,-4097.63570738216,5000,NONE,0,0,0,0
3,A294,UNIQUE,1,-1042.35387041865,-3835.56683670731,1322.40942771576,297.191363687103,-3081.76415771512,-3435.46825954447,5000,NONE,0,0,0,0
3,A295,UNIQUE,2,-1141.59646748062,-5078.96038859851,-2253.1035908447,2558.25111562526,-2482.78222076087,-4391.09020975249,5000,Y,0,0,0,0
3,A296,UNIQUE,1,-1021.46911361414,4270.80141946141,-2415.39333624588,3776.25490871123,3333.24044315314,-3465.54743032255,5000,NONE,0,0,0,0
3,A297,UNIQUE,3,-2470.45984035822,6136.62825902396,5493.0152020068,-59.3396500873241,4263.21052024876,1533.62062655584,5000,Z>Y,0,0,0,3
3,A298,UNIQUE,1,-1001.0229248571,-1870.25182089103,120.667151387046,3968.80440840674,-1600.3748282402,-356.80817402925,5000,NONE,0,0,0,0
3,A299,UNIQUE,1,-950.257296144078,1499.49936863303,2966.68000651468,2461.7418969606,-459.051505773072,-119.148890008285,5000,NONE,0,0,0,0
3,A300,UNIQUE,2,-1630.79438494194,8372.2454599757,-2431.43756672781,-763.662178220516,4081.87991189255,-4848.22162822102,5000,Y,0,0,0,0
3,A301,UNIQUE,2,-943.883047879913,-1796.63283259212,-2999.87574297452,1410.40281713073,-6174.45446627116,-3540.2606146196,5000,Y,0,0,0,0
3,A302,UNIQUE,2,-939.621197616654,-3684.98516091987,-605.647591962363,-751.984807019841,-8206.73045515241,-2731.35031788846,5000,Y,0,0,0,0
3,A303,UNIQUE,1,-924.116992474872,-1871.61122667849,-1439.10685171816,3252.41366437023,163.48285637705,408.860611616995,5000,NONE,0,0,0,0
3,A304,UNIQUE,2,-2520.59504579702,-7295.53527350208,2786.33384317136,332.497919081818,-3199.28761618887,2502.4048666386,5000,Y,0,0,0,0
3,A305,UNIQUE,1,-910.643496863629,-450.056741007482,-1105.08540016829,4080.52349906419,-697.387397598801,-940.526702218454,5000,NONE,0,0,0,1
3,A306,UNIQUE,1,-908.524734493589,3603.37968043794,1710.26256478597,3956.85337702761,3624.65202077418,2862.4966206388,5000,NONE,0,0,0,0
3,A307,UNIQUE,2,-939.621197616653,6315.01483908013,-605.647591962359,-751.984807019842,1793.26954484759,-2731.35031788847,5000,Y,0,0,0,0
3,A308,UNIQUE,2,-1115.62918680786,-2644.33441256991,5313.67930460216,810.181279259444,1320.71336413673,2953.66867385928,5000,Z,0,0,0,0
3,A309,UNIQUE,1,-816.786552340955,1153.60241984912,3248.23555409033,3846.87436003794,1929.17934483832,4875.73281300462,5000,NONE,0,0,0,0
3,A310,UNIQUE,2,-1410.4247519827,8198.28011045503,2327.6858825751,-439.686213597374,3293.47641933945,2303.86484749095,5000,Y,0,0,0,2
3,A311,UNIQUE,2,-775.312506684465,1207.43249816536,3820.471398528,2748.22555484773,4263.22290114178,5622.36610744169,5000,Z,0,0,0,0
3,A312,UNIQUE,1,-720.662959498911,1395.74107118604,-3368.76689505706,4131.43149099703,2501.62059165755,-3852.71929939884,5000,NONE,0,0,0,0
3,A313,UNIQUE,1,-704.26011590517,1397.35574361483,-2062.10024317056,4274.26865519084,1541.76761242385,-2501.86891817634,5000,NONE,0,0,0,0
3,A314,UNIQUE,2,-658.666884309651,-2631.64145942732,2307.07644646147,-220.920713262763,-5102.02476535376,-2017.91888434916,5000,Y,0,0,0,0
3,A315,UNIQUE,2,-2392.33093833262,7211.32687104353,-153.262345847913,469.851244695014,3577.64278995776,1745.22472285259,5000,Y,0,0,0,0
3,A316,UNIQUE,1,-628.303131437458,3941.83493952219,-2970.13746682894,3448.15566079556,3483.4251532117,-111.406247731752,5000,NONE,0,0,0,1
3,A317,UNIQUE,2,-611.897627660977,-1832.7227813926,3058.5871537184,533.822001779337,1339.12726701702,6750.02234902104,5000,Z,0,0,0,0
3,A318,UNIQUE,1,-600.293524099337,2058.66606159803,544.869717003619,3535.89127867356,-549.669822608702,-498.470684049675,5000,NONE,0,0,0,0
3,A319,UNIQUE,1,-541.389696544848,-4477.10912074193,229.79011253271,4409.93296649692,-4134.97285589825,-376.301186470811,5000,NONE,0,0,0,0
3,A320,UNIQUE,1,-533.710007971979,-580.055111920089,-1355.23468988366,2552.91086491322,-2685.61035636179,1967.3258738493,5000,NONE,0,0,0,0
3,A321,UNIQUE,2,-514.141679471809,3603.84491387508,-1790.11529514643,2115.63177548291,4951.58707436648,-5823.46162845944,5000,Z,0,0,0,2
3,A322,UNIQUE,1,-503.316277716019,-2536.20202748796,434.485855444772,4367.71549417358,-3230.90696665853,-454.577991944181,5000,NONE,0,0,0,0
3,A323,UNIQUE,1,-465.372955518574,308.12634250627,-2814.46533546512,4220.95132692436,-730.463145720607,-1414.57369868376,5000,NONE,0,0,0,0
3,A324,UNIQUE,1,-436.455355049266,-1018.12076494026,319.488721381171,3381.58948285985,-2131.10870961898,-2710.98837813888,5000.00000000001,NONE,0,0,0,0
3,A325,UNIQUE,2,-425.685083763202,-2747.83684877655,-2647.37640701039,3243.73882156064,-5000.45899689338,-105.522425985623,5000,Y,0,0,0,0
3,A326,UNIQUE,1,-418.74576243275,632.329806281322,-4816.96976636464,3867.1642306188,-1594.10859772961,-3523.15851096216,5000,NONE,0,0,0,0
3,A327,UNIQUE,1,-414.147359128009,-213.361934866363,-3902.442133719,4392.53058126761,734.006471408728,-4901.61192915214,5000,NONE,0,0,0,0
3,A328,UNIQUE,1,-403.88275820486,-1325.2405856818,-4191.238712224,631.091769525115,-1223.82665823466,699.420030958747,5000,NONE,0,0,0,0
3,A329,UNIQUE,1,-397.875958023511,2315.67886379874,-4449.70523441582,828.086612497854,2054.78407850822,390.640795228022,5000,NONE,0,0,0,0
3,A330,UNIQUE,2,-392.074020409426,-1116.11102244978,-1281.25884910726,2128.60978117055,-5354.46310701638,-2107.40942842213,5000,Y,0,0,0,0
3,A331,UNIQUE,1,-381.467276296109,172.279256578303,-1186.26355630822,3962.00297077972,-2303.12253986502,-1267.8243246482,5000,NONE,0,0,0,0
3,A332,UNIQUE,2,-371.3647187537,-1299.16849353423,-4433.05606033993,-219.791386921234,3264.50792062441,-6470.18224983566,5000,Z,0,0,0,0
3,A333,UNIQUE,1,-368.865902150036,-3149.50771607562,-931.872482803781,3294.3013204958,-3316.50174300868,2467.14485959121,5000,NONE,0,0,0,0
3,A334,UNIQUE,2,-330.447858179871,2793.11421678497,-3911.93531027542,4042.54040666104,4661.45590507463,-5456.69191614012,5000,Z,0,0,0,0
3,A335,UNIQUE,2,-371.3647187537,-1299.16849353424,5566.94393966007,-219.791386921234,3264.5079206244,3529.81775016435,5000,Z,0,0,0,0
3,A336,UNIQUE,1,-282.135790835826,-1268.68413518342,1519.21346714945,4085.23625867751,983.672379599244,595.659726728388,5000,NONE,0,0,0,0
3,A337,UNIQUE,1,-270.578233818549,261.710661713484,2529.95981221472,920.427495625266,-1402.39506345766,-2032.0855062674,5000,NONE,0,0,0,0
3,A338,UNIQUE,1,-203.022377696583,-4050.4016749952,4380.48543607846,4788.13732617284,-3885.56832088296,4133.19051934494,5000,NONE,0,0,0,1
3,A339,UNIQUE,1,-185.834471623048,-1015.99448022286,3503.63552234271,2622.38106001486,226.556192561225,-442.247566831559,5000,NONE,0,0,0,0
3,A340,UNIQUE,1,-155.293961348396,2767.08119774224,421.095504509658,4270.51116369474,4550.77926535305,-1072.44733007642,5000,NONE,0,0,0,0
3,A341,UNIQUE,1,-86.1455555047714,2126.88721944666,-4115.80358825911,878.232853230145,3262.75545695612,657.012942028117,4999.99999999999,NONE,0,0,0,0
3,A342,UNIQUE,2,-81.7282437599506,-3707.73601417115,-1895.37735052434,1809.28949784527,-8234.24916593864,-928.562689997193,5000,Y,0,0,0,2
3,A343,UNIQUE,1,-63.0604605725512,-2575.97595484392,2693.87582587505,4526.91315842301,-3415.55032132768,897.419018693707,5000,NONE,0,0,0,0
3,A344,UNIQUE,1,-38.4408876811713,-4330.4626423527,-3595.37063258734,4911.22760106878,-4967.03507292936,-3286.24704548102,5000,NONE,0,0,0,0
3,A345,UNIQUE,2,-611.897627660978,-1832.72278139261,-6941.41284628161,533.822001779335,1339.12726701702,-3249.97765097897,5000,Z,0,0,0,0
3,A346,UNIQUE,2,-2.83675374090944,1276.58331143327,-4501.5357393613,1685.48554287637,-2338.92868318993,-7514.44809113669,5000,Z,0,0,0,0
3,A347,UNIQUE,1,92.0145236920653,2387.73542071801,1936.39342771548,3128.88296811596,-405.599433226992,4760.34640979547,5000,NONE,0,0,0,1
3,A348,UNIQUE,1,106.998054848587,-132.056937913214,-3311.95882972781,1456.99076751935,1058.32567570105,1352.85723405656,5000,NONE,0,0,0,0
3,A349,UNIQUE,2,-3941.62191782658,-2541.21008300392,-5613.85709336985,754.381618800539,-4105.07590102375,-4905.42608952068,5000,Z,0,0,0,0
3,A350,UNIQUE,2,156.891365494355,4807.07204571865,4591.63849545779,4201.02333156296,5641.17265547393,1772.1930156111,5000,Y,0,0,0,0
3,A351,UNIQUE,2,211.148240821421,1136.46844059657,-2525.87633098532,5060.21998750696,2334.9346924017,-2749.88936359783,5000,X,1,1,2,2
3,A352,UNIQUE,2,231.672702700437,3630.53732214301,-763.977686007768,3687.49791492892,7061.98169464455,-1896.4359064086,5000,Y,0,0,0,0
3,A353,UNIQUE,1,254.41793273461,-4059.37458782871,2455.57122246777,1528.4648257635,769.288514533416,2208.95987185719,5000,NONE,0,0,0,0
3,A354,UNIQUE,2,-2.83675374091081,1276.58331143327,5498.4642606387,1685.48554287638,-2338.92868318992,2485.5519088633,5000,Z,0,0,0,0
3,A355,UNIQUE,2,-1538.64137353927,-650.382714172145,-7159.29209194088,1758.47884087487,-793.248857021623,-3403.15211093259,5000,Z,0,0,0,0
3,A356,UNIQUE,2,-2793.92468518925,6883.81439828965,-513.773974660912,1464.97649824839,4343.18038383631,-1151.6920840732,5000,Y,0,0,0,0
3,A357,UNIQUE,1,383.107705224529,-3933.65443276843,3435.6812403306,3773.68094695761,-310.867463698459,2819.70423655496,5000,NONE,0,0,0,0
3,A358,UNIQUE,1,406.992942192289,-3542.14741296542,4705.67555745157,3186.65675752132,-1440.87990592643,1119.85013816348,5000,NONE,0,0,0,0
3,A359,UNIQUE,2,-2254.24596254164,2436.54255627197,-7574.94185863849,1225.57553846407,3698.52167673884,-4213.65475090074,5000,Z,0,0,0,0
3,A360,UNIQUE,2,423.332418198398,4343.36116556851,-201.674718098,1135.97832618508,8014.75651885563,3116.9081074002,5000,Y,0,0,0,0
3,A361,UNIQUE,2,-3457.83167560648,5770.87375802072,1555.86418738947,1441.91732220165,4803.26401168633,1792.91088590468,5000,Y,0,0,0,0
3,A362,UNIQUE,2,-81.7282437599533,6292.26398582886,-1895.37735052433,1809.28949784527,1765.75083406136,-928.562689997217,5000,Y,0,0,0,2
3,A363,UNIQUE,2,492.402131071251,4580.44511070799,3968.11088999173,5491.2411722427,4472.77018582978,3971.89916302633,5000,X,1,1,2,2
3,A364,UNIQUE,1,494.068620001137,942.193442097078,2484.59737919321,3857.25553069977,4186.36553741314,705.743472972127,5000,NONE,0,0,0,0
3,A365,UNIQUE,2,496.859678960925,712.458250662728,-4286.60260672017,4129.08378437841,-94.2130848114811,-7626.69682762898,5000,Z,0,0,0,2
3,A366,UNIQUE,2,-3048.36888233806,-2547.3639288818,-7701.66205327514,923.460774613493,-2269.61120961485,-4677.19142139591,5000,Z,0,0,0,2
3,A367,UNIQUE,2,532.308645355847,1283.98753616482,3280.54272597601,5492.74213959461,701.842661514543,3045.58125221352,5000,X,1,1,2,2
3,A368,UNIQUE,2,423.332418198398,-5656.63883443149,-201.674718098001,1135.97832618508,-1985.24348114437,3116.90810740019,5000,Y,0,0,0,0
3,A369,UNIQUE,2,-1465.67232088248,7283.67065133484,2555.56071368743,993.322869022494,4511.37601436557,-801.18251477906,5000,Y,0,0,0,0
3,A370,UNIQUE,1,565.209734297242,633.01202140712,3085.50967980725,3522.52757176336,970.653529289325,-931.985736538582,5000,NONE,0,0,0,0
3,A371,UNIQUE,2,-2556.99566448664,-5557.62079356864,-3160.32796331037,1716.83020877823,-4803.449270441,-677.257743055791,5000,Y,0,0,0,0
3,A372,UNIQUE,1,622.398518405673,2145.01866127435,2978.00711759627,1861.07804864094,1944.07693344368,-1861.96141984202,5000,NONE,0,0,0,0
3,A373,UNIQUE,1,668.604709862218,-1843.80610746591,1098.49883344741,3594.72932523208,-130.067116783526,-2575.85735602872,5000,NONE,0,0,0,0
3,A374,UNIQUE,2,744.523834814451,1840.10995910313,-1515.10522800037,5696.964781463,1847.3209924815,-827.154160731464,5000,X,1,1,2,2
3,A375,UNIQUE,3,757.860120215932,-4541.93098739454,-1391.3961700317,5073.80920286162,-7054.66655860611,-1633.76668221892,5000,Y>X,1,1,2,3
3,A376,UNIQUE,2,-943.883047879906,8203.36716740788,-2999.87574297452,1410.40281713073,3825.54553372884,-3540.2606146196,5000,Y,0,0,0,0
3,A377,UNIQUE,1,795.178926303391,-2265.60079922479,-2290.95730866955,4375.56717019288,665.520410398012,-4185.51490281054,5000,NONE,0,0,0,1
3,A378,UNIQUE,2,806.518284429546,2527.15196887878,4996.79605034444,3391.81054572472,5249.5785207435,1694.57594965622,5000,Y,0,0,0,0
3,A379,UNIQUE,1,865.062607610237,4615.61376860144,1397.25611195393,3959.30677832254,2720.58144630926,4837.38772418635,5000,NONE,0,0,0,1
3,A380,UNIQUE,1,944.769247035697,3429.39133366972,-1769.06720844637,3992.39449337547,-471.284012373614,-1064.28908545856,5000.00000000001,NONE,0,0,0,1
3,A381,UNIQUE,2,958.792037666284,-879.348926666641,-4810.58496730686,5806.26628986523,-2022.79385410491,-4369.53273436392,5000,X,1,1,2,2
3,A382,UNIQUE,2,978.797473355521,-5020.72475238267,-3644.30726399944,2409.08897076284,-317.933048138722,-4559.73963121102,5000,Y,0,0,0,2
3,A383,UNIQUE,2,1001.72112666501,-3492.79544373779,3262.43978050237,1394.08758069983,-8469.91586095031,3535.05841213711,5000,Y,0,0,0,0
3,A384,UNIQUE,1,1002.39598117343,-4014.10029880713,1094.16799460625,3499.80247603267,-619.434814750036,3784.74545135904,5000,NONE,0,0,0,0
3,A385,UNIQUE,1,1005.10802619205,196.204502359582,-1972.62336370054,3062.99599368352,-1826.00529473745,2110.97365973096,5000,NONE,0,0,0,0
3,A386,UNIQUE,2,1012.94925318949,3316.58486137686,-3012.16634408452,5639.06131728713,2198.50476408576,-4544.80591895259,5000,X,1,1,2,2
3,A387,UNIQUE,1,1023.47987152438,-4386.14471858764,3623.31623564462,2842.29276522477,-3797.61979296937,-996.809094867012,5000,NONE,0,0,0,0
3,A388,UNIQUE,2,1034.7078292861,3820.47445882237,3290.55746507901,5893.42846612159,2850.17217161023,3962.38128470717,5000,X,1,1,2,2
3,A389,UNIQUE,2,1051.01118043376,3708.3829333319,632.90013712865,5077.05766543905,773.514833941854,1054.20636751124,5000,X,1,1,2,2
3,A390,UNIQUE,2,1029.38407740025,-5071.62526369451,3959.27349642597,3424.32782395823,-1008.00338776219,2300.59278565999,5000,Y,0,0,0,0
3,A391,UNIQUE,2,156.891365494354,-5192.92795428135,4591.63849545778,4201.02333156298,-4358.82734452606,1772.19301561112,5000,Y,0,0,0,0
3,A392,UNIQUE,2,1001.72112666501,6507.20455626221,3262.43978050237,1394.08758069982,1530.08413904969,3535.05841213711,5000,Y,0,0,0,0
3,A393,UNIQUE,2,1195.37898799255,-3347.19192764941,-4035.17894862004,5729.9828790442,-3898.40520002173,-2002.07012722856,5000,X,1,1,2,2
3,A394,UNIQUE,1,1264.70298217998,-1415.80394084898,4551.81403118693,3397.58477766525,3061.02806532083,3912.4468166528,5000,NONE,0,0,0,1
3,A395,UNIQUE,2,496.859678960922,712.458250662729,5713.39739327984,4129.0837843784,-94.2130848114791,2373.30317237102,5000,Z,0,0,0,2
3,A396,UNIQUE,2,1279.67638853253,1669.55766104041,378.06144762305,2158.00633558242,1591.17742255464,5299.68648843328,5000,Z,0,0,0,0
3,A397,UNIQUE,1,1292.77038055592,2549.40480193222,-3104.88593942965,2666.86445734986,1273.81108064308,1530.27599154186,5000,NONE,0,0,0,0
3,A398,UNIQUE,2,1324.27827172855,-4469.59705159468,4630.74058319824,5897.65050393144,-2841.41616101725,3433.53825557184,5000,X,1,1,2,2
3,A399,UNIQUE,2,1325.22768636215,-2584.48341698145,-4372.3883568322,4868.58396922642,-1794.90668184373,-7810.5848073009,5000,Z,0,0,0,0
3,A400,UNIQUE,2,1351.85435908598,4559.32913990164,2603.46126235044,4691.30334014605,8200.82669977644,3369.9963393839,5000,Y,0,0,0,0
3,A401,UNIQUE,3,1388.23379378314,-2412.71707588015,-4610.4379747046,1703.26033903741,-7186.21989755403,-6064.54563483732,5000,Z>Y,0,0,0,0
3,A402,UNIQUE,2,1390.07309007338,650.083027888496,1952.36995680637,6058.73586454313,-1135.38813308892,1827.14762813308,5000,X,1,1,2,2
3,A403,UNIQUE,2,1419.93383280489,-2237.29236449688,-3963.72843475643,6158.7059164789,-642.904872072399,-3919.37008726386,5000,X,1,1,2,2
3,A404,UNIQUE,1,1458.74307874793,-3341.53860868994,-785.100297677509,4570.36314986726,-2238.73326115861,2970.11486239836,5000,NONE,0,0,0,0
3,A405,UNIQUE,1,1458.90090187067,4790.72702281352,1077.24372965009,4937.82698629505,2307.04390686284,3671.15804563146,4999.99999999999,NONE,0,0,0,0
3,A406,UNIQUE,2,1468.51011214792,-1375.25243452281,-3332.68098216493,3704.70262669963,521.179258242848,-7382.74145980436,5000,Z,0,0,0,2
3,A407,AMBIGUOUS,0,NaN,NaN,NaN,NaN,NaN,NaN,NaN,NOT_RECONSTRUCTED,0,0,0,0
3,A408,UNIQUE,2,-775.312506684476,1207.43249816537,-6179.52860147199,2748.22555484774,4263.22290114178,-4377.63389255832,5000,Z,0,0,0,0
3,A409,UNIQUE,1,1540.90076270817,-4926.41172089898,-254.469495786169,4418.33125602811,-4548.88207826306,-4326.06195145309,5000,NONE,0,0,0,0
3,A410,AMBIGUOUS,0,NaN,NaN,NaN,NaN,NaN,NaN,NaN,NOT_RECONSTRUCTED,0,0,0,0
3,A411,UNIQUE,2,1549.12759581782,-1814.93600226961,-2644.84019768204,5337.04602499116,-3955.8395060977,-181.467273980566,5000,X,1,1,2,2
3,A412,UNIQUE,3,1388.23379378314,7587.28292411985,5389.56202529539,1703.26033903739,2813.78010244596,3935.45436516269,5000,Z>Y,0,0,0,0
3,A413,UNIQUE,2,1574.93897247575,350.248784313318,-991.22432516025,5265.78402696534,2604.11752410441,-3500.75386026086,5000,X,1,1,2,2
3,A414,UNIQUE,2,-514.141679471808,3603.84491387508,8209.88470485357,2115.63177548291,4951.58707436648,4176.53837154056,5000,Z,0,0,0,2
3,A415,UNIQUE,3,1414.8263483411,5071.56935804512,-5362.20877014337,3251.13420872606,2320.90203147463,-1612.30174457247,5000,Y>Z,0,0,0,0
3,A416,UNIQUE,2,1608.62745335126,213.044832449734,2413.27886626429,6483.10898540611,-899.924652030992,2440.27368559865,5000,X,1,1,2,2
3,A417,UNIQUE,2,1610.76934659088,-3979.80019859528,2246.94024709132,3956.01334515131,-8001.7345324084,4070.08993971437,5000,Y,0,0,0,0
3,A418,UNIQUE,2,231.672702700443,-6369.462677857,-763.97768600776,3687.49791492891,-2938.01830535544,-1896.43590640861,5000,Y,0,0,0,0
3,A419,UNIQUE,2,1646.5781058286,-493.065215503701,477.228413794834,6535.96138034701,-1273.966712095,-218.561818589242,5000,X,1,1,2,2
3,A420,UNIQUE,3,1677.12793584843,4468.84512425212,1611.97860567496,6394.52898007585,5847.54545471153,692.569672330721,5000,Y>X,1,1,2,3
3,A421,UNIQUE,2,1642.24313785464,-2184.01401063254,-5275.88751441902,2222.6813460659,1039.34020203186,-1497.91463122529,5000,Z,0,0,0,2
3,A422,UNIQUE,2,1712.18261113632,4203.87659559688,3212.89182525608,6539.65298036775,4970.55812487301,4265.37900658389,5000,X,1,1,2,2
3,A423,UNIQUE,2,1714.24096612677,-4509.69307651047,4366.8980464371,3858.8603322988,-8848.27322465799,3110.98002668419,5000,Y,0,0,0,0
3,A424,UNIQUE,3,1730.0577830437,-2707.11417112629,-160.856788314695,5532.67270401177,-5936.29567304472,174.563232702058,5000,Y>X,1,1,2,3
3,A425,UNIQUE,2,1351.85435908598,-5440.67086009837,2603.46126235043,4691.30334014602,-1799.17330022355,3369.99633938397,5000,Y,0,0,0,0
3,A426,UNIQUE,3,1762.12901542166,-1726.8632933773,-4626.03536550674,5811.26499508076,-770.048269359143,-7398.94048974796,5000,Z>X,1,1,2,3
3,A427,UNIQUE,2,1828.82464848207,-2792.90530448755,-2844.97552689135,3356.6154178603,-266.301848361812,-6880.08771126692,5000,Z,0,0,0,0
3,A428,UNIQUE,2,1836.78620348649,1880.8920296112,3275.3431747825,5400.34301866395,-1583.8638820847,2730.79813773729,5000,X,1,1,2,2
3,A429,UNIQUE,2,1840.31077324359,419.667746797315,-187.628642044528,6831.96651055746,304.854789176287,-452.564454844166,5000,X,1,1,2,2
3,A430,UNIQUE,1,1906.75071034775,2762.6565602304,-704.023328117305,3839.79242642769,347.126966157744,3223.89806927011,5000,NONE,0,0,0,0
3,A431,UNIQUE,2,1926.06627797377,-1140.09737839039,1970.71161337905,4855.53160722755,-1160.59520774185,6022.60163208537,5000,Z,0,0,0,0
3,A432,UNIQUE,2,1714.24096612677,5490.30692348953,4366.89804643709,3858.8603322988,1151.72677534199,3110.98002668423,5000,Y,0,0,0,0
3,A433,UNIQUE,2,-1921.17214367799,4023.54136107669,5760.30056660675,2966.29088949712,4472.16281423261,4805.60486057525,5000,Z,0,0,0,0
3,A434,UNIQUE,2,1325.22768636215,-2584.48341698145,5627.61164316779,4868.58396922644,-1794.90668184374,2189.41519269911,5000,Z,0,0,0,0
3,A435,UNIQUE,3,2138.15182996952,596.154126038026,-2941.99149094277,6356.42586804517,34.8532008198345,-5567.08299621381,5000,X>Z,1,1,2,3
3,A436,UNIQUE,2,2157.93527938752,-370.819460230364,-4072.21494380238,2775.67517943145,-5301.14045540643,-4629.28971474414,5000,Y,0,0,0,0
3,A437,UNIQUE,1,2185.9855598441,1984.51628984381,781.369893030972,2651.80374283138,-684.01134952795,4983.98499059908,5000,NONE,0,0,0,1
3,A438,UNIQUE,3,2194.75309856935,-4884.68753096991,254.963652473301,6976.79105453411,-5778.9866811359,-899.307553840377,5000,Y>X,1,1,2,3
3,A439,UNIQUE,2,1610.76934659088,6020.19980140473,2246.94024709133,3956.0133451513,1998.26546759159,4070.08993971435,5000,Y,0,0,0,0
3,A440,UNIQUE,3,2221.45452106537,-3691.24174937831,-4803.33026035023,6947.48725516164,-4340.69143386373,-6300.93825431003,5000,Z>X,1,1,2,3
3,A441,AMBIGUOUS,0,NaN,NaN,NaN,NaN,NaN,NaN,NaN,NOT_RECONSTRUCTED,0,0,0,0
3,A442,UNIQUE,2,2265.94857369379,4187.52171902625,-4180.4968656364,3730.38502585634,7750.93756172736,-993.41459346891,5000,Y,0,0,0,0
3,A443,UNIQUE,2,2286.94509947694,-1448.6095039137,1283.25446944978,6580.37900296593,-3553.43041143183,2744.81331658726,5000,X,1,1,2,2
3,A444,UNIQUE,2,2293.03898663167,3878.20935848705,1496.82686801208,5721.25004611858,479.023569555257,2797.94365905574,5000,X,1,1,2,2
3,A445,AMBIGUOUS,0,NaN,NaN,NaN,NaN,NaN,NaN,NaN,NOT_RECONSTRUCTED,0,0,0,0
3,A446,UNIQUE,1,2349.51422773966,-4782.75116116942,-981.078798114355,3998.01639248422,-273.129505281531,-2375.98135154935,5000,NONE,0,0,0,1
3,A447,UNIQUE,2,2363.50922572959,12.1807173140578,-3788.92078205071,7339.08858703125,-61.3227277094075,-3300.85596774968,5000,X,1,1,2,2
3,A448,UNIQUE,2,1468.51011214793,-1375.25243452281,6667.31901783507,3704.70262669962,521.179258242847,2617.25854019564,5000,Z,0,0,0,2
3,A449,UNIQUE,3,1862.23816723654,-5231.82609390548,-5296.8394835372,4965.34937834571,-3900.14640279146,-1609.38371949568,5000,Z>Y,0,0,0,0
3,A450,UNIQUE,2,2514.52562627348,-4260.34208156521,-2304.59192919242,7479.77079360645,-4593.91071736291,-2789.43457736672,5000,X,1,1,2,2
3,A451,UNIQUE,2,2517.46943394691,2406.25814863304,-1448.34301043423,3199.88876507242,-0.740609172570885,-5777.39150131862,5000,Z,0,0,0,2
3,A452,UNIQUE,2,2519.42483136072,-4562.5000572955,701.261118186283,7475.81361822833,-4309.12018384299,92.9776044016452,5000,X,1,1,2,2
3,A453,UNIQUE,1,2528.21606695881,1586.81745681389,2610.70769417941,4792.02545696911,1625.81941817716,-1847.27905913323,5000,NONE,0,0,0,1
3,A454,UNIQUE,2,2539.69140013146,-1371.64340868335,2509.40607726431,6961.22720877849,-908.420118048353,4797.51561919305,5000,X,1,1,2,2
3,A455,UNIQUE,3,2560.67445445603,2313.47317171019,3733.12410882793,6105.95052831149,5839.23793929084,3732.52092145894,5000,X>Y,1,1,2,3
3,A456,UNIQUE,2,2572.73603125943,-3554.92440223894,3045.22702639135,7423.07510843984,-3456.76012690378,1835.03092185926,5000,X,1,1,2,2
3,A457,UNIQUE,2,2265.94857369379,-5812.47828097376,-4180.4968656364,3730.38502585634,-2249.06243827263,-993.414593468929,5000,Y,0,0,0,0
3,A458,UNIQUE,2,1828.82464848206,-2792.90530448755,7155.02447310865,3356.61541786031,-266.301848361813,3119.91228873309,5000,Z,0,0,0,0
3,A459,UNIQUE,2,2660.20225997244,167.983263353894,-2854.89884709205,5453.63520860012,4224.19290758382,-1992.4049725762,5000,X,1,1,2,2
3,A460,UNIQUE,1,2667.11551655743,-4578.02059768206,4020.77382847998,4636.58461882365,-451.557482808567,1997.53543006836,5000,NONE,0,0,0,1
3,A461,UNIQUE,2,2685.69369049022,1007.78727821895,1133.7691620477,7685.65553305776,992.637982139224,1146.10089740262,5000,X,1,1,2,2
3,A462,UNIQUE,2,2697.46785066112,-338.839092535151,1065.68879817128,5959.9753000578,-3964.39042857365,-34.957672036402,5000,X,1,1,2,2
3,A463,UNIQUE,2,2729.34719896387,4049.13681900675,956.225516721766,7412.60283374673,3249.44185661583,-601.851704214716,5000,X,1,1,2,2
3,A464,UNIQUE,2,2739.00510336012,-930.100019087671,-1850.99938562975,6935.00623321063,-3445.24911945059,-817.75230906152,5000,X,1,1,2,2
3,A465,UNIQUE,2,-330.447858179859,2793.11421678495,6088.06468972458,4042.54040666104,4661.45590507464,4543.30808385988,5000,Z,0,0,0,0
3,A466,UNIQUE,2,2758.88857697661,-704.7833732692,-1028.25735121264,7672.75294742295,-763.909003116403,-1950.45099072288,5000,X,1,1,2,2
3,A467,UNIQUE,2,2788.07639586735,-851.58184383468,-2831.56760893294,3742.11239753227,-5615.63793561111,-4012.0695623134,5000,Y,0,0,0,0
3,A468,UNIQUE,1,2791.90602670714,2133.65164203677,1194.55740686684,3693.01715076149,892.951182923789,-3564.50354177233,5000,NONE,0,0,0,0
3,A469,AMBIGUOUS,0,NaN,NaN,NaN,NaN,NaN,NaN,NaN,NOT_RECONSTRUCTED,0,0,0,0
3,A470,AMBIGUOUS,0,NaN,NaN,NaN,NaN,NaN,NaN,NaN,NOT_RECONSTRUCTED,0,0,0,0
3,A471,UNIQUE,3,2927.57745307206,-1630.19458096303,3201.81323756936,7178.9546405909,-1019.01073215133,5761.54883180484,5000,X>Z,1,1,2,3
3,A472,UNIQUE,2,2961.59336833087,2963.39287976499,931.959038464292,5620.24752925451,-1271.17341410156,934.480040778632,5000,X,1,1,2,2
3,A473,UNIQUE,2,2974.91581199981,-3209.11843150307,-2619.21472521137,4585.08530857369,-7935.1140391668,-2888.13796453095,5000,Y,0,0,0,2
3,A474,UNIQUE,3,3008.20482287106,4343.44127097059,-1074.47554257819,5426.85053623706,7836.80610623826,-3710.10735315636,5000,Y>X,1,1,2,3
3,A475,UNIQUE,2,2517.46943394691,2406.25814863305,8551.65698956577,3199.88876507242,-0.740609172570657,4222.60849868138,5000,Z,0,0,0,2
3,A476,UNIQUE,2,3061.17902144353,5291.68784838194,-4016.25851743622,3997.23654816611,1327.56862115095,-1116.33523242271,5000,Y,0,0,0,0
3,A477,UNIQUE,2,3211.34287959151,-2934.55467460003,-1233.640012785,8157.14097762455,-2262.6891085513,-937.535580783764,5000,X,1,1,2,2
3,A478,UNIQUE,2,3254.19399524487,1204.43391370058,-3055.72089647054,7374.40848672919,3326.08016801862,-1178.90185466047,5000,X,1,1,2,2
3,A479,UNIQUE,2,3332.26597756176,-711.651708220177,-977.579563814859,7751.14719131134,1511.80528368368,-1705.40359744172,5000,X,1,1,2,2
3,A480,UNIQUE,2,3349.07042751365,-1449.86954706891,1910.41866420061,7042.90126159397,-4028.25170916487,4080.1097010496,5000,X,1,1,2,2
3,A481,UNIQUE,3,3365.03372627464,-605.81295403721,3011.27643085366,7615.64627470073,-367.294829233285,5633.37522138438,5000,X>Z,1,1,2,3
3,A482,UNIQUE,2,3381.85542786493,-2559.68555181577,-734.934673134409,7645.52745964923,51.3673451435477,-675.743671616228,5000,X,1,1,2,2
3,A483,UNIQUE,2,3389.22068789153,2270.03689230683,645.133714541248,4202.56947419117,779.033090844388,5347.83202677109,5000,Z,0,0,0,2
3,A484,UNIQUE,1,3396.69722447229,2466.46467800159,3432.60710269445,3582.15960574464,-547.671098362899,-552.438596764017,5000,NONE,0,0,0,0
3,A485,UNIQUE,2,3442.30249221077,-4498.08055405593,3039.05232600151,8441.62832332588,-4567.3450902248,2994.96538491325,5000,X,1,1,2,2
3,A486,AMBIGUOUS,0,NaN,NaN,NaN,NaN,NaN,NaN,NaN,NOT_RECONSTRUCTED,0,0,0,0
3,A487,UNIQUE,1,3465.18583464852,2343.86674548717,4333.74941344652,3771.44232067619,1502.87741477568,-585.492795511629,5000,NONE,0,0,0,1
3,A488,AMBIGUOUS,0,NaN,NaN,NaN,NaN,NaN,NaN,NaN,NOT_RECONSTRUCTED,0,0,0,0
3,A489,UNIQUE,2,3509.60898672962,2590.92582646438,-3055.11953957641,7961.3360595183,1713.47815093002,-954.593023176367,5000,X,1,1,2,2
3,A490,UNIQUE,2,3512.87592410012,-3908.89270220084,833.536155343552,8502.99267633444,-3996.37334061973,1135.33399657542,5000,X,1,1,2,2
3,A491,UNIQUE,2,3529.52302702487,-1770.42110056799,-1042.75460219955,8219.30941139707,-1643.08063301095,-2771.82605077521,5000,X,1,1,2,2
3,A492,UNIQUE,2,3577.94567223215,-517.485852962534,3925.85781203698,3655.09398305123,-1261.8430225512,8869.53868181607,5000,Z,0,0,0,2
3,A493,UNIQUE,2,2974.91581199982,6790.88156849692,-2619.21472521138,4585.08530857369,2064.88596083319,-2888.13796453094,5000,Y,0,0,0,2
3,A494,UNIQUE,2,3577.94567223214,-517.485852962534,-6074.14218796302,3655.09398305125,-1261.8430225512,-1130.46131818393,5000,Z,0,0,0,2
3,A495,UNIQUE,2,2788.07639586738,9148.41815616533,-2831.56760893294,3742.11239753227,4384.36206438889,-4012.0695623134,5000,Y,0,0,0,0
3,A496,AMBIGUOUS,0,NaN,NaN,NaN,NaN,NaN,NaN,NaN,NOT_RECONSTRUCTED,0,0,0,0
3,A497,UNIQUE,2,3708.81963961953,73.4954595251484,2118.95903323431,7621.62984041104,3020.94096491726,1117.71913924001,5000,X,1,1,2,2
3,A498,UNIQUE,2,3834.62293655403,-506.295200470953,2125.67594923218,8652.26823599072,-169.264629335,3420.55206799232,5000,X,1,1,2,2
3,A499,UNIQUE,2,3864.28520273758,319.864290043192,-282.432451387936,8808.24882134474,518.842460481698,-1001.89852117701,5000,X,1,1,2,2
3,A500,UNIQUE,2,3871.62491870093,844.90849683124,-4276.14084971973,7311.89043635041,-2232.55516649171,-2354.21718604344,5000,X,1,1,2,2
3,A501,UNIQUE,2,3872.16250000045,4296.49481642619,2348.90129974546,7396.3412955833,1039.72095580789,944.056882182574,5000,X,1,1,2,2
3,A502,UNIQUE,2,3888.74551072484,-31.3664051409514,1617.80884706797,8756.40907779937,1068.96624807132,1309.3944342237,5000,X,1,1,2,2
3,A503,UNIQUE,3,3907.247749323,4051.68894718334,-4381.70758343813,6514.01749298811,8064.45951996522,-2931.73384790775,5000,Y>X,1,1,2,3
3,A504,UNIQUE,2,3941.97856997146,-2592.1566237605,4508.83742012003,8047.78743644732,148.897971568056,3715.77168678108,5000,X,1,1,2,2
3,A505,UNIQUE,2,3965.33559940482,-4944.15626562438,-316.987420275041,7500.33285472774,-4677.41226432861,-3842.98260498987,5000,X,1,1,2,2
3,A506,UNIQUE,2,3966.59987515512,-1723.44607031509,1110.01620415164,8962.37036816622,-1563.1498267326,981.243942181341,5000,X,1,1,2,2
3,A507,UNIQUE,2,3997.33005539518,936.385010562742,3995.20101820592,8859.43746017508,30.939360221889,3260.29982847813,5000,X,1,1,2,2
3,A508,UNIQUE,3,4007.62434656254,3580.26727887345,1467.64157531646,7164.38152144688,5771.10595019483,4666.87743018228,5000,X>Y,1,1,2,3
3,A509,UNIQUE,2,4021.40006053063,-1357.76387813387,2505.56433286008,8613.47944105767,-3296.09996253494,2900.10227380759,5000,X,1,1,2,2
3,A510,UNIQUE,3,4049.46947707715,1819.36027626139,-2766.319343881,6322.30640431312,5834.23794989798,-4693.74497614987,5000,X>Y,1,1,2,3
3,A511,AMBIGUOUS,0,NaN,NaN,NaN,NaN,NaN,NaN,NaN,NOT_RECONSTRUCTED,0,0,0,0
3,A512,UNIQUE,2,4116.00215602141,-2323.41298522058,2932.9824985829,8703.60706294568,-544.587260835784,3821.61080121074,5000,X,1,1,2,2
3,A513,UNIQUE,2,1926.06627797376,-1140.0973783904,-8029.28838662096,4855.53160722755,-1160.59520774185,-3977.39836791464,5000,Z,0,0,0,0
3,A514,UNIQUE,2,4117.8861574476,3795.58849197618,-3708.86649677219,8957.79382138928,3853.29927026518,-4962.64609087469,5000,X,1,1,2,2
3,A515,UNIQUE,2,4193.64451642271,2188.20628558915,846.644790811998,7357.7861070763,3910.39189723333,4313.96143532861,5000,X,1,1,2,2
3,A516,UNIQUE,2,4203.73277612177,-1221.95108410427,-3535.95774239944,9140.40641810757,-464.392719794675,-3300.67349476014,5000,X,1,1,2,2
3,A517,UNIQUE,2,4207.5945219733,2069.91400679435,467.110873810386,8573.41828760042,-365.593857143036,378.317336970382,5000,X,1,1,2,2
3,A518,UNIQUE,3,4219.88009867758,598.353222358301,4781.78126632245,8287.8240394028,2828.37713075327,6646.94224144062,5000,Z>X,1,1,2,3
3,A519,UNIQUE,3,4264.91944510701,2719.66656545626,-2717.73697995722,8295.09981451955,2529.88414160761,-5670.97737342335,5000,X>Z,1,1,2,3
3,A520,UNIQUE,2,4282.87138818864,-1914.2426538574,-120.190611144002,6596.25510143776,-4013.07197165804,-4024.44102447743,5000,X,1,1,2,2
3,A521,UNIQUE,2,4290.87680487786,-1961.10631399335,-4070.08071759942,6948.13092206936,-3726.31167480153,-220.009212959161,5000,X,1,1,2,2
3,A522,UNIQUE,2,4299.79896780538,1349.80283907628,1835.79803419742,7380.70901555297,4561.01415799684,4115.29691397877,5000,X,1,1,2,2
3,A523,UNIQUE,2,4321.64254992263,2847.06674126333,401.469916902103,9314.44665618272,2637.72908546577,233.884409242307,5000,X,1,1,2,2
3,A524,UNIQUE,3,4325.20163426424,-1412.75606927509,-1448.18219569766,5537.00423071558,-6263.27990741842,-1511.05478779547,5000,X>Y,1,1,2,3
3,A525,UNIQUE,2,4357.51711076798,-4345.88343765612,1246.1786196431,9240.95089679447,-3308.2619136661,1520.79841217021,5000,X,1,1,2,2
3,A526,UNIQUE,3,4407.7330623889,4841.08262603594,2760.95781151037,9214.18634356008,5463.1304600886,3990.21097830278,5000,X>Y,1,1,2,3
3,A527,AMBIGUOUS,0,NaN,NaN,NaN,NaN,NaN,NaN,NaN,NOT_RECONSTRUCTED,0,0,0,0
3,A528,UNIQUE,3,4446.18561480136,-1294.29525485802,4558.56428408025,8994.71274920411,82.0158712142118,6113.12807879943,5000,X>Z,1,1,2,3
3,A529,UNIQUE,2,4472.37546899875,-1620.35756654936,-1336.03639488305,6004.26383580022,-2209.34600138376,3386.92990346057,5000,X,1,1,2,2
3,A530,UNIQUE,2,4484.2193071036,-1361.265828981,2855.42176825384,7586.32353140851,-2347.43049850614,-939.894901818636,5000,X,1,1,2,2
3,A531,UNIQUE,2,4506.68923613271,-883.7606239925,39.3922598071495,6060.6372080186,3784.94787024668,-848.530426292623,5000,X,1,1,2,2
3,A532,AMBIGUOUS,0,NaN,NaN,NaN,NaN,NaN,NaN,NaN,NOT_RECONSTRUCTED,0,0,0,0
3,A533,UNIQUE,2,4527.48521921945,-3051.06585963938,-3566.1500096106,6522.09759845528,-539.990915338513,269.997026244985,5000,X,1,1,2,2
3,A534,UNIQUE,2,4546.06572458795,-2333.105646127,1439.41223578663,8863.51423120501,-3251.23992689054,-909.346550295267,5000,X,1,1,2,2
3,A535,UNIQUE,2,4671.56701386959,-4610.19129894059,59.5967397559434,7516.60247213786,-4066.21125355775,-4015.92273037563,5000,X,1,1,2,2
