Group,MediumID,ExcelRow,EndpointStatus,PieceCount,TotalPieceLength,BoundaryEventSequence
1,A1,3,UNRESOLVED,0,NaN,NOT_UNIQUE
1,A2,4,UNRESOLVED,0,NaN,NOT_UNIQUE
1,A3,5,UNRESOLVED,0,NaN,NOT_UNIQUE
1,A4,6,UNIQUE,1,5000.00000000001,NONE
1,A5,7,UNIQUE,1,5000,NONE
1,A6,8,UNRESOLVED,0,NaN,NOT_UNIQUE
1,A7,9,UNRESOLVED,0,NaN,NOT_UNIQUE
1,A8,10,UNRESOLVED,0,NaN,NOT_UNIQUE
1,A9,11,UNRESOLVED,0,NaN,NOT_UNIQUE
1,A10,12,UNRESOLVED,0,NaN,NOT_UNIQUE
1,A11,13,UNRESOLVED,0,NaN,NOT_UNIQUE
1,A12,14,UNRESOLVED,0,NaN,NOT_UNIQUE
2,A1,3,UNRESOLVED,0,NaN,NOT_UNIQUE
2,A2,4,UNRESOLVED,0,NaN,NOT_UNIQUE
2,A3,5,UNRESOLVED,0,NaN,NOT_UNIQUE
2,A4,6,UNRESOLVED,0,NaN,NOT_UNIQUE
2,A5,7,UNRESOLVED,0,NaN,NOT_UNIQUE
2,A6,8,UNRESOLVED,0,NaN,NOT_UNIQUE
2,A7,9,UNRESOLVED,0,NaN,NOT_UNIQUE
2,A8,10,UNRESOLVED,0,NaN,NOT_UNIQUE
2,A9,11,UNRESOLVED,0,NaN,NOT_UNIQUE
2,A10,12,UNRESOLVED,0,NaN,NOT_UNIQUE
2,A11,13,UNRESOLVED,0,NaN,NOT_UNIQUE
2,A12,14,UNIQUE,1,5000,NONE
2,A13,15,UNRESOLVED,0,NaN,NOT_UNIQUE
2,A14,16,UNIQUE,1,5000,NONE
2,A15,17,UNRESOLVED,0,NaN,NOT_UNIQUE
2,A16,18,UNIQUE,1,5000,NONE
2,A17,19,UNRESOLVED,0,NaN,NOT_UNIQUE
2,A18,20,UNIQUE,1,5000,NONE
2,A19,21,UNRESOLVED,0,NaN,NOT_UNIQUE
2,A20,22,UNRESOLVED,0,NaN,NOT_UNIQUE
2,A21,23,UNIQUE,1,5000.00000000001,NONE
2,A22,24,UNRESOLVED,0,NaN,NOT_UNIQUE
2,A23,25,UNRESOLVED,0,NaN,NOT_UNIQUE
2,A24,26,UNIQUE,1,5000,NONE
2,A25,27,UNIQUE,1,5000,NONE
2,A26,28,UNIQUE,1,5000,NONE
2,A27,29,UNRESOLVED,0,NaN,NOT_UNIQUE
2,A28,30,UNRESOLVED,0,NaN,NOT_UNIQUE
2,A29,31,UNIQUE,1,4999.99999999999,NONE
2,A30,32,UNRESOLVED,0,NaN,NOT_UNIQUE
2,A31,33,UNIQUE,1,5000,NONE
2,A32,34,UNRESOLVED,0,NaN,NOT_UNIQUE
2,A33,35,UNIQUE,1,5000,NONE
2,A34,36,UNRESOLVED,0,NaN,NOT_UNIQUE
2,A35,37,UNRESOLVED,0,NaN,NOT_UNIQUE
2,A36,38,UNRESOLVED,0,NaN,NOT_UNIQUE
2,A37,39,UNRESOLVED,0,NaN,NOT_UNIQUE
2,A38,40,UNRESOLVED,0,NaN,NOT_UNIQUE
2,A39,41,UNRESOLVED,0,NaN,NOT_UNIQUE
2,A40,42,UNRESOLVED,0,NaN,NOT_UNIQUE
2,A41,43,UNRESOLVED,0,NaN,NOT_UNIQUE
2,A42,44,UNRESOLVED,0,NaN,NOT_UNIQUE
2,A43,45,UNRESOLVED,0,NaN,NOT_UNIQUE
2,A44,46,UNRESOLVED,0,NaN,NOT_UNIQUE
2,A45,47,UNRESOLVED,0,NaN,NOT_UNIQUE
2,A46,48,UNRESOLVED,0,NaN,NOT_UNIQUE
2,A47,49,UNRESOLVED,0,NaN,NOT_UNIQUE
2,A48,50,UNRESOLVED,0,NaN,NOT_UNIQUE
2,A49,51,UNRESOLVED,0,NaN,NOT_UNIQUE
3,A1,3,UNRESOLVED,0,NaN,NOT_UNIQUE
3,A2,4,UNRESOLVED,0,NaN,NOT_UNIQUE
3,A3,5,UNRESOLVED,0,NaN,NOT_UNIQUE
3,A4,6,UNRESOLVED,0,NaN,NOT_UNIQUE
3,A5,7,UNRESOLVED,0,NaN,NOT_UNIQUE
3,A6,8,UNRESOLVED,0,NaN,NOT_UNIQUE
3,A7,9,UNRESOLVED,0,NaN,NOT_UNIQUE
3,A8,10,UNRESOLVED,0,NaN,NOT_UNIQUE
3,A9,11,UNRESOLVED,0,NaN,NOT_UNIQUE
3,A10,12,UNRESOLVED,0,NaN,NOT_UNIQUE
3,A11,13,UNRESOLVED,0,NaN,NOT_UNIQUE
3,A12,14,UNRESOLVED,0,NaN,NOT_UNIQUE
3,A13,15,UNRESOLVED,0,NaN,NOT_UNIQUE
3,A14,16,UNRESOLVED,0,NaN,NOT_UNIQUE
3,A15,17,UNRESOLVED,0,NaN,NOT_UNIQUE
3,A16,18,UNRESOLVED,0,NaN,NOT_UNIQUE
3,A17,19,UNRESOLVED,0,NaN,NOT_UNIQUE
3,A18,20,UNRESOLVED,0,NaN,NOT_UNIQUE
3,A19,21,UNRESOLVED,0,NaN,NOT_UNIQUE
3,A20,22,UNRESOLVED,0,NaN,NOT_UNIQUE
3,A21,23,UNRESOLVED,0,NaN,NOT_UNIQUE
3,A22,24,UNRESOLVED,0,NaN,NOT_UNIQUE
3,A23,25,UNRESOLVED,0,NaN,NOT_UNIQUE
3,A24,26,UNRESOLVED,0,NaN,NOT_UNIQUE
3,A25,27,UNRESOLVED,0,NaN,NOT_UNIQUE
3,A26,28,UNRESOLVED,0,NaN,NOT_UNIQUE
3,A27,29,UNRESOLVED,0,NaN,NOT_UNIQUE
3,A28,30,UNRESOLVED,0,NaN,NOT_UNIQUE
3,A29,31,UNRESOLVED,0,NaN,NOT_UNIQUE
3,A30,32,UNRESOLVED,0,NaN,NOT_UNIQUE
3,A31,33,UNRESOLVED,0,NaN,NOT_UNIQUE
3,A32,34,UNRESOLVED,0,NaN,NOT_UNIQUE
3,A33,35,UNRESOLVED,0,NaN,NOT_UNIQUE
3,A34,36,UNRESOLVED,0,NaN,NOT_UNIQUE
3,A35,37,UNRESOLVED,0,NaN,NOT_UNIQUE
3,A36,38,UNRESOLVED,0,NaN,NOT_UNIQUE
3,A37,39,UNRESOLVED,0,NaN,NOT_UNIQUE
3,A38,40,UNRESOLVED,0,NaN,NOT_UNIQUE
3,A39,41,UNRESOLVED,0,NaN,NOT_UNIQUE
3,A40,42,UNRESOLVED,0,NaN,NOT_UNIQUE
3,A41,43,UNRESOLVED,0,NaN,NOT_UNIQUE
3,A42,44,UNRESOLVED,0,NaN,NOT_UNIQUE
3,A43,45,UNRESOLVED,0,NaN,NOT_UNIQUE
3,A44,46,UNRESOLVED,0,NaN,NOT_UNIQUE
3,A45,47,UNRESOLVED,0,NaN,NOT_UNIQUE
3,A46,48,UNRESOLVED,0,NaN,NOT_UNIQUE
3,A47,49,UNRESOLVED,0,NaN,NOT_UNIQUE
3,A48,50,UNRESOLVED,0,NaN,NOT_UNIQUE
3,A49,51,UNRESOLVED,0,NaN,NOT_UNIQUE
3,A50,52,UNRESOLVED,0,NaN,NOT_UNIQUE
3,A51,53,UNRESOLVED,0,NaN,NOT_UNIQUE
3,A52,54,UNRESOLVED,0,NaN,NOT_UNIQUE
3,A53,55,UNRESOLVED,0,NaN,NOT_UNIQUE
3,A54,56,UNRESOLVED,0,NaN,NOT_UNIQUE
3,A55,57,UNRESOLVED,0,NaN,NOT_UNIQUE
3,A56,58,UNRESOLVED,0,NaN,NOT_UNIQUE
3,A57,59,UNRESOLVED,0,NaN,NOT_UNIQUE
3,A58,60,UNRESOLVED,0,NaN,NOT_UNIQUE
3,A59,61,UNRESOLVED,0,NaN,NOT_UNIQUE
3,A60,62,UNRESOLVED,0,NaN,NOT_UNIQUE
3,A61,63,UNRESOLVED,0,NaN,NOT_UNIQUE
3,A62,64,UNRESOLVED,0,NaN,NOT_UNIQUE
3,A63,65,UNRESOLVED,0,NaN,NOT_UNIQUE
3,A64,66,UNRESOLVED,0,NaN,NOT_UNIQUE
3,A65,67,UNRESOLVED,0,NaN,NOT_UNIQUE
3,A66,68,UNRESOLVED,0,NaN,NOT_UNIQUE
3,A67,69,UNRESOLVED,0,NaN,NOT_UNIQUE
3,A68,70,UNRESOLVED,0,NaN,NOT_UNIQUE
3,A69,71,UNRESOLVED,0,NaN,NOT_UNIQUE
3,A70,72,UNRESOLVED,0,NaN,NOT_UNIQUE
3,A71,73,UNRESOLVED,0,NaN,NOT_UNIQUE
3,A72,74,UNRESOLVED,0,NaN,NOT_UNIQUE
3,A73,75,UNRESOLVED,0,NaN,NOT_UNIQUE
3,A74,76,UNRESOLVED,0,NaN,NOT_UNIQUE
3,A75,77,UNRESOLVED,0,NaN,NOT_UNIQUE
3,A76,78,UNRESOLVED,0,NaN,NOT_UNIQUE
3,A77,79,UNRESOLVED,0,NaN,NOT_UNIQUE
3,A78,80,UNRESOLVED,0,NaN,NOT_UNIQUE
3,A79,81,UNRESOLVED,0,NaN,NOT_UNIQUE
3,A80,82,UNRESOLVED,0,NaN,NOT_UNIQUE
3,A81,83,UNRESOLVED,0,NaN,NOT_UNIQUE
3,A82,84,UNRESOLVED,0,NaN,NOT_UNIQUE
3,A83,85,UNRESOLVED,0,NaN,NOT_UNIQUE
3,A84,86,UNRESOLVED,0,NaN,NOT_UNIQUE
3,A85,87,UNRESOLVED,0,NaN,NOT_UNIQUE
3,A86,88,UNRESOLVED,0,NaN,NOT_UNIQUE
3,A87,89,UNRESOLVED,0,NaN,NOT_UNIQUE
3,A88,90,UNRESOLVED,0,NaN,NOT_UNIQUE
3,A89,91,UNRESOLVED,0,NaN,NOT_UNIQUE
3,A90,92,UNRESOLVED,0,NaN,NOT_UNIQUE
3,A91,93,UNRESOLVED,0,NaN,NOT_UNIQUE
3,A92,94,UNRESOLVED,0,NaN,NOT_UNIQUE
3,A93,95,UNIQUE,1,5000,NONE
3,A94,96,UNIQUE,1,5000,NONE
3,A95,97,UNIQUE,1,5000,NONE
3,A96,98,UNRESOLVED,0,NaN,NOT_UNIQUE
3,A97,99,UNIQUE,1,5000,NONE
3,A98,100,UNIQUE,1,5000,NONE
3,A99,101,UNRESOLVED,0,NaN,NOT_UNIQUE
3,A100,102,UNIQUE,1,4999.99999999999,NONE
3,A101,103,UNIQUE,1,5000,NONE
3,A102,104,UNRESOLVED,0,NaN,NOT_UNIQUE
3,A103,105,UNIQUE,1,5000,NONE
3,A104,106,UNRESOLVED,0,NaN,NOT_UNIQUE
3,A105,107,UNRESOLVED,0,NaN,NOT_UNIQUE
3,A106,108,UNIQUE,1,5000,NONE
3,A107,109,UNIQUE,1,5000,NONE
3,A108,110,UNIQUE,1,5000,NONE
3,A109,111,UNRESOLVED,0,NaN,NOT_UNIQUE
3,A110,112,UNRESOLVED,0,NaN,NOT_UNIQUE
3,A111,113,UNIQUE,1,5000,NONE
3,A112,114,UNRESOLVED,0,NaN,NOT_UNIQUE
3,A113,115,UNIQUE,1,5000,NONE
3,A114,116,UNIQUE,1,5000.00000000001,NONE
3,A115,117,UNIQUE,1,5000,NONE
3,A116,118,UNIQUE,1,5000,NONE
3,A117,119,UNIQUE,1,5000,NONE
3,A118,120,UNRESOLVED,0,NaN,NOT_UNIQUE
3,A119,121,UNIQUE,1,5000,NONE
3,A120,122,UNIQUE,1,5000,NONE
3,A121,123,UNRESOLVED,0,NaN,NOT_UNIQUE
3,A122,124,UNIQUE,1,5000,NONE
3,A123,125,UNRESOLVED,0,NaN,NOT_UNIQUE
3,A124,126,UNRESOLVED,0,NaN,NOT_UNIQUE
3,A125,127,UNIQUE,1,5000,NONE
3,A126,128,UNIQUE,1,5000,NONE
3,A127,129,UNRESOLVED,0,NaN,NOT_UNIQUE
3,A128,130,UNIQUE,1,5000,NONE
3,A129,131,UNRESOLVED,0,NaN,NOT_UNIQUE
3,A130,132,UNRESOLVED,0,NaN,NOT_UNIQUE
3,A131,133,UNIQUE,1,5000,NONE
3,A132,134,UNRESOLVED,0,NaN,NOT_UNIQUE
3,A133,135,UNRESOLVED,0,NaN,NOT_UNIQUE
3,A134,136,UNRESOLVED,0,NaN,NOT_UNIQUE
3,A135,137,UNRESOLVED,0,NaN,NOT_UNIQUE
3,A136,138,UNIQUE,1,5000,NONE
3,A137,139,UNIQUE,1,5000,NONE
3,A138,140,UNRESOLVED,0,NaN,NOT_UNIQUE
3,A139,141,UNRESOLVED,0,NaN,NOT_UNIQUE
3,A140,142,UNRESOLVED,0,NaN,NOT_UNIQUE
3,A141,143,UNIQUE,1,5000,NONE
3,A142,144,UNRESOLVED,0,NaN,NOT_UNIQUE
3,A143,145,UNRESOLVED,0,NaN,NOT_UNIQUE
3,A144,146,UNIQUE,1,5000,NONE
3,A145,147,UNRESOLVED,0,NaN,NOT_UNIQUE
3,A146,148,UNRESOLVED,0,NaN,NOT_UNIQUE
3,A147,149,UNRESOLVED,0,NaN,NOT_UNIQUE
3,A148,150,UNRESOLVED,0,NaN,NOT_UNIQUE
3,A149,151,UNIQUE,1,5000,NONE
3,A150,152,UNRESOLVED,0,NaN,NOT_UNIQUE
3,A151,153,UNIQUE,1,5000,NONE
3,A152,154,UNRESOLVED,0,NaN,NOT_UNIQUE
3,A153,155,UNRESOLVED,0,NaN,NOT_UNIQUE
3,A154,156,UNIQUE,1,5000,NONE
3,A155,157,UNIQUE,1,5000,NONE
3,A156,158,UNRESOLVED,0,NaN,NOT_UNIQUE
3,A157,159,UNIQUE,1,5000,NONE
3,A158,160,UNRESOLVED,0,NaN,NOT_UNIQUE
3,A159,161,UNRESOLVED,0,NaN,NOT_UNIQUE
3,A160,162,UNIQUE,1,5000,NONE
3,A161,163,UNRESOLVED,0,NaN,NOT_UNIQUE
3,A162,164,UNRESOLVED,0,NaN,NOT_UNIQUE
3,A163,165,UNRESOLVED,0,NaN,NOT_UNIQUE
3,A164,166,UNIQUE,1,5000,NONE
3,A165,167,UNRESOLVED,0,NaN,NOT_UNIQUE
3,A166,168,UNRESOLVED,0,NaN,NOT_UNIQUE
3,A167,169,UNRESOLVED,0,NaN,NOT_UNIQUE
3,A168,170,UNRESOLVED,0,NaN,NOT_UNIQUE
3,A169,171,UNRESOLVED,0,NaN,NOT_UNIQUE
3,A170,172,UNIQUE,1,4999.99999999999,NONE
3,A171,173,UNIQUE,1,4999.99999999999,NONE
3,A172,174,UNIQUE,1,5000,NONE
3,A173,175,UNRESOLVED,0,NaN,NOT_UNIQUE
3,A174,176,UNRESOLVED,0,NaN,NOT_UNIQUE
3,A175,177,UNIQUE,1,5000,NONE
3,A176,178,UNIQUE,1,5000,NONE
3,A177,179,UNRESOLVED,0,NaN,NOT_UNIQUE
3,A178,180,UNRESOLVED,0,NaN,NOT_UNIQUE
3,A179,181,UNRESOLVED,0,NaN,NOT_UNIQUE
3,A180,182,UNIQUE,1,5000,NONE
3,A181,183,UNIQUE,1,5000,NONE
3,A182,184,UNRESOLVED,0,NaN,NOT_UNIQUE
3,A183,185,UNIQUE,1,5000,NONE
3,A184,186,UNIQUE,1,4999.99999999999,NONE
3,A185,187,UNRESOLVED,0,NaN,NOT_UNIQUE
3,A186,188,UNIQUE,1,5000,NONE
3,A187,189,UNRESOLVED,0,NaN,NOT_UNIQUE
3,A188,190,UNRESOLVED,0,NaN,NOT_UNIQUE
3,A189,191,UNRESOLVED,0,NaN,NOT_UNIQUE
3,A190,192,UNIQUE,1,5000,NONE
3,A191,193,UNIQUE,1,5000,NONE
3,A192,194,UNRESOLVED,0,NaN,NOT_UNIQUE
3,A193,195,UNIQUE,1,5000,NONE
3,A194,196,UNIQUE,1,5000,NONE
3,A195,197,UNRESOLVED,0,NaN,NOT_UNIQUE
3,A196,198,UNRESOLVED,0,NaN,NOT_UNIQUE
3,A197,199,UNRESOLVED,0,NaN,NOT_UNIQUE
3,A198,200,UNRESOLVED,0,NaN,NOT_UNIQUE
3,A199,201,UNRESOLVED,0,NaN,NOT_UNIQUE
3,A200,202,UNRESOLVED,0,NaN,NOT_UNIQUE
3,A201,203,UNRESOLVED,0,NaN,NOT_UNIQUE
3,A202,204,UNIQUE,1,5000,NONE
3,A203,205,UNIQUE,1,5000,NONE
3,A204,206,UNRESOLVED,0,NaN,NOT_UNIQUE
3,A205,207,UNIQUE,1,5000,NONE
3,A206,208,UNIQUE,1,5000.00000000001,NONE
3,A207,209,UNRESOLVED,0,NaN,NOT_UNIQUE
3,A208,210,UNRESOLVED,0,NaN,NOT_UNIQUE
3,A209,211,UNRESOLVED,0,NaN,NOT_UNIQUE
3,A210,212,UNRESOLVED,0,NaN,NOT_UNIQUE
3,A211,213,UNIQUE,1,5000,NONE
3,A212,214,UNRESOLVED,0,NaN,NOT_UNIQUE
3,A213,215,UNRESOLVED,0,NaN,NOT_UNIQUE
3,A214,216,UNIQUE,1,5000,NONE
3,A215,217,UNRESOLVED,0,NaN,NOT_UNIQUE
3,A216,218,UNIQUE,1,5000,NONE
3,A217,219,UNRESOLVED,0,NaN,NOT_UNIQUE
3,A218,220,UNRESOLVED,0,NaN,NOT_UNIQUE
3,A219,221,UNRESOLVED,0,NaN,NOT_UNIQUE
3,A220,222,UNIQUE,1,5000,NONE
3,A221,223,UNIQUE,1,5000,NONE
3,A222,224,UNIQUE,1,5000,NONE
3,A223,225,UNIQUE,1,5000.00000000001,NONE
3,A224,226,UNRESOLVED,0,NaN,NOT_UNIQUE
3,A225,227,UNIQUE,1,5000.00000000001,NONE
3,A226,228,UNRESOLVED,0,NaN,NOT_UNIQUE
3,A227,229,UNRESOLVED,0,NaN,NOT_UNIQUE
3,A228,230,UNIQUE,1,5000,NONE
3,A229,231,UNIQUE,1,4999.99999999999,NONE
3,A230,232,UNRESOLVED,0,NaN,NOT_UNIQUE
3,A231,233,UNRESOLVED,0,NaN,NOT_UNIQUE
3,A232,234,UNRESOLVED,0,NaN,NOT_UNIQUE
3,A233,235,UNIQUE,1,5000.00000000001,NONE
3,A234,236,UNRESOLVED,0,NaN,NOT_UNIQUE
3,A235,237,UNRESOLVED,0,NaN,NOT_UNIQUE
3,A236,238,UNRESOLVED,0,NaN,NOT_UNIQUE
3,A237,239,UNRESOLVED,0,NaN,NOT_UNIQUE
3,A238,240,UNIQUE,1,5000,NONE
3,A239,241,UNRESOLVED,0,NaN,NOT_UNIQUE
3,A240,242,UNIQUE,1,5000.00000000001,NONE
3,A241,243,UNRESOLVED,0,NaN,NOT_UNIQUE
3,A242,244,UNIQUE,1,5000,NONE
3,A243,245,UNRESOLVED,0,NaN,NOT_UNIQUE
3,A244,246,UNRESOLVED,0,NaN,NOT_UNIQUE
3,A245,247,UNIQUE,1,5000,NONE
3,A246,248,UNRESOLVED,0,NaN,NOT_UNIQUE
3,A247,249,UNIQUE,1,5000,NONE
3,A248,250,UNIQUE,1,5000,NONE
3,A249,251,UNRESOLVED,0,NaN,NOT_UNIQUE
3,A250,252,UNIQUE,1,5000.00000000001,NONE
3,A251,253,UNRESOLVED,0,NaN,NOT_UNIQUE
3,A252,254,UNRESOLVED,0,NaN,NOT_UNIQUE
3,A253,255,UNIQUE,1,5000,NONE
3,A254,256,UNRESOLVED,0,NaN,NOT_UNIQUE
3,A255,257,UNIQUE,1,5000,NONE
3,A256,258,UNRESOLVED,0,NaN,NOT_UNIQUE
3,A257,259,UNIQUE,1,5000,NONE
3,A258,260,UNRESOLVED,0,NaN,NOT_UNIQUE
3,A259,261,UNIQUE,1,5000,NONE
3,A260,262,UNIQUE,1,5000,NONE
3,A261,263,UNIQUE,1,5000,NONE
3,A262,264,UNIQUE,1,5000,NONE
3,A263,265,UNRESOLVED,0,NaN,NOT_UNIQUE
3,A264,266,UNIQUE,1,5000,NONE
3,A265,267,UNIQUE,1,5000,NONE
3,A266,268,UNIQUE,1,4999.99999999999,NONE
3,A267,269,UNRESOLVED,0,NaN,NOT_UNIQUE
3,A268,270,UNRESOLVED,0,NaN,NOT_UNIQUE
3,A269,271,UNRESOLVED,0,NaN,NOT_UNIQUE
3,A270,272,UNIQUE,1,5000,NONE
3,A271,273,UNRESOLVED,0,NaN,NOT_UNIQUE
3,A272,274,UNRESOLVED,0,NaN,NOT_UNIQUE
3,A273,275,UNRESOLVED,0,NaN,NOT_UNIQUE
3,A274,276,UNIQUE,1,5000,NONE
3,A275,277,UNIQUE,1,5000.00000000001,NONE
3,A276,278,UNIQUE,1,5000,NONE
3,A277,279,UNRESOLVED,0,NaN,NOT_UNIQUE
3,A278,280,UNIQUE,1,5000,NONE
3,A279,281,UNRESOLVED,0,NaN,NOT_UNIQUE
3,A280,282,UNIQUE,1,5000,NONE
3,A281,283,UNRESOLVED,0,NaN,NOT_UNIQUE
3,A282,284,UNIQUE,1,5000,NONE
3,A283,285,UNRESOLVED,0,NaN,NOT_UNIQUE
3,A284,286,UNIQUE,1,4999.99999999999,NONE
3,A285,287,UNIQUE,1,5000,NONE
3,A286,288,UNIQUE,1,5000,NONE
3,A287,289,UNIQUE,1,5000,NONE
3,A288,290,UNIQUE,1,5000,NONE
3,A289,291,UNIQUE,1,4999.99999999999,NONE
3,A290,292,UNRESOLVED,0,NaN,NOT_UNIQUE
3,A291,293,UNIQUE,1,5000,NONE
3,A292,294,UNRESOLVED,0,NaN,NOT_UNIQUE
3,A293,295,UNIQUE,1,5000,NONE
3,A294,296,UNIQUE,1,5000,NONE
3,A295,297,UNRESOLVED,0,NaN,NOT_UNIQUE
3,A296,298,UNIQUE,1,5000,NONE
3,A297,299,UNRESOLVED,0,NaN,NOT_UNIQUE
3,A298,300,UNIQUE,1,5000,NONE
3,A299,301,UNIQUE,1,5000,NONE
3,A300,302,UNRESOLVED,0,NaN,NOT_UNIQUE
3,A301,303,UNRESOLVED,0,NaN,NOT_UNIQUE
3,A302,304,UNRESOLVED,0,NaN,NOT_UNIQUE
3,A303,305,UNIQUE,1,5000,NONE
3,A304,306,UNRESOLVED,0,NaN,NOT_UNIQUE
3,A305,307,UNIQUE,1,5000,NONE
3,A306,308,UNIQUE,1,5000,NONE
3,A307,309,UNRESOLVED,0,NaN,NOT_UNIQUE
3,A308,310,UNRESOLVED,0,NaN,NOT_UNIQUE
3,A309,311,UNIQUE,1,5000,NONE
3,A310,312,UNRESOLVED,0,NaN,NOT_UNIQUE
3,A311,313,UNRESOLVED,0,NaN,NOT_UNIQUE
3,A312,314,UNIQUE,1,5000,NONE
3,A313,315,UNIQUE,1,5000,NONE
3,A314,316,UNRESOLVED,0,NaN,NOT_UNIQUE
3,A315,317,UNRESOLVED,0,NaN,NOT_UNIQUE
3,A316,318,UNIQUE,1,5000,NONE
3,A317,319,UNRESOLVED,0,NaN,NOT_UNIQUE
3,A318,320,UNIQUE,1,5000,NONE
3,A319,321,UNIQUE,1,5000,NONE
3,A320,322,UNIQUE,1,5000,NONE
3,A321,323,UNRESOLVED,0,NaN,NOT_UNIQUE
3,A322,324,UNIQUE,1,5000,NONE
3,A323,325,UNIQUE,1,5000,NONE
3,A324,326,UNIQUE,1,5000.00000000001,NONE
3,A325,327,UNRESOLVED,0,NaN,NOT_UNIQUE
3,A326,328,UNIQUE,1,5000,NONE
3,A327,329,UNIQUE,1,5000,NONE
3,A328,330,UNIQUE,1,5000,NONE
3,A329,331,UNIQUE,1,5000,NONE
3,A330,332,UNRESOLVED,0,NaN,NOT_UNIQUE
3,A331,333,UNIQUE,1,5000,NONE
3,A332,334,UNRESOLVED,0,NaN,NOT_UNIQUE
3,A333,335,UNIQUE,1,5000,NONE
3,A334,336,UNRESOLVED,0,NaN,NOT_UNIQUE
3,A335,337,UNRESOLVED,0,NaN,NOT_UNIQUE
3,A336,338,UNIQUE,1,5000,NONE
3,A337,339,UNIQUE,1,5000,NONE
3,A338,340,UNIQUE,1,5000,NONE
3,A339,341,UNIQUE,1,5000,NONE
3,A340,342,UNIQUE,1,5000,NONE
3,A341,343,UNIQUE,1,4999.99999999999,NONE
3,A342,344,UNRESOLVED,0,NaN,NOT_UNIQUE
3,A343,345,UNIQUE,1,5000,NONE
3,A344,346,UNIQUE,1,5000,NONE
3,A345,347,UNRESOLVED,0,NaN,NOT_UNIQUE
3,A346,348,UNRESOLVED,0,NaN,NOT_UNIQUE
3,A347,349,UNIQUE,1,5000,NONE
3,A348,350,UNIQUE,1,5000,NONE
3,A349,351,UNRESOLVED,0,NaN,NOT_UNIQUE
3,A350,352,UNRESOLVED,0,NaN,NOT_UNIQUE
3,A351,353,UNRESOLVED,0,NaN,NOT_UNIQUE
3,A352,354,UNRESOLVED,0,NaN,NOT_UNIQUE
3,A353,355,UNIQUE,1,5000,NONE
3,A354,356,UNRESOLVED,0,NaN,NOT_UNIQUE
3,A355,357,UNRESOLVED,0,NaN,NOT_UNIQUE
3,A356,358,UNRESOLVED,0,NaN,NOT_UNIQUE
3,A357,359,UNIQUE,1,5000,NONE
3,A358,360,UNIQUE,1,5000,NONE
3,A359,361,UNRESOLVED,0,NaN,NOT_UNIQUE
3,A360,362,UNRESOLVED,0,NaN,NOT_UNIQUE
3,A361,363,UNRESOLVED,0,NaN,NOT_UNIQUE
3,A362,364,UNRESOLVED,0,NaN,NOT_UNIQUE
3,A363,365,UNRESOLVED,0,NaN,NOT_UNIQUE
3,A364,366,UNIQUE,1,5000,NONE
3,A365,367,UNRESOLVED,0,NaN,NOT_UNIQUE
3,A366,368,UNRESOLVED,0,NaN,NOT_UNIQUE
3,A367,369,UNRESOLVED,0,NaN,NOT_UNIQUE
3,A368,370,UNRESOLVED,0,NaN,NOT_UNIQUE
3,A369,371,UNRESOLVED,0,NaN,NOT_UNIQUE
3,A370,372,UNIQUE,1,5000,NONE
3,A371,373,UNRESOLVED,0,NaN,NOT_UNIQUE
3,A372,374,UNIQUE,1,5000,NONE
3,A373,375,UNIQUE,1,5000,NONE
3,A374,376,UNRESOLVED,0,NaN,NOT_UNIQUE
3,A375,377,UNRESOLVED,0,NaN,NOT_UNIQUE
3,A376,378,UNRESOLVED,0,NaN,NOT_UNIQUE
3,A377,379,UNIQUE,1,5000,NONE
3,A378,380,UNRESOLVED,0,NaN,NOT_UNIQUE
3,A379,381,UNIQUE,1,5000,NONE
3,A380,382,UNIQUE,1,5000.00000000001,NONE
3,A381,383,UNRESOLVED,0,NaN,NOT_UNIQUE
3,A382,384,UNRESOLVED,0,NaN,NOT_UNIQUE
3,A383,385,UNRESOLVED,0,NaN,NOT_UNIQUE
3,A384,386,UNIQUE,1,5000,NONE
3,A385,387,UNIQUE,1,5000,NONE
3,A386,388,UNRESOLVED,0,NaN,NOT_UNIQUE
3,A387,389,UNIQUE,1,5000,NONE
3,A388,390,UNRESOLVED,0,NaN,NOT_UNIQUE
3,A389,391,UNRESOLVED,0,NaN,NOT_UNIQUE
3,A390,392,UNRESOLVED,0,NaN,NOT_UNIQUE
3,A391,393,UNRESOLVED,0,NaN,NOT_UNIQUE
3,A392,394,UNRESOLVED,0,NaN,NOT_UNIQUE
3,A393,395,UNRESOLVED,0,NaN,NOT_UNIQUE
3,A394,396,UNIQUE,1,5000,NONE
3,A395,397,UNRESOLVED,0,NaN,NOT_UNIQUE
3,A396,398,UNRESOLVED,0,NaN,NOT_UNIQUE
3,A397,399,UNIQUE,1,5000,NONE
3,A398,400,UNRESOLVED,0,NaN,NOT_UNIQUE
3,A399,401,UNRESOLVED,0,NaN,NOT_UNIQUE
3,A400,402,UNRESOLVED,0,NaN,NOT_UNIQUE
3,A401,403,UNRESOLVED,0,NaN,NOT_UNIQUE
3,A402,404,UNRESOLVED,0,NaN,NOT_UNIQUE
3,A403,405,UNRESOLVED,0,NaN,NOT_UNIQUE
3,A404,406,UNIQUE,1,5000,NONE
3,A405,407,UNIQUE,1,4999.99999999999,NONE
3,A406,408,UNRESOLVED,0,NaN,NOT_UNIQUE
3,A407,409,UNRESOLVED,0,NaN,NOT_UNIQUE
3,A408,410,UNRESOLVED,0,NaN,NOT_UNIQUE
3,A409,411,UNIQUE,1,5000,NONE
3,A410,412,UNRESOLVED,0,NaN,NOT_UNIQUE
3,A411,413,UNRESOLVED,0,NaN,NOT_UNIQUE
3,A412,414,UNRESOLVED,0,NaN,NOT_UNIQUE
3,A413,415,UNRESOLVED,0,NaN,NOT_UNIQUE
3,A414,416,UNRESOLVED,0,NaN,NOT_UNIQUE
3,A415,417,UNRESOLVED,0,NaN,NOT_UNIQUE
3,A416,418,UNRESOLVED,0,NaN,NOT_UNIQUE
3,A417,419,UNRESOLVED,0,NaN,NOT_UNIQUE
3,A418,420,UNRESOLVED,0,NaN,NOT_UNIQUE
3,A419,421,UNRESOLVED,0,NaN,NOT_UNIQUE
3,A420,422,UNRESOLVED,0,NaN,NOT_UNIQUE
3,A421,423,UNRESOLVED,0,NaN,NOT_UNIQUE
3,A422,424,UNRESOLVED,0,NaN,NOT_UNIQUE
3,A423,425,UNRESOLVED,0,NaN,NOT_UNIQUE
3,A424,426,UNRESOLVED,0,NaN,NOT_UNIQUE
3,A425,427,UNRESOLVED,0,NaN,NOT_UNIQUE
3,A426,428,UNRESOLVED,0,NaN,NOT_UNIQUE
3,A427,429,UNRESOLVED,0,NaN,NOT_UNIQUE
3,A428,430,UNRESOLVED,0,NaN,NOT_UNIQUE
3,A429,431,UNRESOLVED,0,NaN,NOT_UNIQUE
3,A430,432,UNIQUE,1,5000,NONE
3,A431,433,UNRESOLVED,0,NaN,NOT_UNIQUE
3,A432,434,UNRESOLVED,0,NaN,NOT_UNIQUE
3,A433,435,UNRESOLVED,0,NaN,NOT_UNIQUE
3,A434,436,UNRESOLVED,0,NaN,NOT_UNIQUE
3,A435,437,UNRESOLVED,0,NaN,NOT_UNIQUE
3,A436,438,UNRESOLVED,0,NaN,NOT_UNIQUE
3,A437,439,UNIQUE,1,5000,NONE
3,A438,440,UNRESOLVED,0,NaN,NOT_UNIQUE
3,A439,441,UNRESOLVED,0,NaN,NOT_UNIQUE
3,A440,442,UNRESOLVED,0,NaN,NOT_UNIQUE
3,A441,443,UNRESOLVED,0,NaN,NOT_UNIQUE
3,A442,444,UNRESOLVED,0,NaN,NOT_UNIQUE
3,A443,445,UNRESOLVED,0,NaN,NOT_UNIQUE
3,A444,446,UNRESOLVED,0,NaN,NOT_UNIQUE
3,A445,447,UNRESOLVED,0,NaN,NOT_UNIQUE
3,A446,448,UNIQUE,1,5000,NONE
3,A447,449,UNRESOLVED,0,NaN,NOT_UNIQUE
3,A448,450,UNRESOLVED,0,NaN,NOT_UNIQUE
3,A449,451,UNRESOLVED,0,NaN,NOT_UNIQUE
3,A450,452,UNRESOLVED,0,NaN,NOT_UNIQUE
3,A451,453,UNRESOLVED,0,NaN,NOT_UNIQUE
3,A452,454,UNRESOLVED,0,NaN,NOT_UNIQUE
3,A453,455,UNIQUE,1,5000,NONE
3,A454,456,UNRESOLVED,0,NaN,NOT_UNIQUE
3,A455,457,UNRESOLVED,0,NaN,NOT_UNIQUE
3,A456,458,UNRESOLVED,0,NaN,NOT_UNIQUE
3,A457,459,UNRESOLVED,0,NaN,NOT_UNIQUE
3,A458,460,UNRESOLVED,0,NaN,NOT_UNIQUE
3,A459,461,UNRESOLVED,0,NaN,NOT_UNIQUE
3,A460,462,UNIQUE,1,5000,NONE
3,A461,463,UNRESOLVED,0,NaN,NOT_UNIQUE
3,A462,464,UNRESOLVED,0,NaN,NOT_UNIQUE
3,A463,465,UNRESOLVED,0,NaN,NOT_UNIQUE
3,A464,466,UNRESOLVED,0,NaN,NOT_UNIQUE
3,A465,467,UNRESOLVED,0,NaN,NOT_UNIQUE
3,A466,468,UNRESOLVED,0,NaN,NOT_UNIQUE
3,A467,469,UNRESOLVED,0,NaN,NOT_UNIQUE
3,A468,470,UNIQUE,1,5000,NONE
3,A469,471,UNRESOLVED,0,NaN,NOT_UNIQUE
3,A470,472,UNRESOLVED,0,NaN,NOT_UNIQUE
3,A471,473,UNRESOLVED,0,NaN,NOT_UNIQUE
3,A472,474,UNRESOLVED,0,NaN,NOT_UNIQUE
3,A473,475,UNRESOLVED,0,NaN,NOT_UNIQUE
3,A474,476,UNRESOLVED,0,NaN,NOT_UNIQUE
3,A475,477,UNRESOLVED,0,NaN,NOT_UNIQUE
3,A476,478,UNRESOLVED,0,NaN,NOT_UNIQUE
3,A477,479,UNRESOLVED,0,NaN,NOT_UNIQUE
3,A478,480,UNRESOLVED,0,NaN,NOT_UNIQUE
3,A479,481,UNRESOLVED,0,NaN,NOT_UNIQUE
3,A480,482,UNRESOLVED,0,NaN,NOT_UNIQUE
3,A481,483,UNRESOLVED,0,NaN,NOT_UNIQUE
3,A482,484,UNRESOLVED,0,NaN,NOT_UNIQUE
3,A483,485,UNRESOLVED,0,NaN,NOT_UNIQUE
3,A484,486,UNIQUE,1,5000,NONE
3,A485,487,UNRESOLVED,0,NaN,NOT_UNIQUE
3,A486,488,UNRESOLVED,0,NaN,NOT_UNIQUE
3,A487,489,UNIQUE,1,5000,NONE
3,A488,490,UNRESOLVED,0,NaN,NOT_UNIQUE
3,A489,491,UNRESOLVED,0,NaN,NOT_UNIQUE
3,A490,492,UNRESOLVED,0,NaN,NOT_UNIQUE
3,A491,493,UNRESOLVED,0,NaN,NOT_UNIQUE
3,A492,494,UNRESOLVED,0,NaN,NOT_UNIQUE
3,A493,495,UNRESOLVED,0,NaN,NOT_UNIQUE
3,A494,496,UNRESOLVED,0,NaN,NOT_UNIQUE
3,A495,497,UNRESOLVED,0,NaN,NOT_UNIQUE
3,A496,498,UNRESOLVED,0,NaN,NOT_UNIQUE
3,A497,499,UNRESOLVED,0,NaN,NOT_UNIQUE
3,A498,500,UNRESOLVED,0,NaN,NOT_UNIQUE
3,A499,501,UNRESOLVED,0,NaN,NOT_UNIQUE
3,A500,502,UNRESOLVED,0,NaN,NOT_UNIQUE
3,A501,503,UNRESOLVED,0,NaN,NOT_UNIQUE
3,A502,504,UNRESOLVED,0,NaN,NOT_UNIQUE
3,A503,505,UNRESOLVED,0,NaN,NOT_UNIQUE
3,A504,506,UNRESOLVED,0,NaN,NOT_UNIQUE
3,A505,507,UNRESOLVED,0,NaN,NOT_UNIQUE
3,A506,508,UNRESOLVED,0,NaN,NOT_UNIQUE
3,A507,509,UNRESOLVED,0,NaN,NOT_UNIQUE
3,A508,510,UNRESOLVED,0,NaN,NOT_UNIQUE
3,A509,511,UNRESOLVED,0,NaN,NOT_UNIQUE
3,A510,512,UNRESOLVED,0,NaN,NOT_UNIQUE
3,A511,513,UNRESOLVED,0,NaN,NOT_UNIQUE
3,A512,514,UNRESOLVED,0,NaN,NOT_UNIQUE
3,A513,515,UNRESOLVED,0,NaN,NOT_UNIQUE
3,A514,516,UNRESOLVED,0,NaN,NOT_UNIQUE
3,A515,517,UNRESOLVED,0,NaN,NOT_UNIQUE
3,A516,518,UNRESOLVED,0,NaN,NOT_UNIQUE
3,A517,519,UNRESOLVED,0,NaN,NOT_UNIQUE
3,A518,520,UNRESOLVED,0,NaN,NOT_UNIQUE
3,A519,521,UNRESOLVED,0,NaN,NOT_UNIQUE
3,A520,522,UNRESOLVED,0,NaN,NOT_UNIQUE
3,A521,523,UNRESOLVED,0,NaN,NOT_UNIQUE
3,A522,524,UNRESOLVED,0,NaN,NOT_UNIQUE
3,A523,525,UNRESOLVED,0,NaN,NOT_UNIQUE
3,A524,526,UNRESOLVED,0,NaN,NOT_UNIQUE
3,A525,527,UNRESOLVED,0,NaN,NOT_UNIQUE
3,A526,528,UNRESOLVED,0,NaN,NOT_UNIQUE
3,A527,529,UNRESOLVED,0,NaN,NOT_UNIQUE
3,A528,530,UNRESOLVED,0,NaN,NOT_UNIQUE
3,A529,531,UNRESOLVED,0,NaN,NOT_UNIQUE
3,A530,532,UNRESOLVED,0,NaN,NOT_UNIQUE
3,A531,533,UNRESOLVED,0,NaN,NOT_UNIQUE
3,A532,534,UNRESOLVED,0,NaN,NOT_UNIQUE
3,A533,535,UNRESOLVED,0,NaN,NOT_UNIQUE
3,A534,536,UNRESOLVED,0,NaN,NOT_UNIQUE
3,A535,537,UNRESOLVED,0,NaN,NOT_UNIQUE
