Group,MediumID,PieceIndex,SourceExcelRow,WrappedInputP1X,WrappedInputP1Y,WrappedInputP1Z,WrappedInputP2X,WrappedInputP2Y,WrappedInputP2Z,UnwrappedStartX,UnwrappedStartY,UnwrappedStartZ,UnwrappedEndX,UnwrappedEndY,UnwrappedEndZ,RelativeShiftKx,RelativeShiftKy,RelativeShiftKz,PieceStartX,PieceStartY,PieceStartZ,PieceEndX,PieceEndY,PieceEndZ,PieceLength,TranslationX,TranslationY,TranslationZ,TStart,TEnd,BoundaryEventSequence
1,A4,1,6,-4192.3186063671,261.813019412782,-199.977019550071,806.624526775099,321.530792400596,-283.651025070759,-4192.3186063671,261.813019412782,-199.977019550071,806.624526775099,321.530792400596,-283.651025070759,0,0,0,-4192.3186063671,261.813019412782,-199.977019550071,806.624526775099,321.530792400596,-283.651025070759,5000.00000000001,-0,-0,-0,0,1,NONE
1,A5,1,7,-2777.97743793496,-159.004834417892,-249.729794262883,2215.33209763938,97.7058633389306,-280.705584803122,-2777.97743793496,-159.004834417892,-249.729794262883,2215.33209763938,97.7058633389306,-280.705584803122,0,0,0,-2777.97743793496,-159.004834417892,-249.729794262883,2215.33209763938,97.7058633389306,-280.705584803122,5000,-0,-0,-0,0,1,NONE
2,A12,1,14,-4850.28126750738,82.5010658474648,-222.18011252894,147.723911234192,170.890609581654,-332.323300384175,-4850.28126750738,82.5010658474648,-222.18011252894,147.723911234192,170.890609581654,-332.323300384175,0,0,0,-4850.28126750738,82.5010658474648,-222.18011252894,147.723911234192,170.890609581654,-332.323300384175,5000,-0,-0,-0,0,1,NONE
2,A14,1,16,-4320.97782889831,-411.653921511031,368.315645023836,669.713064161411,-154.034754426643,205.10787964038,-4320.97782889831,-411.653921511031,368.315645023836,669.713064161411,-154.034754426643,205.10787964038,0,0,0,-4320.97782889831,-411.653921511031,368.315645023836,669.713064161411,-154.034754426643,205.10787964038,5000,-0,-0,-0,0,1,NONE
2,A16,1,18,-3571.27624542796,181.81815690851,361.831173792362,1420.41208784988,34.5184054987683,114.141112117339,-3571.27624542796,181.81815690851,361.831173792362,1420.41208784988,34.5184054987683,114.141112117339,0,0,0,-3571.27624542796,181.81815690851,361.831173792362,1420.41208784988,34.5184054987683,114.141112117339,5000,-0,-0,-0,0,1,NONE
2,A18,1,20,-3511.51171165783,-474.333842855282,-463.533330394968,1481.8651122767,-242.86501776371,-351.238730327768,-3511.51171165783,-474.333842855282,-463.533330394968,1481.8651122767,-242.86501776371,-351.238730327768,0,0,0,-3511.51171165783,-474.333842855282,-463.533330394968,1481.8651122767,-242.86501776371,-351.238730327768,5000,-0,-0,-0,0,1,NONE
2,A21,1,23,-2678.97911623744,295.087071499692,-78.7997608836554,2315.72959335963,490.579233198023,-199.910127862549,-2678.97911623744,295.087071499692,-78.7997608836554,2315.72959335963,490.579233198023,-199.910127862549,0,0,0,-2678.97911623744,295.087071499692,-78.7997608836554,2315.72959335963,490.579233198023,-199.910127862549,5000.00000000001,-0,-0,-0,0,1,NONE
2,A24,1,26,-1977.25732408147,66.8052381259813,-477.030271691909,2995.23503720289,342.918909852125,-31.9674028131336,-1977.25732408147,66.8052381259813,-477.030271691909,2995.23503720289,342.918909852125,-31.9674028131336,0,0,0,-1977.25732408147,66.8052381259813,-477.030271691909,2995.23503720289,342.918909852125,-31.9674028131336,5000,-0,-0,-0,0,1,NONE
2,A25,1,27,-1838.56689459812,294.257902005536,-367.771364687737,3100.77004810686,216.528673349028,404.82732379311,-1838.56689459812,294.257902005536,-367.771364687737,3100.77004810686,216.528673349028,404.82732379311,0,0,0,-1838.56689459812,294.257902005536,-367.771364687737,3100.77004810686,216.528673349028,404.82732379311,5000,-0,-0,-0,0,1,NONE
2,A26,1,28,-1779.52317608205,-232.026520024825,339.790039270438,3220.45837798502,-243.703331153308,346.726253723034,-1779.52317608205,-232.026520024825,339.790039270438,3220.45837798502,-243.703331153308,346.726253723034,0,0,0,-1779.52317608205,-232.026520024825,339.790039270438,3220.45837798502,-243.703331153308,346.726253723034,5000,-0,-0,-0,0,1,NONE
2,A29,1,31,-1028.3713146442,-236.936150294581,-334.043480856211,3965.06458500721,-14.6318438933278,-206.847917144566,-1028.3713146442,-236.936150294581,-334.043480856211,3965.06458500721,-14.6318438933278,-206.847917144566,0,0,0,-1028.3713146442,-236.936150294581,-334.043480856211,3965.06458500721,-14.6318438933278,-206.847917144566,4999.99999999999,-0,-0,-0,0,1,NONE
2,A31,1,33,-568.823774163553,-394.401820150427,-168.577848702974,4417.58197113286,-166.578870825741,120.998474631548,-568.823774163553,-394.401820150427,-168.577848702974,4417.58197113286,-166.578870825741,120.998474631548,0,0,0,-568.823774163553,-394.401820150427,-168.577848702974,4417.58197113286,-166.578870825741,120.998474631548,5000,-0,-0,-0,0,1,NONE
2,A33,1,35,-134.813541478156,-364.233142148315,427.977499036112,4824.09874614606,143.9163178571,39.4249930014681,-134.813541478156,-364.233142148315,427.977499036112,4824.09874614606,143.9163178571,39.4249930014681,0,0,0,-134.813541478156,-364.233142148315,427.977499036112,4824.09874614606,143.9163178571,39.4249930014681,5000,-0,-0,-0,0,1,NONE
3,A93,1,95,-4902.46883794863,-94.4166207700482,672.934600297983,97.3763590855169,-82.0764201731013,710.294005322419,-4902.46883794863,-94.4166207700482,672.934600297983,97.3763590855169,-82.0764201731013,710.294005322419,0,0,0,-4902.46883794863,-94.4166207700482,672.934600297983,97.3763590855169,-82.0764201731013,710.294005322419,5000,-0,-0,-0,0,1,NONE
3,A94,1,96,-4897.9224016491,-4362.03473939685,1312.21633831054,-3012.14751113252,238.568230852889,1839.76289779741,-4897.9224016491,-4362.03473939685,1312.21633831054,-3012.14751113252,238.568230852889,1839.76289779741,0,0,0,-4897.9224016491,-4362.03473939685,1312.21633831054,-3012.14751113252,238.568230852889,1839.76289779741,5000,-0,-0,-0,0,1,NONE
3,A95,1,97,-4845.08073283386,1462.43827903822,-85.8584979188063,-257.976588278578,-503.036407640955,222.985836701638,-4845.08073283386,1462.43827903822,-85.8584979188063,-257.976588278578,-503.036407640955,222.985836701638,0,0,0,-4845.08073283386,1462.43827903822,-85.8584979188063,-257.976588278578,-503.036407640955,222.985836701638,5000,-0,-0,-0,0,1,NONE
3,A97,1,99,-4801.86959698975,-3582.07213390288,-1984.64462751909,-2690.87373362849,-3968.24918667436,2531.38944551273,-4801.86959698975,-3582.07213390288,-1984.64462751909,-2690.87373362849,-3968.24918667436,2531.38944551273,0,0,0,-4801.86959698975,-3582.07213390288,-1984.64462751909,-2690.87373362849,-3968.24918667436,2531.38944551273,5000,-0,-0,-0,0,1,NONE
3,A98,1,100,-4779.75109652657,-2344.06989304822,-3220.67869193697,183.472108314943,-1901.26852208205,-3633.40422397159,-4779.75109652657,-2344.06989304822,-3220.67869193697,183.472108314943,-1901.26852208205,-3633.40422397159,0,0,0,-4779.75109652657,-2344.06989304822,-3220.67869193697,183.472108314943,-1901.26852208205,-3633.40422397159,5000,-0,-0,-0,0,1,NONE
3,A100,1,102,-4745.53953435397,3309.54611875961,-4101.31881632114,-3133.25193614438,-375.504264302602,-1131.31336599743,-4745.53953435397,3309.54611875961,-4101.31881632114,-3133.25193614438,-375.504264302602,-1131.31336599743,0,0,0,-4745.53953435397,3309.54611875961,-4101.31881632114,-3133.25193614438,-375.504264302602,-1131.31336599743,4999.99999999999,-0,-0,-0,0,1,NONE
3,A101,1,103,-4741.19356786378,-378.567447110398,1578.804023168,169.012165270613,561.698729085063,1654.82491632829,-4741.19356786378,-378.567447110398,1578.804023168,169.012165270613,561.698729085063,1654.82491632829,0,0,0,-4741.19356786378,-378.567447110398,1578.804023168,169.012165270613,561.698729085063,1654.82491632829,5000,-0,-0,-0,0,1,NONE
3,A103,1,105,-4677.06527617311,1542.78684951119,-2987.78613940108,-232.43418966324,1953.7437089671,-734.706255221154,-4677.06527617311,1542.78684951119,-2987.78613940108,-232.43418966324,1953.7437089671,-734.706255221154,0,0,0,-4677.06527617311,1542.78684951119,-2987.78613940108,-232.43418966324,1953.7437089671,-734.706255221154,5000,-0,-0,-0,0,1,NONE
3,A106,1,108,-4642.45937836692,-4593.49833680742,3474.40935702149,-1330.03038400753,-3673.72855897134,-156.270705047679,-4642.45937836692,-4593.49833680742,3474.40935702149,-1330.03038400753,-3673.72855897134,-156.270705047679,0,0,0,-4642.45937836692,-4593.49833680742,3474.40935702149,-1330.03038400753,-3673.72855897134,-156.270705047679,5000,-0,-0,-0,0,1,NONE
3,A107,1,109,-4628.93500514492,-4623.92424534162,-3379.01806989156,347.663690561501,-4719.99669224236,-3852.55318668825,-4628.93500514492,-4623.92424534162,-3379.01806989156,347.663690561501,-4719.99669224236,-3852.55318668825,0,0,0,-4628.93500514492,-4623.92424534162,-3379.01806989156,347.663690561501,-4719.99669224236,-3852.55318668825,5000,-0,-0,-0,0,1,NONE
3,A108,1,110,-4571.84128933919,-731.76490888297,4020.15092057908,-918.340568478979,-4145.25624114645,4017.08379880479,-4571.84128933919,-731.76490888297,4020.15092057908,-918.340568478979,-4145.25624114645,4017.08379880479,0,0,0,-4571.84128933919,-731.76490888297,4020.15092057908,-918.340568478979,-4145.25624114645,4017.08379880479,5000,-0,-0,-0,0,1,NONE
3,A111,1,113,-4537.55944532078,2428.70864022709,-631.52951422848,-418.27972558606,-214.860659395111,-1652.84041139802,-4537.55944532078,2428.70864022709,-631.52951422848,-418.27972558606,-214.860659395111,-1652.84041139802,0,0,0,-4537.55944532078,2428.70864022709,-631.52951422848,-418.27972558606,-214.860659395111,-1652.84041139802,5000,-0,-0,-0,0,1,NONE
3,A113,1,115,-4518.7611476125,2882.08375528358,694.061209470425,-105.926251516752,2788.08677966835,3043.11479514591,-4518.7611476125,2882.08375528358,694.061209470425,-105.926251516752,2788.08677966835,3043.11479514591,0,0,0,-4518.7611476125,2882.08375528358,694.061209470425,-105.926251516752,2788.08677966835,3043.11479514591,5000,-0,-0,-0,0,1,NONE
3,A114,1,116,-4464.31365797202,-3357.94869264603,1667.83281348784,-3780.03862899474,1578.01319683164,2077.76928459312,-4464.31365797202,-3357.94869264603,1667.83281348784,-3780.03862899474,1578.01319683164,2077.76928459312,0,0,0,-4464.31365797202,-3357.94869264603,1667.83281348784,-3780.03862899474,1578.01319683164,2077.76928459312,5000.00000000001,-0,-0,-0,0,1,NONE
3,A115,1,117,-4463.68735379139,-4886.22789661029,-2725.99859426592,-1902.45867861374,-608.74850625676,-3104.51905414699,-4463.68735379139,-4886.22789661029,-2725.99859426592,-1902.45867861374,-608.74850625676,-3104.51905414699,0,0,0,-4463.68735379139,-4886.22789661029,-2725.99859426592,-1902.45867861374,-608.74850625676,-3104.51905414699,5000,-0,-0,-0,0,1,NONE
3,A116,1,118,-4437.424910375,-1542.88317408878,3661.64513403437,393.788811329587,-1730.25327255817,2387.17802131123,-4437.424910375,-1542.88317408878,3661.64513403437,393.788811329587,-1730.25327255817,2387.17802131123,0,0,0,-4437.424910375,-1542.88317408878,3661.64513403437,393.788811329587,-1730.25327255817,2387.17802131123,5000,-0,-0,-0,0,1,NONE
3,A117,1,119,-4422.28950725118,715.442990850514,4148.53114128022,-528.062227498771,345.954062170818,1034.29418414043,-4422.28950725118,715.442990850514,4148.53114128022,-528.062227498771,345.954062170818,1034.29418414043,0,0,0,-4422.28950725118,715.442990850514,4148.53114128022,-528.062227498771,345.954062170818,1034.29418414043,5000,-0,-0,-0,0,1,NONE
3,A119,1,121,-4403.60727755624,-4592.70038720672,-3723.58682101653,-1184.96159580262,-871.28701203014,-2833.97878014365,-4403.60727755624,-4592.70038720672,-3723.58682101653,-1184.96159580262,-871.28701203014,-2833.97878014365,0,0,0,-4403.60727755624,-4592.70038720672,-3723.58682101653,-1184.96159580262,-871.28701203014,-2833.97878014365,5000,-0,-0,-0,0,1,NONE
3,A120,1,122,-4397.29493631101,1830.1361867125,-2506.42937971872,-327.237248089884,2386.60773512022,344.003890920108,-4397.29493631101,1830.1361867125,-2506.42937971872,-327.237248089884,2386.60773512022,344.003890920108,0,0,0,-4397.29493631101,1830.1361867125,-2506.42937971872,-327.237248089884,2386.60773512022,344.003890920108,5000,-0,-0,-0,0,1,NONE
3,A122,1,124,-4367.72812969583,2076.92333379447,1425.12626491372,423.899947702362,3460.13217657474,1068.7084410836,-4367.72812969583,2076.92333379447,1425.12626491372,423.899947702362,3460.13217657474,1068.7084410836,0,0,0,-4367.72812969583,2076.92333379447,1425.12626491372,423.899947702362,3460.13217657474,1068.7084410836,5000,-0,-0,-0,0,1,NONE
3,A125,1,127,-4326.70685705914,-3313.35506887951,-3148.29031733543,611.160511270979,-2743.99181004891,-3689.85410145916,-4326.70685705914,-3313.35506887951,-3148.29031733543,611.160511270979,-2743.99181004891,-3689.85410145916,0,0,0,-4326.70685705914,-3313.35506887951,-3148.29031733543,611.160511270979,-2743.99181004891,-3689.85410145916,5000,-0,-0,-0,0,1,NONE
3,A126,1,128,-4325.93534522974,-1636.01576929022,687.287707327499,283.385320464921,194.607517827582,52.4795619306548,-4325.93534522974,-1636.01576929022,687.287707327499,283.385320464921,194.607517827582,52.4795619306548,0,0,0,-4325.93534522974,-1636.01576929022,687.287707327499,283.385320464921,194.607517827582,52.4795619306548,5000,-0,-0,-0,0,1,NONE
3,A128,1,130,-4313.76832575146,-563.93752595661,-133.083517332063,-2857.92470190704,-2445.58479963247,4264.63439999503,-4313.76832575146,-563.93752595661,-133.083517332063,-2857.92470190704,-2445.58479963247,4264.63439999503,0,0,0,-4313.76832575146,-563.93752595661,-133.083517332063,-2857.92470190704,-2445.58479963247,4264.63439999503,5000,-0,-0,-0,0,1,NONE
3,A131,1,133,-4283.65344231607,782.214621001764,4731.05726019267,-441.016747520069,-925.388000762852,2025.83332899032,-4283.65344231607,782.214621001764,4731.05726019267,-441.016747520069,-925.388000762852,2025.83332899032,0,0,0,-4283.65344231607,782.214621001764,4731.05726019267,-441.016747520069,-925.388000762852,2025.83332899032,5000,-0,-0,-0,0,1,NONE
3,A136,1,138,-4224.87904616298,1018.43605070981,1905.69831751946,751.900062945494,1373.51986922207,2230.63705170217,-4224.87904616298,1018.43605070981,1905.69831751946,751.900062945494,1373.51986922207,2230.63705170217,0,0,0,-4224.87904616298,1018.43605070981,1905.69831751946,751.900062945494,1373.51986922207,2230.63705170217,5000,-0,-0,-0,0,1,NONE
3,A137,1,139,-4223.07600315043,-1771.37115843877,1892.94507460088,433.368702860982,-644.452482854297,3323.88078191874,-4223.07600315043,-1771.37115843877,1892.94507460088,433.368702860982,-644.452482854297,3323.88078191874,0,0,0,-4223.07600315043,-1771.37115843877,1892.94507460088,433.368702860982,-644.452482854297,3323.88078191874,5000,-0,-0,-0,0,1,NONE
3,A141,1,143,-4102.31621428781,4431.47429291086,-2415.60705080457,894.504935331985,4605.85934665772,-2378.61716378044,-4102.31621428781,4431.47429291086,-2415.60705080457,894.504935331985,4605.85934665772,-2378.61716378044,0,0,0,-4102.31621428781,4431.47429291086,-2415.60705080457,894.504935331985,4605.85934665772,-2378.61716378044,5000,-0,-0,-0,0,1,NONE
3,A144,1,146,-4012.39270998318,-1834.8453603863,3726.07429706474,344.762915275798,-943.423431913583,1441.21942142996,-4012.39270998318,-1834.8453603863,3726.07429706474,344.762915275798,-943.423431913583,1441.21942142996,0,0,0,-4012.39270998318,-1834.8453603863,3726.07429706474,344.762915275798,-943.423431913583,1441.21942142996,5000,-0,-0,-0,0,1,NONE
3,A149,1,151,-3935.66950286621,-221.024131726583,1238.27483308518,-924.248509871287,-1698.47073322929,4946.17115615808,-3935.66950286621,-221.024131726583,1238.27483308518,-924.248509871287,-1698.47073322929,4946.17115615808,0,0,0,-3935.66950286621,-221.024131726583,1238.27483308518,-924.248509871287,-1698.47073322929,4946.17115615808,5000,-0,-0,-0,0,1,NONE
3,A151,1,153,-3902.89572773884,-3088.9993237149,1630.40870061951,476.949011720593,-766.260515050205,980.91313870055,-3902.89572773884,-3088.9993237149,1630.40870061951,476.949011720593,-766.260515050205,980.91313870055,0,0,0,-3902.89572773884,-3088.9993237149,1630.40870061951,476.949011720593,-766.260515050205,980.91313870055,5000,-0,-0,-0,0,1,NONE
3,A154,1,156,-3786.81574078267,4843.24926450574,1101.85560042605,-1801.77961053379,1129.35410692689,-1593.81023942112,-3786.81574078267,4843.24926450574,1101.85560042605,-1801.77961053379,1129.35410692689,-1593.81023942112,0,0,0,-3786.81574078267,4843.24926450574,1101.85560042605,-1801.77961053379,1129.35410692689,-1593.81023942112,5000,-0,-0,-0,0,1,NONE
3,A155,1,157,-3779.58706323983,2768.76779575297,-2930.32195471563,-2949.65479393071,601.473047834658,1498.4528085801,-3779.58706323983,2768.76779575297,-2930.32195471563,-2949.65479393071,601.473047834658,1498.4528085801,0,0,0,-3779.58706323983,2768.76779575297,-2930.32195471563,-2949.65479393071,601.473047834658,1498.4528085801,5000,-0,-0,-0,0,1,NONE
3,A157,1,159,-3736.69743835885,-973.397803807633,2686.98807733915,-1053.83607794081,-4905.37937369601,4217.27427764092,-3736.69743835885,-973.397803807633,2686.98807733915,-1053.83607794081,-4905.37937369601,4217.27427764092,0,0,0,-3736.69743835885,-973.397803807633,2686.98807733915,-1053.83607794081,-4905.37937369601,4217.27427764092,5000,-0,-0,-0,0,1,NONE
3,A160,1,162,-3628.8074308068,-4587.61306219392,4681.3589361279,346.901667158697,-3755.04279473817,1765.78627915242,-3628.8074308068,-4587.61306219392,4681.3589361279,346.901667158697,-3755.04279473817,1765.78627915242,0,0,0,-3628.8074308068,-4587.61306219392,4681.3589361279,346.901667158697,-3755.04279473817,1765.78627915242,5000,-0,-0,-0,0,1,NONE
3,A164,1,166,-3496.37091092846,-696.631470477054,1531.62191440463,247.096691063384,2229.7953930502,3088.05248634269,-3496.37091092846,-696.631470477054,1531.62191440463,247.096691063384,2229.7953930502,3088.05248634269,0,0,0,-3496.37091092846,-696.631470477054,1531.62191440463,247.096691063384,2229.7953930502,3088.05248634269,5000,-0,-0,-0,0,1,NONE
3,A170,1,172,-3381.94352263597,-2014.29877013302,-4270.86180286394,1445.20194002736,-742.106703383865,-3987.67630254788,-3381.94352263597,-2014.29877013302,-4270.86180286394,1445.20194002736,-742.106703383865,-3987.67630254788,0,0,0,-3381.94352263597,-2014.29877013302,-4270.86180286394,1445.20194002736,-742.106703383865,-3987.67630254788,4999.99999999999,-0,-0,-0,0,1,NONE
3,A171,1,173,-3381.48967918435,2792.75267863163,3344.15385990426,1447.60182498836,1898.6392594994,2405.83811451012,-3381.48967918435,2792.75267863163,3344.15385990426,1447.60182498836,1898.6392594994,2405.83811451012,0,0,0,-3381.48967918435,2792.75267863163,3344.15385990426,1447.60182498836,1898.6392594994,2405.83811451012,4999.99999999999,-0,-0,-0,0,1,NONE
3,A172,1,174,-3365.54201309952,3426.34108505962,-2178.65524259573,1568.31768688051,4133.78797753554,-2574.315899269,-3365.54201309952,3426.34108505962,-2178.65524259573,1568.31768688051,4133.78797753554,-2574.315899269,0,0,0,-3365.54201309952,3426.34108505962,-2178.65524259573,1568.31768688051,4133.78797753554,-2574.315899269,5000,-0,-0,-0,0,1,NONE
3,A175,1,177,-3330.97683930299,-192.554020631002,767.786431203294,-964.278987507449,-3933.94320669486,-1556.16456585125,-3330.97683930299,-192.554020631002,767.786431203294,-964.278987507449,-3933.94320669486,-1556.16456585125,0,0,0,-3330.97683930299,-192.554020631002,767.786431203294,-964.278987507449,-3933.94320669486,-1556.16456585125,5000,-0,-0,-0,0,1,NONE
3,A176,1,178,-3286.85924593133,-2974.02552709837,3459.42089366925,-1003.25046987847,-2627.96721279353,-975.144992754681,-3286.85924593133,-2974.02552709837,3459.42089366925,-1003.25046987847,-2627.96721279353,-975.144992754681,0,0,0,-3286.85924593133,-2974.02552709837,3459.42089366925,-1003.25046987847,-2627.96721279353,-975.144992754681,5000,-0,-0,-0,0,1,NONE
3,A180,1,182,-3132.55886825909,-2477.77804858886,-18.8121899238568,-733.401974794709,-529.811963343794,3911.76974298091,-3132.55886825909,-2477.77804858886,-18.8121899238568,-733.401974794709,-529.811963343794,3911.76974298091,0,0,0,-3132.55886825909,-2477.77804858886,-18.8121899238568,-733.401974794709,-529.811963343794,3911.76974298091,5000,-0,-0,-0,0,1,NONE
3,A181,1,183,-3127.03672616569,2903.73641347257,467.769085676664,-3029.66894210302,-1619.45701440739,2596.44020367734,-3127.03672616569,2903.73641347257,467.769085676664,-3029.66894210302,-1619.45701440739,2596.44020367734,0,0,0,-3127.03672616569,2903.73641347257,467.769085676664,-3029.66894210302,-1619.45701440739,2596.44020367734,5000,-0,-0,-0,0,1,NONE
3,A183,1,185,-3115.7239937972,-814.320182024368,-801.001503680503,-1631.39949981614,3935.44525802039,-1287.32347637384,-3115.7239937972,-814.320182024368,-801.001503680503,-1631.39949981614,3935.44525802039,-1287.32347637384,0,0,0,-3115.7239937972,-814.320182024368,-801.001503680503,-1631.39949981614,3935.44525802039,-1287.32347637384,5000,-0,-0,-0,0,1,NONE
3,A184,1,186,-3093.68097161333,504.855793962775,190.215289626727,1309.4637032721,159.848374049618,2533.99148462336,-3093.68097161333,504.855793962775,190.215289626727,1309.4637032721,159.848374049618,2533.99148462336,0,0,0,-3093.68097161333,504.855793962775,190.215289626727,1309.4637032721,159.848374049618,2533.99148462336,4999.99999999999,-0,-0,-0,0,1,NONE
3,A186,1,188,-3084.82362850467,594.686233675939,1354.51266409409,288.152295570044,-2163.34240434362,3807.32970730712,-3084.82362850467,594.686233675939,1354.51266409409,288.152295570044,-2163.34240434362,3807.32970730712,0,0,0,-3084.82362850467,594.686233675939,1354.51266409409,288.152295570044,-2163.34240434362,3807.32970730712,5000,-0,-0,-0,0,1,NONE
3,A190,1,192,-2986.51011041048,-3997.31782735063,2302.07283132353,1942.1340348178,-4063.26347848573,3141.19026100985,-2986.51011041048,-3997.31782735063,2302.07283132353,1942.1340348178,-4063.26347848573,3141.19026100985,0,0,0,-2986.51011041048,-3997.31782735063,2302.07283132353,1942.1340348178,-4063.26347848573,3141.19026100985,5000,-0,-0,-0,0,1,NONE
3,A191,1,193,-2986.31280160509,-4387.10103169164,-366.71570439906,1962.46839744592,-4564.87028875375,-1058.06419478782,-2986.31280160509,-4387.10103169164,-366.71570439906,1962.46839744592,-4564.87028875375,-1058.06419478782,0,0,0,-2986.31280160509,-4387.10103169164,-366.71570439906,1962.46839744592,-4564.87028875375,-1058.06419478782,5000,-0,-0,-0,0,1,NONE
3,A193,1,195,-2968.73708555886,-835.022338979809,-4918.29134699381,166.542246581075,-3757.3536433087,-2343.41207658218,-2968.73708555886,-835.022338979809,-4918.29134699381,166.542246581075,-3757.3536433087,-2343.41207658218,0,0,0,-2968.73708555886,-835.022338979809,-4918.29134699381,166.542246581075,-3757.3536433087,-2343.41207658218,5000,-0,-0,-0,0,1,NONE
3,A194,1,196,-2895.93436936923,1368.51452280352,-2002.05617326184,2103.42009067578,1354.80752479818,-1922.89114920624,-2895.93436936923,1368.51452280352,-2002.05617326184,2103.42009067578,1354.80752479818,-1922.89114920624,0,0,0,-2895.93436936923,1368.51452280352,-2002.05617326184,2103.42009067578,1354.80752479818,-1922.89114920624,5000,-0,-0,-0,0,1,NONE
3,A202,1,204,-2735.73864867041,4334.7976314327,-1158.0041120667,-2304.00169128125,318.681575067157,-4104.93726730237,-2735.73864867041,4334.7976314327,-1158.0041120667,-2304.00169128125,318.681575067157,-4104.93726730237,0,0,0,-2735.73864867041,4334.7976314327,-1158.0041120667,-2304.00169128125,318.681575067157,-4104.93726730237,5000,-0,-0,-0,0,1,NONE
3,A203,1,205,-2732.62655978701,3173.87799493308,-1253.96384006569,6.86960683836378,-247.520179918855,-3660.03850269874,-2732.62655978701,3173.87799493308,-1253.96384006569,6.86960683836378,-247.520179918855,-3660.03850269874,0,0,0,-2732.62655978701,3173.87799493308,-1253.96384006569,6.86960683836378,-247.520179918855,-3660.03850269874,5000,-0,-0,-0,0,1,NONE
3,A205,1,207,-2705.11635183855,2724.75473679113,209.559653063315,358.693964527135,3894.63999047646,3983.7396750735,-2705.11635183855,2724.75473679113,209.559653063315,358.693964527135,3894.63999047646,3983.7396750735,0,0,0,-2705.11635183855,2724.75473679113,209.559653063315,358.693964527135,3894.63999047646,3983.7396750735,5000,-0,-0,-0,0,1,NONE
3,A206,1,208,-2677.92026474569,-2636.29494613645,-4264.98243282158,272.65986457879,-1223.98345351364,-483.520658819213,-2677.92026474569,-2636.29494613645,-4264.98243282158,272.65986457879,-1223.98345351364,-483.520658819213,0,0,0,-2677.92026474569,-2636.29494613645,-4264.98243282158,272.65986457879,-1223.98345351364,-483.520658819213,5000.00000000001,-0,-0,-0,0,1,NONE
3,A211,1,213,-2558.22695403246,2942.37905225634,-2002.4004020602,2339.82657173754,2979.80168390297,-998.572127237908,-2558.22695403246,2942.37905225634,-2002.4004020602,2339.82657173754,2979.80168390297,-998.572127237908,0,0,0,-2558.22695403246,2942.37905225634,-2002.4004020602,2339.82657173754,2979.80168390297,-998.572127237908,5000,-0,-0,-0,0,1,NONE
3,A214,1,216,-2514.9777610282,-1076.90801464736,-2360.48997091467,2219.74083863324,-2656.87033186128,-2066.96167891529,-2514.9777610282,-1076.90801464736,-2360.48997091467,2219.74083863324,-2656.87033186128,-2066.96167891529,0,0,0,-2514.9777610282,-1076.90801464736,-2360.48997091467,2219.74083863324,-2656.87033186128,-2066.96167891529,5000,-0,-0,-0,0,1,NONE
3,A216,1,218,-2446.27314653107,1373.72966518059,-2438.82758059225,2551.99180759701,1375.05774147409,-2570.53059706634,-2446.27314653107,1373.72966518059,-2438.82758059225,2551.99180759701,1375.05774147409,-2570.53059706634,0,0,0,-2446.27314653107,1373.72966518059,-2438.82758059225,2551.99180759701,1375.05774147409,-2570.53059706634,5000,-0,-0,-0,0,1,NONE
3,A220,1,222,-2414.47353666484,-849.026396101761,-3329.22657332843,1356.42189347572,-3862.29170084743,-2025.16374579248,-2414.47353666484,-849.026396101761,-3329.22657332843,1356.42189347572,-3862.29170084743,-2025.16374579248,0,0,0,-2414.47353666484,-849.026396101761,-3329.22657332843,1356.42189347572,-3862.29170084743,-2025.16374579248,5000,-0,-0,-0,0,1,NONE
3,A221,1,223,-2406.55684813261,1553.72190916102,2981.06732438274,2590.26838778432,1411.12145989842,3087.85062632555,-2406.55684813261,1553.72190916102,2981.06732438274,2590.26838778432,1411.12145989842,3087.85062632555,0,0,0,-2406.55684813261,1553.72190916102,2981.06732438274,2590.26838778432,1411.12145989842,3087.85062632555,5000,-0,-0,-0,0,1,NONE
3,A222,1,224,-2404.00490826933,117.226869004377,-4832.9411747539,676.714848596792,2426.64187272604,-1642.9931939492,-2404.00490826933,117.226869004377,-4832.9411747539,676.714848596792,2426.64187272604,-1642.9931939492,0,0,0,-2404.00490826933,117.226869004377,-4832.9411747539,676.714848596792,2426.64187272604,-1642.9931939492,5000,-0,-0,-0,0,1,NONE
3,A223,1,225,-2395.64019653782,-119.973703180315,2506.29549538455,1357.798453951,-2985.68846615203,4149.27364323153,-2395.64019653782,-119.973703180315,2506.29549538455,1357.798453951,-2985.68846615203,4149.27364323153,0,0,0,-2395.64019653782,-119.973703180315,2506.29549538455,1357.798453951,-2985.68846615203,4149.27364323153,5000.00000000001,-0,-0,-0,0,1,NONE
3,A225,1,227,-2357.32332415099,-3978.94082377783,-3712.33910970985,2596.33596851486,-3342.34894670237,-3475.67395759219,-2357.32332415099,-3978.94082377783,-3712.33910970985,2596.33596851486,-3342.34894670237,-3475.67395759219,0,0,0,-2357.32332415099,-3978.94082377783,-3712.33910970985,2596.33596851486,-3342.34894670237,-3475.67395759219,5000.00000000001,-0,-0,-0,0,1,NONE
3,A228,1,230,-2274.23620732417,1886.7944044507,3789.67674392776,2714.709817092,2185.72391823163,3644.56054478786,-2274.23620732417,1886.7944044507,3789.67674392776,2714.709817092,2185.72391823163,3644.56054478786,0,0,0,-2274.23620732417,1886.7944044507,3789.67674392776,2714.709817092,2185.72391823163,3644.56054478786,5000,-0,-0,-0,0,1,NONE
3,A229,1,231,-2273.23100033529,-997.119451403975,3158.27000080394,2708.44274581757,-1382.38882162524,3343.99614129194,-2273.23100033529,-997.119451403975,3158.27000080394,2708.44274581757,-1382.38882162524,3343.99614129194,0,0,0,-2273.23100033529,-997.119451403975,3158.27000080394,2708.44274581757,-1382.38882162524,3343.99614129194,4999.99999999999,-0,-0,-0,0,1,NONE
3,A233,1,235,-2188.50524220757,2097.4606904741,-4434.40067871513,883.230792207638,4540.63601007918,-1336.76737366629,-2188.50524220757,2097.4606904741,-4434.40067871513,883.230792207638,4540.63601007918,-1336.76737366629,0,0,0,-2188.50524220757,2097.4606904741,-4434.40067871513,883.230792207638,4540.63601007918,-1336.76737366629,5000.00000000001,-0,-0,-0,0,1,NONE
3,A238,1,240,-2108.23336608646,-3665.72367124177,389.165966663762,2878.66509324681,-4025.37325495226,350.488670528782,-2108.23336608646,-3665.72367124177,389.165966663762,2878.66509324681,-4025.37325495226,350.488670528782,0,0,0,-2108.23336608646,-3665.72367124177,389.165966663762,2878.66509324681,-4025.37325495226,350.488670528782,5000,-0,-0,-0,0,1,NONE
3,A240,1,242,-2071.1049254666,4244.89005528479,-2447.3561755707,2802.62036856449,4053.76307960668,-3547.47991292472,-2071.1049254666,4244.89005528479,-2447.3561755707,2802.62036856449,4053.76307960668,-3547.47991292472,0,0,0,-2071.1049254666,4244.89005528479,-2447.3561755707,2802.62036856449,4053.76307960668,-3547.47991292472,5000.00000000001,-0,-0,-0,0,1,NONE
3,A242,1,244,-2033.25644272164,-4865.30820637923,2322.528469226,-1547.66880763091,-4682.87130466361,-2650.49087776426,-2033.25644272164,-4865.30820637923,2322.528469226,-1547.66880763091,-4682.87130466361,-2650.49087776426,0,0,0,-2033.25644272164,-4865.30820637923,2322.528469226,-1547.66880763091,-4682.87130466361,-2650.49087776426,5000,-0,-0,-0,0,1,NONE
3,A245,1,247,-1993.0511691762,-583.626826635024,-4381.51774328181,2970.46485508624,-232.395679875713,-4871.56402521457,-1993.0511691762,-583.626826635024,-4381.51774328181,2970.46485508624,-232.395679875713,-4871.56402521457,0,0,0,-1993.0511691762,-583.626826635024,-4381.51774328181,2970.46485508624,-232.395679875713,-4871.56402521457,5000,-0,-0,-0,0,1,NONE
3,A247,1,249,-1979.2166521355,-3031.76700765613,1464.07268224517,1593.33253453891,-116.438784863866,-469.254414286326,-1979.2166521355,-3031.76700765613,1464.07268224517,1593.33253453891,-116.438784863866,-469.254414286326,0,0,0,-1979.2166521355,-3031.76700765613,1464.07268224517,1593.33253453891,-116.438784863866,-469.254414286326,5000,-0,-0,-0,0,1,NONE
3,A248,1,250,-1976.3601228957,-636.977474317082,-2204.53441950196,2104.54289273436,-3328.89966613609,-1155.82783984592,-1976.3601228957,-636.977474317082,-2204.53441950196,2104.54289273436,-3328.89966613609,-1155.82783984592,0,0,0,-1976.3601228957,-636.977474317082,-2204.53441950196,2104.54289273436,-3328.89966613609,-1155.82783984592,5000,-0,-0,-0,0,1,NONE
3,A250,1,252,-1959.7032688218,-3760.91767555766,4797.89980168489,3039.74010150104,-3753.46937823196,4872.13260980926,-1959.7032688218,-3760.91767555766,4797.89980168489,3039.74010150104,-3753.46937823196,4872.13260980926,0,0,0,-1959.7032688218,-3760.91767555766,4797.89980168489,3039.74010150104,-3753.46937823196,4872.13260980926,5000.00000000001,-0,-0,-0,0,1,NONE
3,A253,1,255,-1913.65157229474,658.792262492777,-2053.58803643263,2896.3161635127,1004.33478139584,-732.67518990504,-1913.65157229474,658.792262492777,-2053.58803643263,2896.3161635127,1004.33478139584,-732.67518990504,0,0,0,-1913.65157229474,658.792262492777,-2053.58803643263,2896.3161635127,1004.33478139584,-732.67518990504,5000,-0,-0,-0,0,1,NONE
3,A255,1,257,-1838.89283938742,45.9084458449079,-3327.47236662416,875.431190135028,3155.76205410684,-505.902662020478,-1838.89283938742,45.9084458449079,-3327.47236662416,875.431190135028,3155.76205410684,-505.902662020478,0,0,0,-1838.89283938742,45.9084458449079,-3327.47236662416,875.431190135028,3155.76205410684,-505.902662020478,5000,-0,-0,-0,0,1,NONE
3,A257,1,259,-1827.4342002489,-1648.39626907614,-1547.27202047728,1900.74434373872,-1068.43932429652,1733.63253259223,-1827.4342002489,-1648.39626907614,-1547.27202047728,1900.74434373872,-1068.43932429652,1733.63253259223,0,0,0,-1827.4342002489,-1648.39626907614,-1547.27202047728,1900.74434373872,-1068.43932429652,1733.63253259223,5000,-0,-0,-0,0,1,NONE
3,A259,1,261,-1824.9495825332,-4478.62663682293,2381.53247841767,-1760.73036069822,-23.933804265962,111.821558694086,-1824.9495825332,-4478.62663682293,2381.53247841767,-1760.73036069822,-23.933804265962,111.821558694086,0,0,0,-1824.9495825332,-4478.62663682293,2381.53247841767,-1760.73036069822,-23.933804265962,111.821558694086,5000,-0,-0,-0,0,1,NONE
3,A260,1,262,-1804.43496642929,-125.481945182031,-2904.76845004073,2961.94331755027,-1166.95184877341,-3998.83357329502,-1804.43496642929,-125.481945182031,-2904.76845004073,2961.94331755027,-1166.95184877341,-3998.83357329502,0,0,0,-1804.43496642929,-125.481945182031,-2904.76845004073,2961.94331755027,-1166.95184877341,-3998.83357329502,5000,-0,-0,-0,0,1,NONE
3,A261,1,263,-1768.36631086668,3611.11350022682,1302.35594993159,2600.5213962355,4559.00000040452,-936.914329760507,-1768.36631086668,3611.11350022682,1302.35594993159,2600.5213962355,4559.00000040452,-936.914329760507,0,0,0,-1768.36631086668,3611.11350022682,1302.35594993159,2600.5213962355,4559.00000040452,-936.914329760507,5000,-0,-0,-0,0,1,NONE
3,A262,1,264,-1760.28009020591,-100.847387880996,-2161.86617951344,2430.10000398021,2622.9702440665,-2015.127724633,-1760.28009020591,-100.847387880996,-2161.86617951344,2430.10000398021,2622.9702440665,-2015.127724633,0,0,0,-1760.28009020591,-100.847387880996,-2161.86617951344,2430.10000398021,2622.9702440665,-2015.127724633,5000,-0,-0,-0,0,1,NONE
3,A264,1,266,-1714.324078827,2687.77286668013,-322.869727028028,-62.3824690924421,322.61173875842,-4406.63046401982,-1714.324078827,2687.77286668013,-322.869727028028,-62.3824690924421,322.61173875842,-4406.63046401982,0,0,0,-1714.324078827,2687.77286668013,-322.869727028028,-62.3824690924421,322.61173875842,-4406.63046401982,5000,-0,-0,-0,0,1,NONE
3,A265,1,267,-1696.85726928882,4633.57939662882,4469.7931162593,3269.10056783173,4054.68853600402,4405.38712720526,-1696.85726928882,4633.57939662882,4469.7931162593,3269.10056783173,4054.68853600402,4405.38712720526,0,0,0,-1696.85726928882,4633.57939662882,4469.7931162593,3269.10056783173,4054.68853600402,4405.38712720526,5000,-0,-0,-0,0,1,NONE
3,A266,1,268,-1688.02675109733,3264.63107973665,-3397.74222253306,3024.24235084434,4009.94075078403,-1901.40221934895,-1688.02675109733,3264.63107973665,-3397.74222253306,3024.24235084434,4009.94075078403,-1901.40221934895,0,0,0,-1688.02675109733,3264.63107973665,-3397.74222253306,3024.24235084434,4009.94075078403,-1901.40221934895,4999.99999999999,-0,-0,-0,0,1,NONE
3,A270,1,272,-1638.21381065445,-2001.95466930316,1739.68347518704,2612.1045022839,-4424.66491892332,707.564642355113,-1638.21381065445,-2001.95466930316,1739.68347518704,2612.1045022839,-4424.66491892332,707.564642355113,0,0,0,-1638.21381065445,-2001.95466930316,1739.68347518704,2612.1045022839,-4424.66491892332,707.564642355113,5000,-0,-0,-0,0,1,NONE
3,A274,1,276,-1574.65981391307,298.460551002785,2855.46447150688,232.462995940462,202.716371570795,-1805.55904293842,-1574.65981391307,298.460551002785,2855.46447150688,232.462995940462,202.716371570795,-1805.55904293842,0,0,0,-1574.65981391307,298.460551002785,2855.46447150688,232.462995940462,202.716371570795,-1805.55904293842,5000,-0,-0,-0,0,1,NONE
3,A275,1,277,-1561.9368141303,4624.04884276696,3593.21278741863,3426.54560476326,4962.26087065698,3618.8210005628,-1561.9368141303,4624.04884276696,3593.21278741863,3426.54560476326,4962.26087065698,3618.8210005628,0,0,0,-1561.9368141303,4624.04884276696,3593.21278741863,3426.54560476326,4962.26087065698,3618.8210005628,5000.00000000001,-0,-0,-0,0,1,NONE
3,A276,1,278,-1548.58886727104,-98.2144255899202,-4227.9844913351,-768.385068247016,4808.10762137702,-4793.03847409661,-1548.58886727104,-98.2144255899202,-4227.9844913351,-768.385068247016,4808.10762137702,-4793.03847409661,0,0,0,-1548.58886727104,-98.2144255899202,-4227.9844913351,-768.385068247016,4808.10762137702,-4793.03847409661,5000,-0,-0,-0,0,1,NONE
3,A278,1,280,-1489.57061795279,4386.19018971233,1992.54195980958,1540.97012933524,550.103182441659,943.609525533649,-1489.57061795279,4386.19018971233,1992.54195980958,1540.97012933524,550.103182441659,943.609525533649,0,0,0,-1489.57061795279,4386.19018971233,1992.54195980958,1540.97012933524,550.103182441659,943.609525533649,5000,-0,-0,-0,0,1,NONE
3,A280,1,282,-1462.5326550549,-2061.1894796973,4271.08530302224,3482.02142277178,-1913.35280985366,4998.77293552472,-1462.5326550549,-2061.1894796973,4271.08530302224,3482.02142277178,-1913.35280985366,4998.77293552472,0,0,0,-1462.5326550549,-2061.1894796973,4271.08530302224,3482.02142277178,-1913.35280985366,4998.77293552472,5000,-0,-0,-0,0,1,NONE
3,A282,1,284,-1370.47673295522,544.724842807719,-2522.27527979119,3254.3599382504,1055.73116491742,-692.040785679673,-1370.47673295522,544.724842807719,-2522.27527979119,3254.3599382504,1055.73116491742,-692.040785679673,0,0,0,-1370.47673295522,544.724842807719,-2522.27527979119,3254.3599382504,1055.73116491742,-692.040785679673,5000,-0,-0,-0,0,1,NONE
3,A284,1,286,-1289.85348481225,-922.684354973808,2795.09947323115,2697.27621127285,-1616.50014374302,-141.125388364235,-1289.85348481225,-922.684354973808,2795.09947323115,2697.27621127285,-1616.50014374302,-141.125388364235,0,0,0,-1289.85348481225,-922.684354973808,2795.09947323115,2697.27621127285,-1616.50014374302,-141.125388364235,4999.99999999999,-0,-0,-0,0,1,NONE
3,A285,1,287,-1287.5492143397,510.037087201225,-3113.48050250706,1991.96950774375,3481.76950960515,-786.773954371387,-1287.5492143397,510.037087201225,-3113.48050250706,1991.96950774375,3481.76950960515,-786.773954371387,0,0,0,-1287.5492143397,510.037087201225,-3113.48050250706,1991.96950774375,3481.76950960515,-786.773954371387,5000,-0,-0,-0,0,1,NONE
3,A286,1,288,-1195.86508286475,1713.51827928881,-2864.80604719042,3280.3796441118,-513.312515087985,-2931.57248658817,-1195.86508286475,1713.51827928881,-2864.80604719042,3280.3796441118,-513.312515087985,-2931.57248658817,0,0,0,-1195.86508286475,1713.51827928881,-2864.80604719042,3280.3796441118,-513.312515087985,-2931.57248658817,5000,-0,-0,-0,0,1,NONE
3,A287,1,289,-1191.06447425374,4854.01252903279,3310.70161072481,3250.65348246953,2564.3602456412,3141.48573061371,-1191.06447425374,4854.01252903279,3310.70161072481,3250.65348246953,2564.3602456412,3141.48573061371,0,0,0,-1191.06447425374,4854.01252903279,3310.70161072481,3250.65348246953,2564.3602456412,3141.48573061371,5000,-0,-0,-0,0,1,NONE
3,A288,1,290,-1172.37821295477,3442.62672615013,-67.954334003678,3798.65040662973,3948.14092733008,-250.518995636845,-1172.37821295477,3442.62672615013,-67.954334003678,3798.65040662973,3948.14092733008,-250.518995636845,0,0,0,-1172.37821295477,3442.62672615013,-67.954334003678,3798.65040662973,3948.14092733008,-250.518995636845,5000,-0,-0,-0,0,1,NONE
3,A289,1,291,-1164.21722372438,4444.28286971334,3053.98346259342,726.959080512002,2620.85584286194,-1200.2574878045,-1164.21722372438,4444.28286971334,3053.98346259342,726.959080512002,2620.85584286194,-1200.2574878045,0,0,0,-1164.21722372438,4444.28286971334,3053.98346259342,726.959080512002,2620.85584286194,-1200.2574878045,4999.99999999999,-0,-0,-0,0,1,NONE
3,A291,1,293,-1122.31996570061,-2622.92397988768,-1872.3566919596,2775.91924704288,-149.022610723488,-3791.61255188984,-1122.31996570061,-2622.92397988768,-1872.3566919596,2775.91924704288,-149.022610723488,-3791.61255188984,0,0,0,-1122.31996570061,-2622.92397988768,-1872.3566919596,2775.91924704288,-149.022610723488,-3791.61255188984,5000,-0,-0,-0,0,1,NONE
3,A293,1,295,-1061.35395684506,-3390.18109115154,-2144.22934907679,3325.6147854483,-4782.55634713434,-4097.63570738216,-1061.35395684506,-3390.18109115154,-2144.22934907679,3325.6147854483,-4782.55634713434,-4097.63570738216,0,0,0,-1061.35395684506,-3390.18109115154,-2144.22934907679,3325.6147854483,-4782.55634713434,-4097.63570738216,5000,-0,-0,-0,0,1,NONE
3,A294,1,296,-1042.35387041865,-3835.56683670731,1322.40942771576,297.191363687103,-3081.76415771512,-3435.46825954447,-1042.35387041865,-3835.56683670731,1322.40942771576,297.191363687103,-3081.76415771512,-3435.46825954447,0,0,0,-1042.35387041865,-3835.56683670731,1322.40942771576,297.191363687103,-3081.76415771512,-3435.46825954447,5000,-0,-0,-0,0,1,NONE
3,A296,1,298,-1021.46911361414,4270.80141946141,-2415.39333624588,3776.25490871123,3333.24044315314,-3465.54743032255,-1021.46911361414,4270.80141946141,-2415.39333624588,3776.25490871123,3333.24044315314,-3465.54743032255,0,0,0,-1021.46911361414,4270.80141946141,-2415.39333624588,3776.25490871123,3333.24044315314,-3465.54743032255,5000,-0,-0,-0,0,1,NONE
3,A298,1,300,-1001.0229248571,-1870.25182089103,120.667151387046,3968.80440840674,-1600.3748282402,-356.80817402925,-1001.0229248571,-1870.25182089103,120.667151387046,3968.80440840674,-1600.3748282402,-356.80817402925,0,0,0,-1001.0229248571,-1870.25182089103,120.667151387046,3968.80440840674,-1600.3748282402,-356.80817402925,5000,-0,-0,-0,0,1,NONE
3,A299,1,301,-950.257296144078,1499.49936863303,2966.68000651468,2461.7418969606,-459.051505773072,-119.148890008285,-950.257296144078,1499.49936863303,2966.68000651468,2461.7418969606,-459.051505773072,-119.148890008285,0,0,0,-950.257296144078,1499.49936863303,2966.68000651468,2461.7418969606,-459.051505773072,-119.148890008285,5000,-0,-0,-0,0,1,NONE
3,A303,1,305,-924.116992474872,-1871.61122667849,-1439.10685171816,3252.41366437023,163.48285637705,408.860611616995,-924.116992474872,-1871.61122667849,-1439.10685171816,3252.41366437023,163.48285637705,408.860611616995,0,0,0,-924.116992474872,-1871.61122667849,-1439.10685171816,3252.41366437023,163.48285637705,408.860611616995,5000,-0,-0,-0,0,1,NONE
3,A305,1,307,-910.643496863629,-450.056741007482,-1105.08540016829,4080.52349906419,-697.387397598801,-940.526702218454,-910.643496863629,-450.056741007482,-1105.08540016829,4080.52349906419,-697.387397598801,-940.526702218454,0,0,0,-910.643496863629,-450.056741007482,-1105.08540016829,4080.52349906419,-697.387397598801,-940.526702218454,5000,-0,-0,-0,0,1,NONE
3,A306,1,308,-908.524734493589,3603.37968043794,1710.26256478597,3956.85337702761,3624.65202077418,2862.4966206388,-908.524734493589,3603.37968043794,1710.26256478597,3956.85337702761,3624.65202077418,2862.4966206388,0,0,0,-908.524734493589,3603.37968043794,1710.26256478597,3956.85337702761,3624.65202077418,2862.4966206388,5000,-0,-0,-0,0,1,NONE
3,A309,1,311,-816.786552340955,1153.60241984912,3248.23555409033,3846.87436003794,1929.17934483832,4875.73281300462,-816.786552340955,1153.60241984912,3248.23555409033,3846.87436003794,1929.17934483832,4875.73281300462,0,0,0,-816.786552340955,1153.60241984912,3248.23555409033,3846.87436003794,1929.17934483832,4875.73281300462,5000,-0,-0,-0,0,1,NONE
3,A312,1,314,-720.662959498911,1395.74107118604,-3368.76689505706,4131.43149099703,2501.62059165755,-3852.71929939884,-720.662959498911,1395.74107118604,-3368.76689505706,4131.43149099703,2501.62059165755,-3852.71929939884,0,0,0,-720.662959498911,1395.74107118604,-3368.76689505706,4131.43149099703,2501.62059165755,-3852.71929939884,5000,-0,-0,-0,0,1,NONE
3,A313,1,315,-704.26011590517,1397.35574361483,-2062.10024317056,4274.26865519084,1541.76761242385,-2501.86891817634,-704.26011590517,1397.35574361483,-2062.10024317056,4274.26865519084,1541.76761242385,-2501.86891817634,0,0,0,-704.26011590517,1397.35574361483,-2062.10024317056,4274.26865519084,1541.76761242385,-2501.86891817634,5000,-0,-0,-0,0,1,NONE
3,A316,1,318,-628.303131437458,3941.83493952219,-2970.13746682894,3448.15566079556,3483.4251532117,-111.406247731752,-628.303131437458,3941.83493952219,-2970.13746682894,3448.15566079556,3483.4251532117,-111.406247731752,0,0,0,-628.303131437458,3941.83493952219,-2970.13746682894,3448.15566079556,3483.4251532117,-111.406247731752,5000,-0,-0,-0,0,1,NONE
3,A318,1,320,-600.293524099337,2058.66606159803,544.869717003619,3535.89127867356,-549.669822608702,-498.470684049675,-600.293524099337,2058.66606159803,544.869717003619,3535.89127867356,-549.669822608702,-498.470684049675,0,0,0,-600.293524099337,2058.66606159803,544.869717003619,3535.89127867356,-549.669822608702,-498.470684049675,5000,-0,-0,-0,0,1,NONE
3,A319,1,321,-541.389696544848,-4477.10912074193,229.79011253271,4409.93296649692,-4134.97285589825,-376.301186470811,-541.389696544848,-4477.10912074193,229.79011253271,4409.93296649692,-4134.97285589825,-376.301186470811,0,0,0,-541.389696544848,-4477.10912074193,229.79011253271,4409.93296649692,-4134.97285589825,-376.301186470811,5000,-0,-0,-0,0,1,NONE
3,A320,1,322,-533.710007971979,-580.055111920089,-1355.23468988366,2552.91086491322,-2685.61035636179,1967.3258738493,-533.710007971979,-580.055111920089,-1355.23468988366,2552.91086491322,-2685.61035636179,1967.3258738493,0,0,0,-533.710007971979,-580.055111920089,-1355.23468988366,2552.91086491322,-2685.61035636179,1967.3258738493,5000,-0,-0,-0,0,1,NONE
3,A322,1,324,-503.316277716019,-2536.20202748796,434.485855444772,4367.71549417358,-3230.90696665853,-454.577991944181,-503.316277716019,-2536.20202748796,434.485855444772,4367.71549417358,-3230.90696665853,-454.577991944181,0,0,0,-503.316277716019,-2536.20202748796,434.485855444772,4367.71549417358,-3230.90696665853,-454.577991944181,5000,-0,-0,-0,0,1,NONE
3,A323,1,325,-465.372955518574,308.12634250627,-2814.46533546512,4220.95132692436,-730.463145720607,-1414.57369868376,-465.372955518574,308.12634250627,-2814.46533546512,4220.95132692436,-730.463145720607,-1414.57369868376,0,0,0,-465.372955518574,308.12634250627,-2814.46533546512,4220.95132692436,-730.463145720607,-1414.57369868376,5000,-0,-0,-0,0,1,NONE
3,A324,1,326,-436.455355049266,-1018.12076494026,319.488721381171,3381.58948285985,-2131.10870961898,-2710.98837813888,-436.455355049266,-1018.12076494026,319.488721381171,3381.58948285985,-2131.10870961898,-2710.98837813888,0,0,0,-436.455355049266,-1018.12076494026,319.488721381171,3381.58948285985,-2131.10870961898,-2710.98837813888,5000.00000000001,-0,-0,-0,0,1,NONE
3,A326,1,328,-418.74576243275,632.329806281322,-4816.96976636464,3867.1642306188,-1594.10859772961,-3523.15851096216,-418.74576243275,632.329806281322,-4816.96976636464,3867.1642306188,-1594.10859772961,-3523.15851096216,0,0,0,-418.74576243275,632.329806281322,-4816.96976636464,3867.1642306188,-1594.10859772961,-3523.15851096216,5000,-0,-0,-0,0,1,NONE
3,A327,1,329,-414.147359128009,-213.361934866363,-3902.442133719,4392.53058126761,734.006471408728,-4901.61192915214,-414.147359128009,-213.361934866363,-3902.442133719,4392.53058126761,734.006471408728,-4901.61192915214,0,0,0,-414.147359128009,-213.361934866363,-3902.442133719,4392.53058126761,734.006471408728,-4901.61192915214,5000,-0,-0,-0,0,1,NONE
3,A328,1,330,-403.88275820486,-1325.2405856818,-4191.238712224,631.091769525115,-1223.82665823466,699.420030958747,-403.88275820486,-1325.2405856818,-4191.238712224,631.091769525115,-1223.82665823466,699.420030958747,0,0,0,-403.88275820486,-1325.2405856818,-4191.238712224,631.091769525115,-1223.82665823466,699.420030958747,5000,-0,-0,-0,0,1,NONE
3,A329,1,331,-397.875958023511,2315.67886379874,-4449.70523441582,828.086612497854,2054.78407850822,390.640795228022,-397.875958023511,2315.67886379874,-4449.70523441582,828.086612497854,2054.78407850822,390.640795228022,0,0,0,-397.875958023511,2315.67886379874,-4449.70523441582,828.086612497854,2054.78407850822,390.640795228022,5000,-0,-0,-0,0,1,NONE
3,A331,1,333,-381.467276296109,172.279256578303,-1186.26355630822,3962.00297077972,-2303.12253986502,-1267.8243246482,-381.467276296109,172.279256578303,-1186.26355630822,3962.00297077972,-2303.12253986502,-1267.8243246482,0,0,0,-381.467276296109,172.279256578303,-1186.26355630822,3962.00297077972,-2303.12253986502,-1267.8243246482,5000,-0,-0,-0,0,1,NONE
3,A333,1,335,-368.865902150036,-3149.50771607562,-931.872482803781,3294.3013204958,-3316.50174300868,2467.14485959121,-368.865902150036,-3149.50771607562,-931.872482803781,3294.3013204958,-3316.50174300868,2467.14485959121,0,0,0,-368.865902150036,-3149.50771607562,-931.872482803781,3294.3013204958,-3316.50174300868,2467.14485959121,5000,-0,-0,-0,0,1,NONE
3,A336,1,338,-282.135790835826,-1268.68413518342,1519.21346714945,4085.23625867751,983.672379599244,595.659726728388,-282.135790835826,-1268.68413518342,1519.21346714945,4085.23625867751,983.672379599244,595.659726728388,0,0,0,-282.135790835826,-1268.68413518342,1519.21346714945,4085.23625867751,983.672379599244,595.659726728388,5000,-0,-0,-0,0,1,NONE
3,A337,1,339,-270.578233818549,261.710661713484,2529.95981221472,920.427495625266,-1402.39506345766,-2032.0855062674,-270.578233818549,261.710661713484,2529.95981221472,920.427495625266,-1402.39506345766,-2032.0855062674,0,0,0,-270.578233818549,261.710661713484,2529.95981221472,920.427495625266,-1402.39506345766,-2032.0855062674,5000,-0,-0,-0,0,1,NONE
3,A338,1,340,-203.022377696583,-4050.4016749952,4380.48543607846,4788.13732617284,-3885.56832088296,4133.19051934494,-203.022377696583,-4050.4016749952,4380.48543607846,4788.13732617284,-3885.56832088296,4133.19051934494,0,0,0,-203.022377696583,-4050.4016749952,4380.48543607846,4788.13732617284,-3885.56832088296,4133.19051934494,5000,-0,-0,-0,0,1,NONE
3,A339,1,341,-185.834471623048,-1015.99448022286,3503.63552234271,2622.38106001486,226.556192561225,-442.247566831559,-185.834471623048,-1015.99448022286,3503.63552234271,2622.38106001486,226.556192561225,-442.247566831559,0,0,0,-185.834471623048,-1015.99448022286,3503.63552234271,2622.38106001486,226.556192561225,-442.247566831559,5000,-0,-0,-0,0,1,NONE
3,A340,1,342,-155.293961348396,2767.08119774224,421.095504509658,4270.51116369474,4550.77926535305,-1072.44733007642,-155.293961348396,2767.08119774224,421.095504509658,4270.51116369474,4550.77926535305,-1072.44733007642,0,0,0,-155.293961348396,2767.08119774224,421.095504509658,4270.51116369474,4550.77926535305,-1072.44733007642,5000,-0,-0,-0,0,1,NONE
3,A341,1,343,-86.1455555047714,2126.88721944666,-4115.80358825911,878.232853230145,3262.75545695612,657.012942028117,-86.1455555047714,2126.88721944666,-4115.80358825911,878.232853230145,3262.75545695612,657.012942028117,0,0,0,-86.1455555047714,2126.88721944666,-4115.80358825911,878.232853230145,3262.75545695612,657.012942028117,4999.99999999999,-0,-0,-0,0,1,NONE
3,A343,1,345,-63.0604605725512,-2575.97595484392,2693.87582587505,4526.91315842301,-3415.55032132768,897.419018693707,-63.0604605725512,-2575.97595484392,2693.87582587505,4526.91315842301,-3415.55032132768,897.419018693707,0,0,0,-63.0604605725512,-2575.97595484392,2693.87582587505,4526.91315842301,-3415.55032132768,897.419018693707,5000,-0,-0,-0,0,1,NONE
3,A344,1,346,-38.4408876811713,-4330.4626423527,-3595.37063258734,4911.22760106878,-4967.03507292936,-3286.24704548102,-38.4408876811713,-4330.4626423527,-3595.37063258734,4911.22760106878,-4967.03507292936,-3286.24704548102,0,0,0,-38.4408876811713,-4330.4626423527,-3595.37063258734,4911.22760106878,-4967.03507292936,-3286.24704548102,5000,-0,-0,-0,0,1,NONE
3,A347,1,349,92.0145236920653,2387.73542071801,1936.39342771548,3128.88296811596,-405.599433226992,4760.34640979547,92.0145236920653,2387.73542071801,1936.39342771548,3128.88296811596,-405.599433226992,4760.34640979547,0,0,0,92.0145236920653,2387.73542071801,1936.39342771548,3128.88296811596,-405.599433226992,4760.34640979547,5000,-0,-0,-0,0,1,NONE
3,A348,1,350,106.998054848587,-132.056937913214,-3311.95882972781,1456.99076751935,1058.32567570105,1352.85723405656,106.998054848587,-132.056937913214,-3311.95882972781,1456.99076751935,1058.32567570105,1352.85723405656,0,0,0,106.998054848587,-132.056937913214,-3311.95882972781,1456.99076751935,1058.32567570105,1352.85723405656,5000,-0,-0,-0,0,1,NONE
3,A353,1,355,254.41793273461,-4059.37458782871,2455.57122246777,1528.4648257635,769.288514533416,2208.95987185719,254.41793273461,-4059.37458782871,2455.57122246777,1528.4648257635,769.288514533416,2208.95987185719,0,0,0,254.41793273461,-4059.37458782871,2455.57122246777,1528.4648257635,769.288514533416,2208.95987185719,5000,-0,-0,-0,0,1,NONE
3,A357,1,359,383.107705224529,-3933.65443276843,3435.6812403306,3773.68094695761,-310.867463698459,2819.70423655496,383.107705224529,-3933.65443276843,3435.6812403306,3773.68094695761,-310.867463698459,2819.70423655496,0,0,0,383.107705224529,-3933.65443276843,3435.6812403306,3773.68094695761,-310.867463698459,2819.70423655496,5000,-0,-0,-0,0,1,NONE
3,A358,1,360,406.992942192289,-3542.14741296542,4705.67555745157,3186.65675752132,-1440.87990592643,1119.85013816348,406.992942192289,-3542.14741296542,4705.67555745157,3186.65675752132,-1440.87990592643,1119.85013816348,0,0,0,406.992942192289,-3542.14741296542,4705.67555745157,3186.65675752132,-1440.87990592643,1119.85013816348,5000,-0,-0,-0,0,1,NONE
3,A364,1,366,494.068620001137,942.193442097078,2484.59737919321,3857.25553069977,4186.36553741314,705.743472972127,494.068620001137,942.193442097078,2484.59737919321,3857.25553069977,4186.36553741314,705.743472972127,0,0,0,494.068620001137,942.193442097078,2484.59737919321,3857.25553069977,4186.36553741314,705.743472972127,5000,-0,-0,-0,0,1,NONE
3,A370,1,372,565.209734297242,633.01202140712,3085.50967980725,3522.52757176336,970.653529289325,-931.985736538582,565.209734297242,633.01202140712,3085.50967980725,3522.52757176336,970.653529289325,-931.985736538582,0,0,0,565.209734297242,633.01202140712,3085.50967980725,3522.52757176336,970.653529289325,-931.985736538582,5000,-0,-0,-0,0,1,NONE
3,A372,1,374,622.398518405673,2145.01866127435,2978.00711759627,1861.07804864094,1944.07693344368,-1861.96141984202,622.398518405673,2145.01866127435,2978.00711759627,1861.07804864094,1944.07693344368,-1861.96141984202,0,0,0,622.398518405673,2145.01866127435,2978.00711759627,1861.07804864094,1944.07693344368,-1861.96141984202,5000,-0,-0,-0,0,1,NONE
3,A373,1,375,668.604709862218,-1843.80610746591,1098.49883344741,3594.72932523208,-130.067116783526,-2575.85735602872,668.604709862218,-1843.80610746591,1098.49883344741,3594.72932523208,-130.067116783526,-2575.85735602872,0,0,0,668.604709862218,-1843.80610746591,1098.49883344741,3594.72932523208,-130.067116783526,-2575.85735602872,5000,-0,-0,-0,0,1,NONE
3,A377,1,379,795.178926303391,-2265.60079922479,-2290.95730866955,4375.56717019288,665.520410398012,-4185.51490281054,795.178926303391,-2265.60079922479,-2290.95730866955,4375.56717019288,665.520410398012,-4185.51490281054,0,0,0,795.178926303391,-2265.60079922479,-2290.95730866955,4375.56717019288,665.520410398012,-4185.51490281054,5000,-0,-0,-0,0,1,NONE
3,A379,1,381,865.062607610237,4615.61376860144,1397.25611195393,3959.30677832254,2720.58144630926,4837.38772418635,865.062607610237,4615.61376860144,1397.25611195393,3959.30677832254,2720.58144630926,4837.38772418635,0,0,0,865.062607610237,4615.61376860144,1397.25611195393,3959.30677832254,2720.58144630926,4837.38772418635,5000,-0,-0,-0,0,1,NONE
3,A380,1,382,944.769247035697,3429.39133366972,-1769.06720844637,3992.39449337547,-471.284012373614,-1064.28908545856,944.769247035697,3429.39133366972,-1769.06720844637,3992.39449337547,-471.284012373614,-1064.28908545856,0,0,0,944.769247035697,3429.39133366972,-1769.06720844637,3992.39449337547,-471.284012373614,-1064.28908545856,5000.00000000001,-0,-0,-0,0,1,NONE
3,A384,1,386,1002.39598117343,-4014.10029880713,1094.16799460625,3499.80247603267,-619.434814750036,3784.74545135904,1002.39598117343,-4014.10029880713,1094.16799460625,3499.80247603267,-619.434814750036,3784.74545135904,0,0,0,1002.39598117343,-4014.10029880713,1094.16799460625,3499.80247603267,-619.434814750036,3784.74545135904,5000,-0,-0,-0,0,1,NONE
3,A385,1,387,1005.10802619205,196.204502359582,-1972.62336370054,3062.99599368352,-1826.00529473745,2110.97365973096,1005.10802619205,196.204502359582,-1972.62336370054,3062.99599368352,-1826.00529473745,2110.97365973096,0,0,0,1005.10802619205,196.204502359582,-1972.62336370054,3062.99599368352,-1826.00529473745,2110.97365973096,5000,-0,-0,-0,0,1,NONE
3,A387,1,389,1023.47987152438,-4386.14471858764,3623.31623564462,2842.29276522477,-3797.61979296937,-996.809094867012,1023.47987152438,-4386.14471858764,3623.31623564462,2842.29276522477,-3797.61979296937,-996.809094867012,0,0,0,1023.47987152438,-4386.14471858764,3623.31623564462,2842.29276522477,-3797.61979296937,-996.809094867012,5000,-0,-0,-0,0,1,NONE
3,A394,1,396,1264.70298217998,-1415.80394084898,4551.81403118693,3397.58477766525,3061.02806532083,3912.4468166528,1264.70298217998,-1415.80394084898,4551.81403118693,3397.58477766525,3061.02806532083,3912.4468166528,0,0,0,1264.70298217998,-1415.80394084898,4551.81403118693,3397.58477766525,3061.02806532083,3912.4468166528,5000,-0,-0,-0,0,1,NONE
3,A397,1,399,1292.77038055592,2549.40480193222,-3104.88593942965,2666.86445734986,1273.81108064308,1530.27599154186,1292.77038055592,2549.40480193222,-3104.88593942965,2666.86445734986,1273.81108064308,1530.27599154186,0,0,0,1292.77038055592,2549.40480193222,-3104.88593942965,2666.86445734986,1273.81108064308,1530.27599154186,5000,-0,-0,-0,0,1,NONE
3,A404,1,406,1458.74307874793,-3341.53860868994,-785.100297677509,4570.36314986726,-2238.73326115861,2970.11486239836,1458.74307874793,-3341.53860868994,-785.100297677509,4570.36314986726,-2238.73326115861,2970.11486239836,0,0,0,1458.74307874793,-3341.53860868994,-785.100297677509,4570.36314986726,-2238.73326115861,2970.11486239836,5000,-0,-0,-0,0,1,NONE
3,A405,1,407,1458.90090187067,4790.72702281352,1077.24372965009,4937.82698629505,2307.04390686284,3671.15804563146,1458.90090187067,4790.72702281352,1077.24372965009,4937.82698629505,2307.04390686284,3671.15804563146,0,0,0,1458.90090187067,4790.72702281352,1077.24372965009,4937.82698629505,2307.04390686284,3671.15804563146,4999.99999999999,-0,-0,-0,0,1,NONE
3,A409,1,411,1540.90076270817,-4926.41172089898,-254.469495786169,4418.33125602811,-4548.88207826306,-4326.06195145309,1540.90076270817,-4926.41172089898,-254.469495786169,4418.33125602811,-4548.88207826306,-4326.06195145309,0,0,0,1540.90076270817,-4926.41172089898,-254.469495786169,4418.33125602811,-4548.88207826306,-4326.06195145309,5000,-0,-0,-0,0,1,NONE
3,A430,1,432,1906.75071034775,2762.6565602304,-704.023328117305,3839.79242642769,347.126966157744,3223.89806927011,1906.75071034775,2762.6565602304,-704.023328117305,3839.79242642769,347.126966157744,3223.89806927011,0,0,0,1906.75071034775,2762.6565602304,-704.023328117305,3839.79242642769,347.126966157744,3223.89806927011,5000,-0,-0,-0,0,1,NONE
3,A437,1,439,2185.9855598441,1984.51628984381,781.369893030972,2651.80374283138,-684.01134952795,4983.98499059908,2185.9855598441,1984.51628984381,781.369893030972,2651.80374283138,-684.01134952795,4983.98499059908,0,0,0,2185.9855598441,1984.51628984381,781.369893030972,2651.80374283138,-684.01134952795,4983.98499059908,5000,-0,-0,-0,0,1,NONE
3,A446,1,448,2349.51422773966,-4782.75116116942,-981.078798114355,3998.01639248422,-273.129505281531,-2375.98135154935,2349.51422773966,-4782.75116116942,-981.078798114355,3998.01639248422,-273.129505281531,-2375.98135154935,0,0,0,2349.51422773966,-4782.75116116942,-981.078798114355,3998.01639248422,-273.129505281531,-2375.98135154935,5000,-0,-0,-0,0,1,NONE
3,A453,1,455,2528.21606695881,1586.81745681389,2610.70769417941,4792.02545696911,1625.81941817716,-1847.27905913323,2528.21606695881,1586.81745681389,2610.70769417941,4792.02545696911,1625.81941817716,-1847.27905913323,0,0,0,2528.21606695881,1586.81745681389,2610.70769417941,4792.02545696911,1625.81941817716,-1847.27905913323,5000,-0,-0,-0,0,1,NONE
3,A460,1,462,2667.11551655743,-4578.02059768206,4020.77382847998,4636.58461882365,-451.557482808567,1997.53543006836,2667.11551655743,-4578.02059768206,4020.77382847998,4636.58461882365,-451.557482808567,1997.53543006836,0,0,0,2667.11551655743,-4578.02059768206,4020.77382847998,4636.58461882365,-451.557482808567,1997.53543006836,5000,-0,-0,-0,0,1,NONE
3,A468,1,470,2791.90602670714,2133.65164203677,1194.55740686684,3693.01715076149,892.951182923789,-3564.50354177233,2791.90602670714,2133.65164203677,1194.55740686684,3693.01715076149,892.951182923789,-3564.50354177233,0,0,0,2791.90602670714,2133.65164203677,1194.55740686684,3693.01715076149,892.951182923789,-3564.50354177233,5000,-0,-0,-0,0,1,NONE
3,A484,1,486,3396.69722447229,2466.46467800159,3432.60710269445,3582.15960574464,-547.671098362899,-552.438596764017,3396.69722447229,2466.46467800159,3432.60710269445,3582.15960574464,-547.671098362899,-552.438596764017,0,0,0,3396.69722447229,2466.46467800159,3432.60710269445,3582.15960574464,-547.671098362899,-552.438596764017,5000,-0,-0,-0,0,1,NONE
3,A487,1,489,3465.18583464852,2343.86674548717,4333.74941344652,3771.44232067619,1502.87741477568,-585.492795511629,3465.18583464852,2343.86674548717,4333.74941344652,3771.44232067619,1502.87741477568,-585.492795511629,0,0,0,3465.18583464852,2343.86674548717,4333.74941344652,3771.44232067619,1502.87741477568,-585.492795511629,5000,-0,-0,-0,0,1,NONE
